transactionId,fileHeaderDate,accountNumber,transactionCode,batchLocation,batchNumber,updateDate,relatedFile,actionNarration,relatedFile2,doNotReport,explanation,minorAsset,owningPort,posterInitials,transactionAmount,cashEffect,cashPaid,brokerNumber,oldBalance,newBalance
TXN000001,20250817,ACC887308,10,MUM,451267,20250819,48899988.96,POST,N,N,AUTO-GEN,99,55614,RS,-3970.85,33852.8,0,45139,2000000.0,1996029.15
TXN000002,20250329,ACC766382,78,MUM,454036,20250401,43266983.03,ADJ,N,Y,AUTO-GEN,62,55005,RS,-175.3,33484.6,0,45655,1996029.15,1995853.8499999999
TXN000003,20250422,ACC589408,78,MUM,456398,20250427,46972750.28,POST,Y,Y,AUTO-GEN,92,55398,RS,-1148.87,28069.0,0,45809,1995853.8499999999,1994704.9799999997
TXN000004,20250910,ACC728921,10,MUM,451569,20250913,48346823.34,ADJ,N,N,AUTO-GEN,46,55711,RM,-1322.55,20275.7,0,45248,1994704.9799999997,1993382.4299999997
TXN000005,20251102,ACC702244,13,HYD,455864,20251104,42972783.46,POST,N,Y,AUTO-GEN,73,55487,RM,-1230.98,21058.1,0,45345,1993382.4299999997,1992151.4499999997
TXN000006,20250502,ACC157905,78,DEL,458941,20250507,47538794.17,POST,Y,Y,AUTO-GEN,71,55507,RS,2726.7,34961.2,0,45808,1992151.4499999997,1994878.1499999997
TXN000007,20250916,ACC775874,20,CHE,450591,20250920,43256169.64,POST,N,Y,AUTO-GEN,93,55646,RM,1656.16,20957.8,1,45935,1994878.1499999997,1996534.3099999996
TXN000008,20260130,ACC914767,13,DEL,459948,20260204,46280081.43,POST,Y,N,AUTO-GEN,69,55704,RM,1859.26,38040.6,0,45699,1996534.3099999996,1998393.5699999996
TXN000009,20260219,ACC934389,20,HYD,451388,20260223,42548213.39,ADJ,Y,N,AUTO-GEN,22,55229,RM,-708.06,36433.8,0,45482,1998393.5699999996,1997685.5099999995
TXN000010,20250620,ACC847653,19,CHE,455399,20250625,48520777.72,POST,N,N,AUTO-GEN,70,55111,RS,4795.02,21715.7,0,45570,1997685.5099999995,2002480.5299999996
TXN000011,20250916,ACC352195,20,HYD,458924,20250916,49231459.84,POST,Y,Y,AUTO-GEN,72,55531,RM,-3175.83,35563.1,0,45715,2002480.5299999996,1999304.6999999995
TXN000012,20250331,ACC216345,20,DEL,453562,20250403,47816620.83,ADJ,Y,Y,AUTO-GEN,27,55154,RM,753.41,13795.1,1,45233,1999304.6999999995,2000058.1099999994
TXN000013,20250901,ACC366202,10,DEL,454327,20250905,49090211.75,POST,N,Y,AUTO-GEN,17,55104,RS,1141.07,22419.6,1,45711,2000058.1099999994,2001199.1799999995
TXN000014,20250614,ACC364429,49,PUN,457900,20250617,46503538.51,ADJ,Y,Y,AUTO-GEN,46,55684,RS,-3881.81,10249.4,0,45082,2001199.1799999995,1997317.3699999994
TXN000015,20251028,ACC579267,19,DEL,455795,20251102,46788380.56,ADJ,N,N,AUTO-GEN,56,55097,RS,2633.31,2087.7,0,45743,1997317.3699999994,1999950.6799999995
TXN000016,20250331,ACC458748,78,PUN,454560,20250403,48098450.12,POST,N,Y,AUTO-GEN,22,55279,RS,4666.32,20402.5,0,45665,1999950.6799999995,2004616.9999999995
TXN000017,20250613,ACC457969,78,DEL,453566,20250614,42629236.56,POST,Y,Y,AUTO-GEN,41,55305,RS,-3036.04,33381.0,0,45120,2004616.9999999995,2001580.9599999995
TXN000018,20250718,ACC406709,10,MUM,457578,20250723,47842616.12,POST,Y,Y,AUTO-GEN,52,55481,RM,-2998.16,39178.3,0,45001,2001580.9599999995,1998582.7999999996
TXN000019,20251112,ACC709854,49,CHE,456932,20251114,48216272.71,POST,Y,N,AUTO-GEN,20,55516,RS,-1849.85,35322.1,1,45641,1998582.7999999996,1996732.9499999995
TXN000020,20250501,ACC797363,20,MUM,452769,20250503,47646353.75,ADJ,N,Y,AUTO-GEN,93,55752,RM,4974.7,15740.6,0,45637,1996732.9499999995,2001707.6499999994
TXN000021,20260201,ACC222781,49,CHE,455325,20260201,46838927.42,ADJ,N,N,AUTO-GEN,88,55937,RM,-4057.2,23582.8,0,45887,2001707.6499999994,1997650.4499999995
TXN000022,20260312,ACC586936,10,MUM,452848,20260313,41000042.75,ADJ,Y,N,AUTO-GEN,47,55890,RS,2360.9,31083.6,0,45892,1997650.4499999995,2000011.3499999994
TXN000023,20250926,ACC278163,49,MUM,453646,20250930,48358425.03,POST,Y,Y,AUTO-GEN,57,55735,RM,3619.04,24722.1,1,45705,2000011.3499999994,2003630.3899999994
TXN000024,20260202,ACC868357,78,DEL,453672,20260205,41366688.95,POST,Y,N,AUTO-GEN,50,55921,RM,2394.08,7760.6,0,45250,2003630.3899999994,2006024.4699999995
TXN000025,20250528,ACC209092,10,MUM,458801,20250602,48081910.41,ADJ,Y,Y,AUTO-GEN,68,55009,RS,4191.28,25281.3,0,45083,2006024.4699999995,2010215.7499999995
TXN000026,20250421,ACC371298,13,PUN,451709,20250422,49378372.45,ADJ,N,N,AUTO-GEN,15,55702,RS,2872.67,18568.6,0,45705,2010215.7499999995,2013088.4199999995
TXN000027,20250629,ACC748659,13,HYD,457703,20250704,41548244.57,ADJ,N,Y,AUTO-GEN,37,55298,RM,692.14,15384.9,0,45093,2013088.4199999995,2013780.5599999994
TXN000028,20250722,ACC826216,20,CHE,459476,20250725,48904831.47,ADJ,Y,Y,AUTO-GEN,65,55530,RM,186.75,28040.2,0,45144,2013780.5599999994,2013967.3099999994
TXN000029,20251031,ACC700617,19,DEL,450255,20251105,48831484.9,ADJ,Y,Y,AUTO-GEN,95,55324,RS,3615.79,3161.9,0,45002,2013967.3099999994,2017583.0999999994
TXN000030,20251105,ACC877800,78,MUM,456851,20251106,42135364.28,POST,N,N,AUTO-GEN,91,55545,RM,-1970.82,11750.3,0,45154,2017583.0999999994,2015612.2799999993
TXN000031,20250628,ACC634730,10,CHE,459256,20250630,41650035.06,POST,N,Y,AUTO-GEN,69,55427,RM,3895.34,36893.5,1,45914,2015612.2799999993,2019507.6199999994
TXN000032,20260228,ACC138160,10,PUN,458838,20260303,41388845.84,POST,N,N,AUTO-GEN,79,55279,RM,2822.51,24265.7,0,45400,2019507.6199999994,2022330.1299999994
TXN000033,20250712,ACC430701,49,CHE,451411,20250717,44776400.17,ADJ,Y,N,AUTO-GEN,77,55396,RS,-4656.71,17511.7,0,45132,2022330.1299999994,2017673.4199999995
TXN000034,20251102,ACC215278,49,DEL,450665,20251102,42196959.36,ADJ,N,N,AUTO-GEN,66,55100,RM,1555.28,7864.6,0,45428,2017673.4199999995,2019228.6999999995
TXN000035,20260307,ACC720668,13,CHE,452098,20260311,49300132.04,POST,N,N,AUTO-GEN,36,55132,RM,-1578.89,1718.1,1,45336,2019228.6999999995,2017649.8099999996
TXN000036,20251228,ACC780703,10,MUM,453800,20260101,40672211.62,ADJ,N,Y,AUTO-GEN,76,55887,RS,4088.96,5975.3,0,45777,2017649.8099999996,2021738.7699999996
TXN000037,20260119,ACC458012,19,DEL,452046,20260119,45938133.43,POST,Y,Y,AUTO-GEN,59,55025,RM,-4798.15,5887.2,0,45472,2021738.7699999996,2016940.6199999996
TXN000038,20251230,ACC372277,19,HYD,454195,20251231,44893644.87,POST,Y,N,AUTO-GEN,77,55290,RS,3862.08,18192.1,0,45230,2016940.6199999996,2020802.6999999997
TXN000039,20250519,ACC382514,49,DEL,457626,20250520,42707732.33,POST,Y,Y,AUTO-GEN,22,55047,RS,-2016.67,30145.8,0,45899,2020802.6999999997,2018786.0299999998
TXN000040,20260305,ACC385407,10,DEL,450220,20260310,43933197.71,POST,N,Y,AUTO-GEN,81,55436,RM,1765.38,26053.0,0,45570,2018786.0299999998,2020551.4099999997
TXN000041,20250904,ACC717992,49,CHE,452278,20250909,47874193.07,POST,N,Y,AUTO-GEN,31,55923,RM,71.29,1935.2,0,45967,2020551.4099999997,2020622.6999999997
TXN000042,20250901,ACC200851,78,DEL,453583,20250902,48327105.27,ADJ,N,Y,AUTO-GEN,43,55264,RM,-4997.43,12500.4,0,45798,2020622.6999999997,2015625.2699999998
TXN000043,20260211,ACC310628,10,HYD,456739,20260215,40135677.43,POST,Y,N,AUTO-GEN,50,55875,RS,2758.95,15317.0,1,45801,2015625.2699999998,2018384.2199999997
TXN000044,20251021,ACC950444,13,PUN,454565,20251024,48808805.45,POST,Y,N,AUTO-GEN,72,55694,RM,-3887.28,1001.5,0,45486,2018384.2199999997,2014496.9399999997
TXN000045,20250622,ACC306973,19,MUM,458977,20250625,47546186.11,ADJ,Y,Y,AUTO-GEN,47,55495,RM,-121.17,14163.6,0,45155,2014496.9399999997,2014375.7699999998
TXN000046,20260218,ACC223918,10,MUM,459180,20260219,44249802.62,POST,Y,Y,AUTO-GEN,87,55498,RM,4256.93,29936.2,0,45560,2014375.7699999998,2018632.6999999997
TXN000047,20250530,ACC392897,10,PUN,457892,20250602,48311650.8,ADJ,Y,Y,AUTO-GEN,18,55467,RM,-4886.68,19967.8,0,45984,2018632.6999999997,2013746.0199999998
TXN000048,20251124,ACC529040,13,DEL,450550,20251124,40324890.04,POST,Y,N,AUTO-GEN,70,55272,RS,-1.91,2735.0,1,45460,2013746.0199999998,2013744.1099999999
TXN000049,20250415,ACC691802,49,CHE,458126,20250417,40321390.79,POST,N,Y,AUTO-GEN,56,55553,RS,799.67,36245.8,1,45447,2013744.1099999999,2014543.7799999998
TXN000050,20250816,ACC519841,49,CHE,455866,20250821,46739689.14,ADJ,Y,Y,AUTO-GEN,82,55689,RS,-1502.34,29183.6,0,45596,2014543.7799999998,2013041.4399999997
TXN000051,20250331,ACC365123,49,MUM,456949,20250331,41944240.71,POST,Y,N,AUTO-GEN,33,55357,RS,-1633.01,3187.8,0,45523,2013041.4399999997,2011408.4299999997
TXN000052,20250810,ACC949880,13,PUN,455550,20250815,49566501.27,POST,Y,Y,AUTO-GEN,69,55872,RS,-2192.77,10455.2,0,45644,2011408.4299999997,2009215.6599999997
TXN000053,20260227,ACC607299,13,PUN,451782,20260228,43898733.76,ADJ,N,Y,AUTO-GEN,92,55439,RM,-2715.77,6873.9,0,45715,2009215.6599999997,2006499.8899999997
TXN000054,20251103,ACC628452,19,HYD,458308,20251105,42634611.86,ADJ,Y,N,AUTO-GEN,78,55585,RS,3022.18,18730.8,0,45664,2006499.8899999997,2009522.0699999996
TXN000055,20251012,ACC745746,20,PUN,455473,20251017,46879137.49,ADJ,Y,N,AUTO-GEN,76,55548,RS,263.16,15255.4,0,45869,2009522.0699999996,2009785.2299999995
TXN000056,20251223,ACC559017,10,DEL,452235,20251225,47824677.7,POST,N,N,AUTO-GEN,92,55877,RM,-1703.03,12888.8,0,45829,2009785.2299999995,2008082.1999999995
TXN000057,20250409,ACC529011,13,CHE,455635,20250413,40792877.19,POST,Y,N,AUTO-GEN,58,55950,RM,-433.8,18697.6,0,45374,2008082.1999999995,2007648.3999999994
TXN000058,20250703,ACC171410,10,CHE,458661,20250705,48945381.43,POST,N,N,AUTO-GEN,89,55450,RS,1037.58,21094.8,0,45295,2007648.3999999994,2008685.9799999995
TXN000059,20260306,ACC910451,10,DEL,458954,20260307,49396820.97,POST,Y,N,AUTO-GEN,87,55284,RS,1056.69,19976.7,0,45442,2008685.9799999995,2009742.6699999995
TXN000060,20250511,ACC248072,10,HYD,458470,20250511,49440852.74,POST,N,N,AUTO-GEN,77,55830,RS,156.11,38937.4,0,45699,2009742.6699999995,2009898.7799999996
TXN000061,20250920,ACC608817,10,CHE,455910,20250921,41569715.35,POST,Y,N,AUTO-GEN,23,55051,RS,2628.81,35545.5,0,45206,2009898.7799999996,2012527.5899999996
TXN000062,20251226,ACC877871,13,HYD,456935,20251227,49611104.38,ADJ,Y,N,AUTO-GEN,12,55974,RM,667.5,35585.7,0,45681,2012527.5899999996,2013195.0899999996
TXN000063,20260315,ACC473055,78,DEL,452489,20260316,46144995.64,ADJ,Y,N,AUTO-GEN,69,55663,RM,4502.92,29830.2,0,45877,2013195.0899999996,2017698.0099999995
TXN000064,20260214,ACC466276,13,HYD,458973,20260216,48726869.01,POST,Y,Y,AUTO-GEN,53,55524,RS,-1478.97,6702.7,0,45328,2017698.0099999995,2016219.0399999996
TXN000065,20250417,ACC657444,13,DEL,459531,20250420,47157820.12,ADJ,N,N,AUTO-GEN,26,55597,RS,-549.49,8402.7,0,45703,2016219.0399999996,2015669.5499999996
TXN000066,20251012,ACC847666,13,MUM,458237,20251016,40684560.34,POST,N,N,AUTO-GEN,55,55167,RM,-3136.96,18670.8,1,45489,2015669.5499999996,2012532.5899999996
TXN000067,20250903,ACC413757,49,MUM,457578,20250903,45618570.47,ADJ,N,Y,AUTO-GEN,83,55835,RM,1617.8,25998.9,0,45925,2012532.5899999996,2014150.3899999997
TXN000068,20251018,ACC789223,10,MUM,454477,20251020,41703786.27,POST,Y,Y,AUTO-GEN,62,55827,RM,-863.46,6858.9,0,45744,2014150.3899999997,2013286.9299999997
TXN000069,20250331,ACC591590,19,CHE,457167,20250404,46199513.25,POST,Y,N,AUTO-GEN,14,55169,RS,-3472.73,15507.7,1,45491,2013286.9299999997,2009814.1999999997
TXN000070,20251111,ACC721011,10,CHE,454286,20251112,47708213.43,POST,Y,Y,AUTO-GEN,25,55527,RM,4786.65,13456.3,0,45949,2009814.1999999997,2014600.8499999996
TXN000071,20260117,ACC576940,49,CHE,453281,20260121,46061813.84,POST,N,N,AUTO-GEN,86,55810,RS,2308.83,8113.4,1,45334,2014600.8499999996,2016909.6799999997
TXN000072,20251124,ACC518930,49,HYD,450230,20251124,46012541.79,ADJ,N,N,AUTO-GEN,36,55019,RS,-1287.39,28351.8,0,45085,2016909.6799999997,2015622.2899999998
TXN000073,20260125,ACC404317,49,PUN,455769,20260127,48952840.81,POST,Y,Y,AUTO-GEN,97,55290,RS,-4727.09,19155.5,0,45863,2015622.2899999998,2010895.1999999997
TXN000074,20260324,ACC545563,13,HYD,452813,20260325,44533892.1,ADJ,N,N,AUTO-GEN,79,55838,RM,-4820.88,38002.2,0,45359,2010895.1999999997,2006074.3199999998
TXN000075,20250814,ACC941855,10,HYD,459058,20250819,43530275.85,POST,N,Y,AUTO-GEN,92,55249,RS,-3398.35,3177.4,0,45640,2006074.3199999998,2002675.9699999997
TXN000076,20251123,ACC478034,78,DEL,458543,20251124,47322571.36,ADJ,N,N,AUTO-GEN,38,55681,RS,4864.78,18512.1,1,45646,2002675.9699999997,2007540.7499999998
TXN000077,20250627,ACC815241,78,PUN,455068,20250702,42150723.46,ADJ,Y,N,AUTO-GEN,51,55672,RS,2553.16,23934.3,0,45673,2007540.7499999998,2010093.9099999997
TXN000078,20260222,ACC483852,20,HYD,453673,20260223,44895761.61,ADJ,N,Y,AUTO-GEN,48,55059,RS,2658.38,5193.6,0,45826,2010093.9099999997,2012752.2899999996
TXN000079,20251022,ACC561770,10,HYD,451474,20251024,49224041.26,POST,Y,N,AUTO-GEN,55,55454,RS,3939.22,9406.4,0,45723,2012752.2899999996,2016691.5099999995
TXN000080,20250712,ACC737308,20,MUM,459547,20250712,48394450.12,ADJ,Y,N,AUTO-GEN,100,55216,RM,108.14,19177.5,0,45496,2016691.5099999995,2016799.6499999994
TXN000081,20260324,ACC387681,78,CHE,458933,20260325,41802725.42,ADJ,N,N,AUTO-GEN,70,55500,RM,4189.83,1165.2,0,45034,2016799.6499999994,2020989.4799999995
TXN000082,20250704,ACC632110,78,CHE,454190,20250706,43246992.61,POST,Y,N,AUTO-GEN,71,55692,RM,3874.95,26454.7,1,45277,2020989.4799999995,2024864.4299999995
TXN000083,20260303,ACC929363,49,CHE,450911,20260303,40207693.58,POST,N,Y,AUTO-GEN,42,55952,RS,864.88,39482.7,0,45510,2024864.4299999995,2025729.3099999994
TXN000084,20250919,ACC752180,78,DEL,455157,20250923,47406560.93,POST,N,Y,AUTO-GEN,88,55814,RS,-2992.31,24481.3,1,45202,2025729.3099999994,2022736.9999999993
TXN000085,20260124,ACC283469,49,DEL,455158,20260128,47429280.44,ADJ,Y,N,AUTO-GEN,26,55315,RM,3594.95,21401.3,0,45483,2022736.9999999993,2026331.9499999993
TXN000086,20250510,ACC191793,49,HYD,458606,20250515,40651745.43,ADJ,N,N,AUTO-GEN,63,55617,RM,1912.3,34152.6,0,45345,2026331.9499999993,2028244.2499999993
TXN000087,20250720,ACC828102,20,HYD,453666,20250723,45004994.37,ADJ,N,N,AUTO-GEN,11,55208,RS,2842.51,37894.9,1,45301,2028244.2499999993,2031086.7599999993
TXN000088,20260115,ACC181533,13,DEL,453165,20260115,46627792.62,POST,N,Y,AUTO-GEN,35,55466,RS,2198.43,28352.1,0,45718,2031086.7599999993,2033285.1899999992
TXN000089,20260214,ACC992797,49,CHE,459963,20260215,48556247.98,POST,N,Y,AUTO-GEN,41,55460,RM,-2546.5,37474.5,0,45816,2033285.1899999992,2030738.6899999992
TXN000090,20251115,ACC811839,10,CHE,456030,20251116,46865483.85,POST,Y,Y,AUTO-GEN,17,55036,RM,1686.75,8530.2,0,45843,2030738.6899999992,2032425.4399999992
TXN000091,20250804,ACC458188,20,DEL,454223,20250807,44068078.82,POST,N,Y,AUTO-GEN,36,55303,RM,536.91,26204.1,0,45597,2032425.4399999992,2032962.3499999992
TXN000092,20250920,ACC800362,10,MUM,457593,20250924,47733515.22,POST,N,N,AUTO-GEN,15,55641,RM,-2385.41,1426.2,0,45812,2032962.3499999992,2030576.9399999992
TXN000093,20260104,ACC603832,78,HYD,459051,20260107,47356108.25,ADJ,Y,N,AUTO-GEN,44,55315,RS,4561.07,39578.3,0,45874,2030576.9399999992,2035138.0099999993
TXN000094,20251021,ACC628512,49,CHE,453585,20251023,42814346.61,POST,N,N,AUTO-GEN,36,55783,RM,-3042.47,34935.1,0,45161,2035138.0099999993,2032095.5399999993
TXN000095,20250912,ACC171724,78,MUM,458723,20250914,48733257.97,ADJ,Y,Y,AUTO-GEN,22,55412,RS,1943.1,13784.5,0,45022,2032095.5399999993,2034038.6399999994
TXN000096,20251127,ACC204348,10,DEL,454930,20251201,41839494.61,ADJ,Y,Y,AUTO-GEN,93,55707,RS,3760.5,20559.7,0,45259,2034038.6399999994,2037799.1399999994
TXN000097,20250428,ACC516154,78,PUN,452748,20250428,49577585.3,POST,N,Y,AUTO-GEN,87,55395,RM,2383.16,30597.6,0,45786,2037799.1399999994,2040182.2999999993
TXN000098,20251110,ACC365697,13,MUM,451026,20251115,40228218.24,ADJ,N,N,AUTO-GEN,93,55670,RM,4391.56,17178.8,0,45257,2040182.2999999993,2044573.8599999994
TXN000099,20250622,ACC169529,20,HYD,459908,20250624,43279548.43,POST,N,Y,AUTO-GEN,17,55206,RS,1419.22,32591.3,0,45941,2044573.8599999994,2045993.0799999994
TXN000100,20250720,ACC833705,78,PUN,458193,20250725,46709897.54,ADJ,N,Y,AUTO-GEN,57,55081,RM,4772.11,39017.9,0,45682,2045993.0799999994,2050765.1899999995
TXN000101,20251115,ACC319763,13,DEL,451856,20251116,48711619.17,ADJ,N,N,AUTO-GEN,66,55950,RS,155.88,26076.9,0,45210,2050765.1899999995,2050921.0699999994
TXN000102,20250704,ACC284517,10,DEL,452321,20250707,49322356.16,ADJ,Y,Y,AUTO-GEN,86,55619,RM,2538.42,34839.2,0,45619,2050921.0699999994,2053459.4899999993
TXN000103,20251031,ACC995362,13,HYD,455652,20251031,48205159.63,ADJ,Y,N,AUTO-GEN,32,55320,RM,833.4,32022.7,0,45749,2053459.4899999993,2054292.8899999992
TXN000104,20251213,ACC789261,19,HYD,457834,20251217,43073975.6,POST,N,N,AUTO-GEN,54,55015,RM,-1412.06,37811.2,0,45496,2054292.8899999992,2052880.8299999991
TXN000105,20251004,ACC654253,78,MUM,457924,20251009,45040625.59,ADJ,Y,N,AUTO-GEN,67,55848,RS,640.39,37448.9,1,45773,2052880.8299999991,2053521.219999999
TXN000106,20250719,ACC721610,10,HYD,459789,20250719,46371008.66,ADJ,N,N,AUTO-GEN,44,55123,RS,-1008.75,4237.2,1,45445,2053521.219999999,2052512.469999999
TXN000107,20260304,ACC573523,20,HYD,452153,20260307,46949244.65,POST,Y,N,AUTO-GEN,95,55147,RM,-3295.83,1523.6,0,45022,2052512.469999999,2049216.639999999
TXN000108,20260218,ACC424852,19,CHE,450571,20260220,45166775.87,POST,N,N,AUTO-GEN,57,55755,RM,2925.88,4013.0,0,45010,2049216.639999999,2052142.5199999989
TXN000109,20251008,ACC632597,49,MUM,453433,20251008,46689839.06,POST,N,Y,AUTO-GEN,70,55416,RM,3480.45,29919.1,0,45285,2052142.5199999989,2055622.9699999988
TXN000110,20250803,ACC486704,10,MUM,456222,20250808,48666624.59,POST,Y,Y,AUTO-GEN,79,55333,RS,-1383.53,14827.1,0,45081,2055622.9699999988,2054239.4399999988
TXN000111,20250927,ACC794661,10,HYD,458854,20250929,42474223.58,ADJ,N,Y,AUTO-GEN,38,55109,RS,-3263.89,16438.6,1,45950,2054239.4399999988,2050975.5499999989
TXN000112,20260216,ACC319166,49,HYD,458592,20260217,44487449.72,POST,Y,Y,AUTO-GEN,100,55658,RS,4298.86,29944.1,1,45099,2050975.5499999989,2055274.409999999
TXN000113,20250906,ACC203983,20,HYD,456859,20250908,46027166.07,POST,N,Y,AUTO-GEN,24,55319,RS,4969.69,8099.1,0,45493,2055274.409999999,2060244.099999999
TXN000114,20250529,ACC669979,20,CHE,452528,20250530,41611775.75,POST,N,Y,AUTO-GEN,74,55843,RM,1764.13,9920.4,0,45624,2060244.099999999,2062008.2299999988
TXN000115,20250530,ACC521218,49,HYD,455310,20250603,40524623.63,ADJ,Y,N,AUTO-GEN,36,55710,RS,-4332.23,34735.9,0,45323,2062008.2299999988,2057675.9999999988
TXN000116,20250907,ACC130842,49,PUN,452619,20250907,49306781.12,ADJ,Y,Y,AUTO-GEN,20,55112,RM,2410.35,26996.2,0,45808,2057675.9999999988,2060086.349999999
TXN000117,20250923,ACC812566,20,PUN,455936,20250928,44796094.49,ADJ,N,N,AUTO-GEN,49,55542,RM,-2815.52,2332.1,0,45845,2060086.349999999,2057270.829999999
TXN000118,20250407,ACC309124,19,PUN,452423,20250412,45617027.89,POST,Y,N,AUTO-GEN,40,55313,RS,3781.63,18267.1,0,45333,2057270.829999999,2061052.4599999988
TXN000119,20250624,ACC721747,49,CHE,458621,20250628,43868600.35,ADJ,N,N,AUTO-GEN,68,55395,RM,2100.64,27457.3,1,45105,2061052.4599999988,2063153.0999999987
TXN000120,20251228,ACC703891,19,DEL,455958,20251230,44919968.03,POST,Y,N,AUTO-GEN,48,55281,RS,-2425.78,23292.1,0,45438,2063153.0999999987,2060727.3199999987
TXN000121,20250413,ACC140718,78,DEL,450098,20250414,49198923.67,POST,Y,Y,AUTO-GEN,37,55501,RS,4329.54,11776.0,1,45039,2060727.3199999987,2065056.8599999987
TXN000122,20250710,ACC572018,19,HYD,459976,20250714,44216998.57,ADJ,Y,N,AUTO-GEN,91,55430,RM,-3342.89,5380.8,0,45370,2065056.8599999987,2061713.9699999988
TXN000123,20250328,ACC220225,20,PUN,452228,20250328,45481202.58,ADJ,N,N,AUTO-GEN,42,55649,RS,686.3,33446.5,1,45524,2061713.9699999988,2062400.2699999989
TXN000124,20250408,ACC997468,19,CHE,458647,20250409,40239216.6,POST,N,N,AUTO-GEN,86,55213,RM,-2669.4,25899.9,1,45765,2062400.2699999989,2059730.869999999
TXN000125,20250615,ACC594987,20,MUM,452845,20250618,43778208.81,ADJ,N,N,AUTO-GEN,31,55166,RS,-2449.9,24570.6,0,45359,2059730.869999999,2057280.969999999
TXN000126,20251012,ACC732674,20,HYD,454147,20251016,41395900.84,ADJ,N,Y,AUTO-GEN,54,55485,RM,1121.78,27606.3,0,45779,2057280.969999999,2058402.749999999
TXN000127,20250527,ACC957279,78,MUM,458658,20250531,46849092.74,ADJ,Y,Y,AUTO-GEN,86,55665,RS,-2188.58,14857.5,1,45617,2058402.749999999,2056214.169999999
TXN000128,20251208,ACC304133,13,CHE,458706,20251209,40245119.32,ADJ,Y,Y,AUTO-GEN,32,55723,RS,3685.51,18534.5,0,45577,2056214.169999999,2059899.679999999
TXN000129,20260205,ACC413112,20,CHE,452941,20260206,45878923.09,POST,Y,N,AUTO-GEN,11,55660,RS,-2600.98,22188.5,0,45876,2059899.679999999,2057298.699999999
TXN000130,20250831,ACC431939,49,MUM,455309,20250905,40056649.81,ADJ,N,Y,AUTO-GEN,92,55547,RS,4210.33,39396.1,0,45619,2057298.699999999,2061509.029999999
TXN000131,20251216,ACC476171,20,CHE,451588,20251217,46837288.62,POST,Y,Y,AUTO-GEN,18,55871,RS,487.91,17689.5,0,45381,2061509.029999999,2061996.939999999
TXN000132,20260217,ACC399959,20,PUN,453393,20260220,46583627.0,POST,N,N,AUTO-GEN,34,55588,RM,-3237.42,16784.9,0,45583,2061996.939999999,2058759.519999999
TXN000133,20250730,ACC780762,20,PUN,455136,20250730,48490303.26,POST,N,Y,AUTO-GEN,26,55706,RS,-1322.25,28893.2,1,45389,2058759.519999999,2057437.269999999
TXN000134,20250919,ACC424035,20,PUN,450207,20250919,49164307.47,ADJ,N,N,AUTO-GEN,59,55430,RM,-4029.81,14663.5,0,45835,2057437.269999999,2053407.459999999
TXN000135,20250525,ACC778942,78,CHE,451153,20250525,42332007.44,ADJ,Y,N,AUTO-GEN,32,55620,RS,-942.1,21977.5,1,45375,2053407.459999999,2052465.359999999
TXN000136,20251119,ACC136643,10,CHE,450769,20251123,40027110.81,POST,N,N,AUTO-GEN,13,55073,RM,-1149.93,5736.4,0,45908,2052465.359999999,2051315.429999999
TXN000137,20251210,ACC637178,49,CHE,454869,20251214,40972273.39,POST,Y,Y,AUTO-GEN,34,55347,RM,-4947.53,6948.7,0,45430,2051315.429999999,2046367.899999999
TXN000138,20250406,ACC293810,10,CHE,459807,20250406,41038340.67,ADJ,N,Y,AUTO-GEN,32,55081,RM,4857.1,30918.8,1,45566,2046367.899999999,2051224.999999999
TXN000139,20250910,ACC104092,78,DEL,450636,20250910,41991994.87,POST,Y,Y,AUTO-GEN,15,55898,RS,491.12,15651.9,0,45818,2051224.999999999,2051716.1199999992
TXN000140,20250402,ACC758587,13,PUN,459276,20250407,49537820.26,ADJ,N,Y,AUTO-GEN,27,55812,RM,3427.2,5786.5,1,45506,2051716.1199999992,2055143.3199999991
TXN000141,20250711,ACC748267,20,MUM,456169,20250714,46883969.44,ADJ,N,N,AUTO-GEN,94,55115,RM,-1491.18,4377.8,0,45355,2055143.3199999991,2053652.1399999992
TXN000142,20260205,ACC898716,49,CHE,450186,20260207,47176170.8,ADJ,Y,N,AUTO-GEN,56,55246,RS,581.57,25290.3,1,45670,2053652.1399999992,2054233.7099999993
TXN000143,20250815,ACC285810,10,MUM,452556,20250816,49918018.42,POST,N,Y,AUTO-GEN,84,55144,RM,2563.73,24365.6,0,45950,2054233.7099999993,2056797.4399999992
TXN000144,20250718,ACC381085,49,CHE,456106,20250720,42642051.11,POST,N,N,AUTO-GEN,18,55214,RS,-4495.62,38098.2,1,45272,2056797.4399999992,2052301.8199999991
TXN000145,20250916,ACC417510,49,MUM,457705,20250917,43464355.57,ADJ,N,Y,AUTO-GEN,58,55691,RS,582.82,12332.2,1,45556,2052301.8199999991,2052884.6399999992
TXN000146,20250522,ACC412561,13,PUN,451773,20250527,47009948.89,POST,N,N,AUTO-GEN,93,55110,RM,-3060.69,11564.2,0,45734,2052884.6399999992,2049823.9499999993
TXN000147,20250929,ACC383011,49,MUM,451608,20251002,43871813.34,ADJ,Y,Y,AUTO-GEN,97,55012,RS,-1240.23,8758.8,0,45307,2049823.9499999993,2048583.7199999993
TXN000148,20260113,ACC196073,19,HYD,459814,20260114,49330167.99,POST,Y,Y,AUTO-GEN,50,55529,RM,-4796.51,23135.5,0,45496,2048583.7199999993,2043787.2099999993
TXN000149,20260204,ACC592332,78,CHE,453104,20260206,49377247.44,POST,Y,Y,AUTO-GEN,42,55327,RS,3047.0,1153.6,0,45583,2043787.2099999993,2046834.2099999993
TXN000150,20250520,ACC215319,19,MUM,452953,20250523,48684510.55,ADJ,Y,Y,AUTO-GEN,37,55100,RS,2099.69,37619.6,0,45732,2046834.2099999993,2048933.8999999992
TXN000151,20260109,ACC534239,19,PUN,455952,20260111,48501908.03,ADJ,N,N,AUTO-GEN,11,55030,RM,4600.53,10766.7,0,45954,2048933.8999999992,2053534.4299999992
TXN000152,20251119,ACC903300,20,HYD,457315,20251119,49408370.79,ADJ,N,Y,AUTO-GEN,40,55500,RM,-1109.59,20833.0,1,45420,2053534.4299999992,2052424.8399999992
TXN000153,20250410,ACC901581,13,MUM,451739,20250415,42009975.04,ADJ,Y,N,AUTO-GEN,12,55102,RS,-3319.81,29129.9,1,45801,2052424.8399999992,2049105.029999999
TXN000154,20250823,ACC128004,10,CHE,457823,20250823,44663461.63,ADJ,N,N,AUTO-GEN,100,55234,RM,-2039.8,34183.5,0,45530,2049105.029999999,2047065.229999999
TXN000155,20250407,ACC221740,19,HYD,456751,20250412,47265662.56,POST,Y,Y,AUTO-GEN,86,55082,RM,1000.48,27037.1,1,45819,2047065.229999999,2048065.709999999
TXN000156,20250621,ACC828418,10,PUN,453121,20250622,42472974.14,ADJ,N,Y,AUTO-GEN,95,55318,RS,-943.24,3295.1,0,45394,2048065.709999999,2047122.469999999
TXN000157,20250415,ACC207131,20,DEL,450759,20250420,44399164.86,POST,N,Y,AUTO-GEN,19,55048,RM,-2410.79,14954.1,1,45052,2047122.469999999,2044711.679999999
TXN000158,20260102,ACC230851,19,DEL,453944,20260102,46944143.54,POST,Y,Y,AUTO-GEN,38,55164,RM,4193.72,27663.2,1,45011,2044711.679999999,2048905.399999999
TXN000159,20260315,ACC653654,13,DEL,457053,20260319,41718953.6,POST,Y,Y,AUTO-GEN,72,55523,RS,-968.58,37776.9,0,45995,2048905.399999999,2047936.819999999
TXN000160,20250817,ACC852076,13,DEL,451737,20250819,45514761.5,ADJ,Y,N,AUTO-GEN,21,55894,RM,749.7,35731.5,1,45495,2047936.819999999,2048686.5199999989
TXN000161,20250728,ACC591016,78,MUM,456765,20250728,46274976.57,POST,Y,N,AUTO-GEN,75,55481,RM,-4424.94,9595.8,1,45275,2048686.5199999989,2044261.579999999
TXN000162,20251219,ACC708662,19,CHE,457099,20251222,49185224.59,POST,N,Y,AUTO-GEN,82,55072,RS,4429.1,15471.2,0,45514,2044261.579999999,2048690.679999999
TXN000163,20250407,ACC379405,78,MUM,457929,20250411,43155435.59,ADJ,N,Y,AUTO-GEN,51,55377,RM,676.29,35205.0,0,45024,2048690.679999999,2049366.969999999
TXN000164,20250813,ACC545887,49,CHE,457572,20250817,40796820.61,POST,N,Y,AUTO-GEN,86,55733,RM,1105.12,22501.8,0,45894,2049366.969999999,2050472.0899999992
TXN000165,20250509,ACC108217,20,PUN,458350,20250512,45428785.48,POST,N,Y,AUTO-GEN,18,55283,RM,4112.02,31739.0,1,45431,2050472.0899999992,2054584.1099999992
TXN000166,20251018,ACC425295,49,MUM,457956,20251019,41568472.74,ADJ,Y,Y,AUTO-GEN,15,55795,RM,2046.77,1922.8,0,45691,2054584.1099999992,2056630.8799999992
TXN000167,20250424,ACC370788,20,PUN,453824,20250429,45483085.63,ADJ,Y,N,AUTO-GEN,34,55060,RS,3820.96,10936.1,1,45577,2056630.8799999992,2060451.8399999992
TXN000168,20250426,ACC595311,49,CHE,459701,20250426,41232645.9,POST,N,N,AUTO-GEN,72,55038,RS,3414.02,18284.0,0,45939,2060451.8399999992,2063865.8599999992
TXN000169,20250502,ACC670787,13,HYD,450367,20250506,40213645.4,POST,N,N,AUTO-GEN,93,55084,RS,3934.64,23654.4,0,45037,2063865.8599999992,2067800.499999999
TXN000170,20251110,ACC458603,10,DEL,458073,20251112,45281451.96,POST,Y,N,AUTO-GEN,61,55494,RM,2471.73,9242.0,0,45709,2067800.499999999,2070272.229999999
TXN000171,20251020,ACC920223,19,MUM,454052,20251021,49649558.7,ADJ,N,N,AUTO-GEN,63,55565,RS,1227.29,15831.1,0,45730,2070272.229999999,2071499.519999999
TXN000172,20260102,ACC812490,49,HYD,455574,20260105,40694496.86,ADJ,N,Y,AUTO-GEN,84,55890,RS,-468.0,25769.1,0,45367,2071499.519999999,2071031.519999999
TXN000173,20250331,ACC613004,10,PUN,452366,20250403,43247726.73,POST,N,Y,AUTO-GEN,37,55634,RS,1442.21,24848.4,1,45711,2071031.519999999,2072473.729999999
TXN000174,20260303,ACC398656,13,CHE,455082,20260305,41958926.43,ADJ,N,Y,AUTO-GEN,10,55657,RM,4626.25,1532.7,0,45863,2072473.729999999,2077099.979999999
TXN000175,20260218,ACC397666,10,HYD,453808,20260219,44453287.94,ADJ,N,N,AUTO-GEN,79,55481,RS,-1321.76,7220.8,0,45008,2077099.979999999,2075778.219999999
TXN000176,20251223,ACC686236,20,CHE,454782,20251228,41893740.29,ADJ,N,Y,AUTO-GEN,100,55664,RM,-3863.11,5880.3,0,45643,2075778.219999999,2071915.109999999
TXN000177,20260112,ACC519149,78,DEL,454215,20260116,42314102.7,ADJ,N,Y,AUTO-GEN,63,55475,RM,2885.36,18296.3,0,45806,2071915.109999999,2074800.469999999
TXN000178,20251130,ACC202582,19,MUM,456683,20251205,44018917.66,ADJ,N,N,AUTO-GEN,18,55704,RM,570.4,4950.4,0,45746,2074800.469999999,2075370.869999999
TXN000179,20251226,ACC545832,49,CHE,455870,20251231,46941733.58,POST,Y,N,AUTO-GEN,13,55351,RS,264.82,26013.1,0,45979,2075370.869999999,2075635.689999999
TXN000180,20250924,ACC318656,20,DEL,458289,20250929,41277294.99,ADJ,N,N,AUTO-GEN,64,55291,RM,3708.16,22275.5,0,45038,2075635.689999999,2079343.849999999
TXN000181,20260322,ACC247763,13,PUN,456420,20260323,40325240.16,ADJ,N,Y,AUTO-GEN,78,55261,RM,3842.69,18665.5,0,45660,2079343.849999999,2083186.5399999989
TXN000182,20251230,ACC917550,78,PUN,457373,20251231,45296442.83,POST,N,Y,AUTO-GEN,13,55869,RM,-3710.65,19121.7,0,45033,2083186.5399999989,2079475.889999999
TXN000183,20250423,ACC423774,49,MUM,455264,20250425,44122000.53,ADJ,Y,Y,AUTO-GEN,12,55793,RS,-1103.94,6881.0,1,45538,2079475.889999999,2078371.949999999
TXN000184,20250701,ACC262036,20,CHE,457329,20250702,42460750.3,POST,N,N,AUTO-GEN,56,55762,RM,-4540.98,25627.6,0,45240,2078371.949999999,2073830.969999999
TXN000185,20251008,ACC961100,78,PUN,455189,20251009,48623024.8,POST,N,N,AUTO-GEN,85,55208,RS,1568.28,26366.6,1,45182,2073830.969999999,2075399.249999999
TXN000186,20251022,ACC830304,19,HYD,458674,20251024,42700099.02,ADJ,N,Y,AUTO-GEN,37,55277,RS,4100.82,25199.4,0,45331,2075399.249999999,2079500.0699999991
TXN000187,20250905,ACC241280,49,DEL,454967,20250906,43981314.7,POST,N,Y,AUTO-GEN,28,55944,RM,-2997.04,38704.3,0,45472,2079500.0699999991,2076503.029999999
TXN000188,20260204,ACC215438,19,PUN,458097,20260206,48775776.39,ADJ,N,N,AUTO-GEN,56,55074,RS,-2851.5,37905.4,0,45491,2076503.029999999,2073651.529999999
TXN000189,20251218,ACC977993,19,DEL,455717,20251223,49685437.55,ADJ,Y,Y,AUTO-GEN,61,55287,RS,-3967.71,11938.7,0,45755,2073651.529999999,2069683.8199999991
TXN000190,20251225,ACC274622,49,CHE,457596,20251226,46931886.65,ADJ,Y,N,AUTO-GEN,16,55002,RS,2971.8,9128.2,0,45793,2069683.8199999991,2072655.6199999992
TXN000191,20251127,ACC401986,20,CHE,455367,20251130,45469640.96,ADJ,N,Y,AUTO-GEN,35,55293,RM,-539.61,8041.1,0,45255,2072655.6199999992,2072116.009999999
TXN000192,20250608,ACC968241,10,CHE,452076,20250608,49798889.42,POST,Y,Y,AUTO-GEN,93,55728,RS,3272.13,21305.8,0,45036,2072116.009999999,2075388.139999999
TXN000193,20251015,ACC960395,20,PUN,455992,20251017,42888495.77,ADJ,N,N,AUTO-GEN,20,55354,RM,-2503.22,4770.6,1,45964,2075388.139999999,2072884.919999999
TXN000194,20250707,ACC937504,49,PUN,456540,20250707,48974202.57,POST,Y,Y,AUTO-GEN,32,55944,RM,3594.88,20769.0,1,45953,2072884.919999999,2076479.7999999989
TXN000195,20250820,ACC875335,49,PUN,451160,20250825,49363474.37,POST,N,N,AUTO-GEN,33,55649,RM,4480.92,20973.8,0,45061,2076479.7999999989,2080960.7199999988
TXN000196,20250613,ACC694846,13,PUN,458389,20250615,49235110.53,POST,Y,N,AUTO-GEN,84,55637,RS,3331.67,30390.5,0,45705,2080960.7199999988,2084292.3899999987
TXN000197,20260219,ACC616511,13,PUN,455571,20260221,49402053.65,POST,Y,N,AUTO-GEN,64,55118,RS,-3555.74,6123.5,0,45557,2084292.3899999987,2080736.6499999987
TXN000198,20250729,ACC921275,10,DEL,459499,20250731,42985711.07,POST,Y,N,AUTO-GEN,64,55495,RS,1801.03,38600.7,0,45352,2080736.6499999987,2082537.6799999988
TXN000199,20250424,ACC943639,20,DEL,457970,20250428,47205233.33,ADJ,N,N,AUTO-GEN,14,55878,RM,465.57,25602.4,1,45076,2082537.6799999988,2083003.2499999988
TXN000200,20250613,ACC378163,20,CHE,452221,20250613,40276217.74,POST,Y,N,AUTO-GEN,40,55277,RS,-3951.8,15391.5,0,45897,2083003.2499999988,2079051.4499999988
TXN000201,20260125,ACC819122,13,PUN,450826,20260128,45969030.1,POST,N,N,AUTO-GEN,23,55036,RM,-1680.34,25597.1,0,45390,2079051.4499999988,2077371.1099999987
TXN000202,20251022,ACC686143,78,PUN,455135,20251027,44078313.47,ADJ,Y,N,AUTO-GEN,57,55712,RM,-4100.1,10371.9,0,45398,2077371.1099999987,2073271.0099999986
TXN000203,20250515,ACC568372,20,DEL,451006,20250516,40031750.5,POST,Y,Y,AUTO-GEN,72,55754,RM,3381.13,17670.7,0,45502,2073271.0099999986,2076652.1399999985
TXN000204,20250824,ACC293542,20,CHE,457692,20250824,45868896.04,ADJ,N,N,AUTO-GEN,40,55471,RS,4950.0,23842.4,1,45338,2076652.1399999985,2081602.1399999985
TXN000205,20260310,ACC889898,10,MUM,454539,20260311,46171424.75,ADJ,N,Y,AUTO-GEN,10,55589,RM,4191.33,9892.3,0,45330,2081602.1399999985,2085793.4699999986
TXN000206,20250616,ACC289495,49,DEL,454797,20250618,41952430.85,POST,Y,N,AUTO-GEN,40,55254,RS,3390.94,28150.3,0,45339,2085793.4699999986,2089184.4099999985
TXN000207,20250425,ACC864777,49,HYD,458548,20250426,43347512.16,POST,Y,N,AUTO-GEN,52,55007,RS,-4904.46,31830.5,1,45507,2089184.4099999985,2084279.9499999986
TXN000208,20260225,ACC890650,20,HYD,450263,20260301,48166991.14,POST,N,Y,AUTO-GEN,28,55507,RM,-2587.66,6903.3,0,45756,2084279.9499999986,2081692.2899999986
TXN000209,20250801,ACC254264,13,DEL,459323,20250805,45502102.58,ADJ,Y,N,AUTO-GEN,72,55618,RM,1506.62,7383.5,0,45095,2081692.2899999986,2083198.9099999988
TXN000210,20250806,ACC836643,10,DEL,452848,20250810,48035534.56,ADJ,Y,N,AUTO-GEN,87,55732,RM,-2702.11,13224.8,0,45550,2083198.9099999988,2080496.7999999986
TXN000211,20250911,ACC479360,10,HYD,453745,20250916,46016420.87,ADJ,N,Y,AUTO-GEN,92,55422,RM,-4397.85,5094.8,0,45207,2080496.7999999986,2076098.9499999986
TXN000212,20250702,ACC789793,19,MUM,458282,20250705,44861365.88,ADJ,Y,N,AUTO-GEN,48,55070,RM,-3838.46,36257.9,0,45225,2076098.9499999986,2072260.4899999986
TXN000213,20251023,ACC353495,49,PUN,456770,20251023,48910727.84,ADJ,Y,N,AUTO-GEN,96,55990,RS,-2164.53,34533.4,0,45175,2072260.4899999986,2070095.9599999986
TXN000214,20250414,ACC836419,78,MUM,459451,20250416,48305117.42,ADJ,N,N,AUTO-GEN,73,55491,RM,627.28,30599.4,0,45824,2070095.9599999986,2070723.2399999986
TXN000215,20251012,ACC538517,19,DEL,456898,20251017,40877641.18,POST,N,N,AUTO-GEN,26,55952,RS,4017.11,11097.3,1,45175,2070723.2399999986,2074740.3499999987
TXN000216,20251025,ACC554390,49,DEL,458665,20251030,40330952.06,POST,N,N,AUTO-GEN,97,55879,RM,-1655.76,27030.3,0,45019,2074740.3499999987,2073084.5899999987
TXN000217,20251112,ACC845586,10,MUM,456789,20251117,47987248.1,ADJ,Y,N,AUTO-GEN,70,55861,RM,-2580.92,27290.5,1,45203,2073084.5899999987,2070503.6699999988
TXN000218,20250915,ACC520622,78,HYD,451710,20250918,46688075.53,ADJ,Y,Y,AUTO-GEN,97,55504,RS,332.31,26941.7,0,45645,2070503.6699999988,2070835.9799999988
TXN000219,20250813,ACC972038,20,MUM,459395,20250815,41049526.75,ADJ,Y,Y,AUTO-GEN,28,55263,RS,983.99,18984.2,0,45763,2070835.9799999988,2071819.9699999988
TXN000220,20251031,ACC736776,49,MUM,455397,20251105,42178295.05,ADJ,N,N,AUTO-GEN,81,55765,RS,3435.99,33974.5,0,45144,2071819.9699999988,2075255.9599999988
TXN000221,20250515,ACC766473,10,DEL,450529,20250518,41262164.94,POST,N,Y,AUTO-GEN,67,55222,RS,-1066.23,27358.7,0,45497,2075255.9599999988,2074189.7299999988
TXN000222,20260226,ACC203508,13,DEL,453691,20260302,43143820.23,ADJ,N,N,AUTO-GEN,28,55802,RS,-1657.78,35652.2,0,45187,2074189.7299999988,2072531.9499999988
TXN000223,20251015,ACC822477,20,HYD,457099,20251019,45333066.57,ADJ,Y,N,AUTO-GEN,85,55471,RM,-1231.63,4219.5,0,45745,2072531.9499999988,2071300.319999999
TXN000224,20260123,ACC986553,10,HYD,454181,20260125,49779838.12,POST,Y,N,AUTO-GEN,46,55305,RS,797.95,26667.3,1,45925,2071300.319999999,2072098.2699999989
TXN000225,20260210,ACC899047,49,CHE,456389,20260215,43612566.39,ADJ,N,Y,AUTO-GEN,25,55948,RM,-369.96,21247.3,0,45386,2072098.2699999989,2071728.309999999
TXN000226,20251215,ACC452130,49,DEL,451605,20251218,49925639.48,POST,Y,Y,AUTO-GEN,56,55849,RM,3754.95,21304.8,1,45663,2071728.309999999,2075483.2599999988
TXN000227,20250617,ACC799562,19,PUN,457588,20250622,45856304.96,POST,Y,Y,AUTO-GEN,33,55175,RS,1995.58,2854.6,0,45144,2075483.2599999988,2077478.839999999
TXN000228,20250831,ACC618367,78,HYD,456010,20250901,46742303.1,POST,Y,Y,AUTO-GEN,28,55238,RM,-4677.41,21826.7,0,45947,2077478.839999999,2072801.429999999
TXN000229,20260113,ACC761105,78,CHE,458209,20260115,47138603.06,POST,Y,N,AUTO-GEN,51,55066,RM,1835.63,24301.5,0,45385,2072801.429999999,2074637.059999999
TXN000230,20251117,ACC612099,13,DEL,454099,20251120,48177321.67,POST,Y,Y,AUTO-GEN,85,55398,RM,-4668.51,34398.0,0,45090,2074637.059999999,2069968.5499999989
TXN000231,20250611,ACC407850,13,DEL,458679,20250612,41116663.99,POST,Y,N,AUTO-GEN,88,55335,RM,1208.99,20028.8,0,45723,2069968.5499999989,2071177.5399999989
TXN000232,20250912,ACC778197,20,PUN,459190,20250916,46218400.14,ADJ,Y,N,AUTO-GEN,39,55714,RM,4828.62,6843.7,0,45203,2071177.5399999989,2076006.159999999
TXN000233,20250528,ACC682798,20,HYD,455566,20250528,48301049.06,ADJ,Y,Y,AUTO-GEN,73,55760,RM,-3126.33,15643.2,0,45706,2076006.159999999,2072879.829999999
TXN000234,20251014,ACC818159,10,CHE,456750,20251017,43409007.82,POST,Y,Y,AUTO-GEN,61,55320,RM,3211.35,38640.0,0,45992,2072879.829999999,2076091.179999999
TXN000235,20251119,ACC862021,49,CHE,451106,20251121,40233640.76,POST,Y,Y,AUTO-GEN,94,55762,RS,-1834.46,28258.2,0,45384,2076091.179999999,2074256.719999999
TXN000236,20250918,ACC268816,78,CHE,453765,20250923,42638152.77,POST,Y,Y,AUTO-GEN,82,55070,RM,3424.63,13194.6,0,45576,2074256.719999999,2077681.349999999
TXN000237,20250819,ACC164241,13,HYD,457258,20250823,44116944.66,ADJ,N,Y,AUTO-GEN,64,55617,RM,494.04,38236.5,0,45463,2077681.349999999,2078175.389999999
TXN000238,20250527,ACC785634,49,CHE,457986,20250528,49472539.28,POST,Y,N,AUTO-GEN,62,55876,RM,1996.67,35290.9,0,45076,2078175.389999999,2080172.059999999
TXN000239,20250509,ACC148965,13,MUM,456485,20250510,49960959.19,POST,N,Y,AUTO-GEN,83,55022,RM,-385.11,39236.7,1,45993,2080172.059999999,2079786.9499999988
TXN000240,20250401,ACC134819,49,CHE,455879,20250405,48167174.2,POST,Y,Y,AUTO-GEN,44,55470,RM,2129.07,32203.5,1,45619,2079786.9499999988,2081916.0199999989
TXN000241,20250622,ACC908779,78,DEL,459253,20250622,42778929.72,POST,N,Y,AUTO-GEN,60,55002,RM,-3463.01,26179.9,0,45751,2081916.0199999989,2078453.0099999988
TXN000242,20251227,ACC617856,78,CHE,454609,20251228,45440104.76,ADJ,Y,N,AUTO-GEN,97,55593,RS,-4597.44,10969.2,0,45688,2078453.0099999988,2073855.569999999
TXN000243,20250717,ACC924749,49,PUN,458560,20250719,43351271.33,POST,N,Y,AUTO-GEN,16,55121,RM,-3813.63,27919.0,0,45108,2073855.569999999,2070041.939999999
TXN000244,20251030,ACC198055,10,HYD,455067,20251101,44201697.04,POST,N,N,AUTO-GEN,37,55362,RM,1289.0,25036.1,0,45994,2070041.939999999,2071330.939999999
TXN000245,20251019,ACC832964,19,MUM,455710,20251019,45359829.98,ADJ,Y,N,AUTO-GEN,67,55639,RS,-1120.12,9133.3,1,45644,2071330.939999999,2070210.819999999
TXN000246,20251107,ACC213006,78,HYD,453999,20251109,49628404.7,ADJ,Y,Y,AUTO-GEN,28,55465,RS,3552.14,21385.5,0,45831,2070210.819999999,2073762.9599999988
TXN000247,20250416,ACC972543,20,DEL,456329,20250418,47414471.44,POST,Y,Y,AUTO-GEN,58,55210,RM,2247.08,14368.5,0,45208,2073762.9599999988,2076010.0399999989
TXN000248,20251124,ACC538874,78,CHE,457371,20251128,49115568.58,ADJ,N,Y,AUTO-GEN,47,55323,RM,-2011.48,7648.8,1,45410,2076010.0399999989,2073998.559999999
TXN000249,20251011,ACC311248,10,HYD,450518,20251014,49910848.69,POST,Y,Y,AUTO-GEN,100,55102,RS,1647.89,29304.1,0,45212,2073998.559999999,2075646.4499999988
TXN000250,20250813,ACC311226,19,PUN,454605,20250814,49182604.92,POST,N,N,AUTO-GEN,59,55105,RS,-4864.67,38004.6,0,45537,2075646.4499999988,2070781.7799999989
TXN000251,20250819,ACC392881,19,PUN,451220,20250823,41747463.95,ADJ,N,N,AUTO-GEN,17,55606,RS,644.87,18130.1,0,45816,2070781.7799999989,2071426.649999999
TXN000252,20250805,ACC634507,10,PUN,453798,20250809,45018504.92,POST,N,N,AUTO-GEN,58,55878,RM,636.23,11595.5,0,45136,2071426.649999999,2072062.879999999
TXN000253,20260326,ACC183872,49,CHE,453129,20260327,43812245.64,POST,N,Y,AUTO-GEN,37,55468,RS,1527.37,6168.4,0,45895,2072062.879999999,2073590.249999999
TXN000254,20260303,ACC539331,10,CHE,456617,20260304,44682318.02,POST,Y,Y,AUTO-GEN,39,55650,RS,3394.95,26621.1,0,45855,2073590.249999999,2076985.199999999
TXN000255,20250515,ACC411352,19,HYD,454477,20250519,40484914.01,ADJ,Y,N,AUTO-GEN,56,55547,RS,-1831.04,18398.1,1,45690,2076985.199999999,2075154.159999999
TXN000256,20260224,ACC259459,78,CHE,453357,20260226,41204202.13,ADJ,Y,Y,AUTO-GEN,15,55808,RS,-1480.91,25150.8,1,45730,2075154.159999999,2073673.249999999
TXN000257,20250523,ACC845971,78,HYD,454483,20250528,42155918.39,ADJ,N,N,AUTO-GEN,85,55087,RS,-178.36,38585.3,0,45215,2073673.249999999,2073494.889999999
TXN000258,20251217,ACC823012,78,MUM,456994,20251221,42392597.62,POST,N,N,AUTO-GEN,23,55009,RM,-4423.22,39015.2,1,45235,2073494.889999999,2069071.669999999
TXN000259,20250825,ACC407435,49,CHE,450721,20250830,48822357.42,ADJ,N,Y,AUTO-GEN,60,55565,RS,-2362.4,30108.8,0,45456,2069071.669999999,2066709.269999999
TXN000260,20260116,ACC930504,49,MUM,452525,20260116,46295923.63,POST,Y,Y,AUTO-GEN,84,55960,RM,-2945.42,12769.1,1,45889,2066709.269999999,2063763.8499999992
TXN000261,20251001,ACC971977,19,PUN,452958,20251002,41068229.22,ADJ,Y,N,AUTO-GEN,77,55522,RS,-4467.2,30737.7,0,45144,2063763.8499999992,2059296.6499999992
TXN000262,20251218,ACC135186,19,CHE,450966,20251223,40121404.06,POST,Y,N,AUTO-GEN,29,55521,RS,-4027.63,6415.6,0,45301,2059296.6499999992,2055269.0199999993
TXN000263,20260324,ACC209696,10,CHE,452624,20260327,43728505.21,ADJ,Y,N,AUTO-GEN,84,55798,RM,-619.82,32820.6,0,45318,2055269.0199999993,2054649.1999999993
TXN000264,20250607,ACC625380,49,CHE,452617,20250611,43545939.83,POST,Y,N,AUTO-GEN,82,55354,RS,2989.68,16141.1,0,45106,2054649.1999999993,2057638.8799999992
TXN000265,20250601,ACC530981,19,DEL,455283,20250605,43343700.4,POST,N,Y,AUTO-GEN,38,55255,RS,-4605.05,22912.7,0,45408,2057638.8799999992,2053033.8299999991
TXN000266,20250726,ACC763725,10,CHE,458325,20250726,47174528.41,ADJ,N,Y,AUTO-GEN,98,55965,RS,-2451.41,2819.0,1,45372,2053033.8299999991,2050582.4199999992
TXN000267,20250902,ACC355624,19,CHE,452940,20250903,45943527.41,POST,Y,N,AUTO-GEN,98,55236,RM,-695.72,3858.1,1,45782,2050582.4199999992,2049886.6999999993
TXN000268,20251119,ACC223519,78,MUM,457043,20251124,41225607.03,POST,Y,Y,AUTO-GEN,63,55148,RS,2970.87,18802.4,0,45054,2049886.6999999993,2052857.5699999994
TXN000269,20250727,ACC759009,78,MUM,450870,20250730,41419750.94,ADJ,N,Y,AUTO-GEN,72,55859,RS,-446.65,37917.9,0,45138,2052857.5699999994,2052410.9199999995
TXN000270,20250616,ACC411428,20,PUN,459436,20250618,42605658.43,ADJ,Y,Y,AUTO-GEN,34,55863,RS,2274.07,27354.7,0,45931,2052410.9199999995,2054684.9899999995
TXN000271,20260216,ACC672094,78,DEL,459583,20260221,47414291.65,ADJ,N,N,AUTO-GEN,40,55461,RM,-3534.71,15566.8,0,45688,2054684.9899999995,2051150.2799999996
TXN000272,20260217,ACC933806,20,MUM,459793,20260222,47192895.47,ADJ,N,N,AUTO-GEN,92,55712,RM,-3889.63,16283.6,1,45171,2051150.2799999996,2047260.6499999997
TXN000273,20251128,ACC166358,78,CHE,455038,20251203,43075449.26,ADJ,Y,Y,AUTO-GEN,87,55821,RS,-1005.08,3953.7,0,45994,2047260.6499999997,2046255.5699999996
TXN000274,20250617,ACC140211,10,DEL,457471,20250617,41286661.75,POST,N,Y,AUTO-GEN,93,55621,RS,4256.06,1378.7,0,45227,2046255.5699999996,2050511.6299999997
TXN000275,20260219,ACC645024,78,DEL,450728,20260221,49931668.44,POST,N,Y,AUTO-GEN,71,55929,RM,3672.16,31845.6,1,45632,2050511.6299999997,2054183.7899999996
TXN000276,20250914,ACC359694,49,PUN,451168,20250917,48745179.1,POST,Y,N,AUTO-GEN,87,55477,RM,3972.23,37154.4,0,45663,2054183.7899999996,2058156.0199999996
TXN000277,20250923,ACC121425,78,PUN,459067,20250928,48116829.83,ADJ,Y,N,AUTO-GEN,12,55599,RS,-1453.87,31073.7,0,45217,2058156.0199999996,2056702.1499999994
TXN000278,20250909,ACC802053,20,CHE,450045,20250910,46409810.4,POST,Y,Y,AUTO-GEN,23,55698,RS,1837.62,20501.1,1,45138,2056702.1499999994,2058539.7699999996
TXN000279,20250922,ACC281160,49,CHE,453092,20250925,47707805.39,POST,Y,Y,AUTO-GEN,28,55421,RS,442.28,25908.8,1,45320,2058539.7699999996,2058982.0499999996
TXN000280,20251225,ACC597862,20,MUM,456082,20251229,41032013.2,ADJ,N,Y,AUTO-GEN,59,55370,RM,4680.3,6834.3,0,45090,2058982.0499999996,2063662.3499999996
TXN000281,20250718,ACC210217,20,HYD,457009,20250722,46426520.02,ADJ,N,Y,AUTO-GEN,73,55406,RS,1124.98,21185.2,1,45930,2063662.3499999996,2064787.3299999996
TXN000282,20251130,ACC876743,78,PUN,450637,20251203,47444154.31,POST,Y,Y,AUTO-GEN,51,55167,RS,2753.94,4902.9,0,45991,2064787.3299999996,2067541.2699999996
TXN000283,20250819,ACC636545,20,PUN,454702,20250821,42669384.37,ADJ,Y,N,AUTO-GEN,10,55094,RM,-381.82,33393.5,1,45910,2067541.2699999996,2067159.4499999995
TXN000284,20250717,ACC796503,20,CHE,458014,20250721,43016094.79,POST,Y,Y,AUTO-GEN,32,55469,RM,-1057.0,23344.0,1,45275,2067159.4499999995,2066102.4499999995
TXN000285,20260114,ACC286697,10,PUN,453780,20260116,45076733.0,POST,Y,Y,AUTO-GEN,65,55295,RS,-604.52,39573.3,1,45589,2066102.4499999995,2065497.9299999995
TXN000286,20250504,ACC523808,78,MUM,451441,20250509,49212832.81,ADJ,N,Y,AUTO-GEN,24,55112,RM,4672.36,21266.6,1,45598,2065497.9299999995,2070170.2899999996
TXN000287,20250905,ACC735886,13,HYD,456538,20250910,47906240.07,POST,N,Y,AUTO-GEN,26,55576,RS,1928.68,1456.5,0,45289,2070170.2899999996,2072098.9699999995
TXN000288,20250421,ACC377636,78,CHE,453950,20250425,48969682.47,ADJ,Y,Y,AUTO-GEN,49,55514,RM,-1383.83,22559.1,0,45195,2072098.9699999995,2070715.1399999994
TXN000289,20250601,ACC561280,78,HYD,455622,20250605,43764361.16,POST,N,Y,AUTO-GEN,30,55243,RS,-1796.87,3167.3,0,45543,2070715.1399999994,2068918.2699999993
TXN000290,20250815,ACC798142,20,DEL,457897,20250815,42948213.01,ADJ,N,N,AUTO-GEN,60,55829,RM,2100.44,31269.7,0,45425,2068918.2699999993,2071018.7099999993
TXN000291,20250701,ACC989829,49,DEL,453673,20250702,47320353.43,ADJ,Y,Y,AUTO-GEN,74,55668,RS,-1420.16,37070.8,0,45650,2071018.7099999993,2069598.5499999993
TXN000292,20260318,ACC779218,49,HYD,454550,20260319,48593809.89,POST,Y,Y,AUTO-GEN,72,55702,RM,1239.06,15643.7,0,45633,2069598.5499999993,2070837.6099999994
TXN000293,20250514,ACC148134,10,PUN,456290,20250515,48519123.14,POST,Y,Y,AUTO-GEN,24,55824,RM,534.36,21433.8,0,45859,2070837.6099999994,2071371.9699999995
TXN000294,20250816,ACC600111,78,MUM,458056,20250820,41721855.59,POST,N,N,AUTO-GEN,35,55976,RM,-2952.99,34611.7,1,45210,2071371.9699999995,2068418.9799999995
TXN000295,20250922,ACC427245,49,PUN,459404,20250923,45599621.67,POST,Y,N,AUTO-GEN,68,55603,RM,-4791.42,18125.7,0,45660,2068418.9799999995,2063627.5599999996
TXN000296,20251224,ACC182438,78,MUM,453309,20251228,45308304.75,POST,N,N,AUTO-GEN,54,55132,RS,-4496.22,3318.0,0,45342,2063627.5599999996,2059131.3399999996
TXN000297,20250719,ACC349298,78,HYD,454393,20250720,40099877.59,POST,N,N,AUTO-GEN,48,55684,RM,4052.49,25355.0,0,45436,2059131.3399999996,2063183.8299999996
TXN000298,20251218,ACC130437,78,MUM,453865,20251219,40127367.38,POST,Y,Y,AUTO-GEN,31,55481,RS,2795.27,3763.9,0,45037,2063183.8299999996,2065979.0999999996
TXN000299,20250927,ACC183191,20,PUN,454759,20251001,47792876.58,ADJ,N,N,AUTO-GEN,49,55733,RM,-4662.96,15450.9,0,45108,2065979.0999999996,2061316.1399999997
TXN000300,20250630,ACC340665,10,DEL,457674,20250702,43306743.03,ADJ,Y,N,AUTO-GEN,59,55769,RS,-1170.53,3742.2,0,45348,2061316.1399999997,2060145.6099999996
TXN000301,20260202,ACC184769,19,MUM,451824,20260206,46384063.95,POST,Y,Y,AUTO-GEN,73,55411,RM,824.6,5961.0,0,45547,2060145.6099999996,2060970.2099999997
TXN000302,20251015,ACC649994,20,DEL,455291,20251020,40286036.11,POST,N,Y,AUTO-GEN,22,55319,RM,-1822.04,35000.0,0,45252,2060970.2099999997,2059148.1699999997
TXN000303,20251128,ACC239625,19,DEL,456777,20251130,49773687.9,POST,N,Y,AUTO-GEN,49,55297,RM,575.14,29927.4,0,45301,2059148.1699999997,2059723.3099999996
TXN000304,20251012,ACC496326,19,PUN,455823,20251014,44386376.71,ADJ,N,N,AUTO-GEN,81,55273,RS,56.13,19487.6,0,45847,2059723.3099999996,2059779.4399999995
TXN000305,20260325,ACC654782,10,PUN,454611,20260330,45923862.83,ADJ,Y,N,AUTO-GEN,29,55511,RM,-198.48,38143.3,0,45276,2059779.4399999995,2059580.9599999995
TXN000306,20250826,ACC670183,49,HYD,459021,20250829,48636690.24,ADJ,Y,Y,AUTO-GEN,81,55058,RS,-1636.0,33294.5,0,45541,2059580.9599999995,2057944.9599999995
TXN000307,20250727,ACC434452,20,DEL,450560,20250729,44749153.34,POST,Y,Y,AUTO-GEN,41,55740,RS,-4773.13,15074.5,0,45285,2057944.9599999995,2053171.8299999996
TXN000308,20250620,ACC747297,13,CHE,456292,20250624,45926164.67,POST,N,N,AUTO-GEN,99,55076,RS,-1965.71,12523.0,1,45582,2053171.8299999996,2051206.1199999996
TXN000309,20251106,ACC116834,13,MUM,452909,20251108,41841678.51,POST,Y,N,AUTO-GEN,88,55980,RS,-4819.69,30631.8,0,45121,2051206.1199999996,2046386.4299999997
TXN000310,20260311,ACC191530,78,PUN,457552,20260311,44846073.43,ADJ,N,Y,AUTO-GEN,37,55089,RM,4352.23,19116.4,0,45837,2046386.4299999997,2050738.6599999997
TXN000311,20251024,ACC555569,13,HYD,456754,20251029,44203814.69,POST,Y,Y,AUTO-GEN,81,55247,RM,-4057.93,10255.4,0,45471,2050738.6599999997,2046680.7299999997
TXN000312,20260320,ACC314482,10,CHE,456176,20260324,42787300.81,ADJ,Y,N,AUTO-GEN,30,55478,RS,2192.32,33800.6,1,45918,2046680.7299999997,2048873.0499999998
TXN000313,20250705,ACC383474,49,HYD,453732,20250707,43647872.52,POST,N,Y,AUTO-GEN,54,55459,RS,-320.26,9575.3,0,45735,2048873.0499999998,2048552.7899999998
TXN000314,20250615,ACC555761,10,MUM,459917,20250616,43218833.05,POST,Y,Y,AUTO-GEN,43,55038,RS,-4403.52,9778.7,1,45559,2048552.7899999998,2044149.2699999998
TXN000315,20260130,ACC353853,19,HYD,456087,20260204,45419381.03,POST,Y,N,AUTO-GEN,10,55367,RM,2738.56,15844.8,0,45941,2044149.2699999998,2046887.8299999998
TXN000316,20260218,ACC779643,10,PUN,451565,20260219,48955394.06,POST,Y,N,AUTO-GEN,78,55734,RM,4013.32,31854.0,0,45782,2046887.8299999998,2050901.15
TXN000317,20260317,ACC902989,19,CHE,453058,20260321,48020893.42,ADJ,Y,Y,AUTO-GEN,72,55774,RM,171.67,37841.2,0,45567,2050901.15,2051072.8199999998
TXN000318,20251107,ACC786274,13,DEL,450042,20251112,40604382.72,POST,Y,N,AUTO-GEN,86,55983,RM,-150.58,3092.1,0,45490,2051072.8199999998,2050922.2399999998
TXN000319,20260323,ACC780160,78,PUN,454425,20260324,47658130.44,ADJ,N,Y,AUTO-GEN,48,55869,RS,574.89,21405.5,1,45432,2050922.2399999998,2051497.1299999997
TXN000320,20250423,ACC343544,10,MUM,451898,20250428,45980322.31,ADJ,N,Y,AUTO-GEN,10,55103,RS,-4858.56,8479.9,1,45806,2051497.1299999997,2046638.5699999996
TXN000321,20250512,ACC386621,13,PUN,452820,20250517,45678920.11,ADJ,N,N,AUTO-GEN,44,55572,RM,-333.26,12007.3,0,45208,2046638.5699999996,2046305.3099999996
TXN000322,20260220,ACC635899,20,CHE,457304,20260223,47920691.62,POST,Y,Y,AUTO-GEN,26,55856,RS,-1405.32,22909.9,0,45747,2046305.3099999996,2044899.9899999995
TXN000323,20250813,ACC639390,19,CHE,458289,20250816,46960627.28,ADJ,N,Y,AUTO-GEN,21,55288,RM,-818.75,13360.2,0,45940,2044899.9899999995,2044081.2399999995
TXN000324,20250705,ACC941068,19,MUM,451385,20250709,44948106.78,ADJ,N,Y,AUTO-GEN,87,55164,RM,1863.64,37047.3,0,45695,2044081.2399999995,2045944.8799999994
TXN000325,20250421,ACC378249,20,CHE,457864,20250426,49426295.5,POST,Y,Y,AUTO-GEN,89,55869,RM,-1190.23,10188.9,0,45247,2045944.8799999994,2044754.6499999994
TXN000326,20250720,ACC278294,78,HYD,459139,20250722,44382503.63,ADJ,N,Y,AUTO-GEN,10,55324,RM,-2831.13,32170.0,1,45208,2044754.6499999994,2041923.5199999996
TXN000327,20250820,ACC819869,20,MUM,458625,20250820,40724883.36,ADJ,Y,N,AUTO-GEN,100,55294,RS,-1590.68,32724.1,0,45739,2041923.5199999996,2040332.8399999996
TXN000328,20260117,ACC230529,13,DEL,455759,20260118,47181607.94,ADJ,Y,Y,AUTO-GEN,22,55444,RM,521.55,11076.5,0,45963,2040332.8399999996,2040854.3899999997
TXN000329,20260123,ACC146167,10,PUN,453147,20260126,47682309.15,ADJ,Y,N,AUTO-GEN,86,55297,RM,2056.4,33858.6,0,45036,2040854.3899999997,2042910.7899999996
TXN000330,20251015,ACC857274,78,PUN,459966,20251017,42686287.01,POST,Y,N,AUTO-GEN,92,55093,RM,2656.75,32866.4,0,45859,2042910.7899999996,2045567.5399999996
TXN000331,20260326,ACC782792,10,MUM,454250,20260329,43559557.44,ADJ,Y,Y,AUTO-GEN,27,55128,RS,-2824.56,33153.7,0,45018,2045567.5399999996,2042742.9799999995
TXN000332,20251227,ACC189137,13,HYD,457643,20251227,46253835.74,POST,N,N,AUTO-GEN,80,55942,RS,-1487.76,12510.5,0,45824,2042742.9799999995,2041255.2199999995
TXN000333,20250511,ACC309403,13,HYD,457627,20250512,45395927.74,ADJ,N,Y,AUTO-GEN,50,55123,RM,-2908.07,1078.2,0,45332,2041255.2199999995,2038347.1499999994
TXN000334,20250810,ACC459889,78,DEL,450483,20250815,41622532.56,ADJ,N,N,AUTO-GEN,90,55172,RM,2495.55,20859.7,1,45010,2038347.1499999994,2040842.6999999995
TXN000335,20260104,ACC409669,78,DEL,454775,20260109,49320559.33,ADJ,Y,N,AUTO-GEN,73,55740,RS,1851.87,11129.4,0,45083,2040842.6999999995,2042694.5699999996
TXN000336,20250719,ACC847319,10,HYD,455906,20250723,41382285.67,POST,N,Y,AUTO-GEN,77,55422,RS,-241.66,1364.1,0,45420,2042694.5699999996,2042452.9099999997
TXN000337,20260110,ACC112779,78,DEL,451589,20260110,47831197.69,POST,N,Y,AUTO-GEN,37,55071,RM,3778.17,28296.8,1,45985,2042452.9099999997,2046231.0799999996
TXN000338,20260325,ACC849493,78,DEL,456132,20260328,45369921.21,POST,Y,N,AUTO-GEN,58,55674,RM,-1353.89,39984.2,1,45808,2046231.0799999996,2044877.1899999997
TXN000339,20250503,ACC451915,10,HYD,459458,20250503,43855058.75,POST,Y,N,AUTO-GEN,88,55607,RS,-3316.31,2492.0,0,45202,2044877.1899999997,2041560.8799999997
TXN000340,20250809,ACC531961,78,MUM,457693,20250812,47791356.85,ADJ,N,Y,AUTO-GEN,76,55652,RS,3165.03,21275.1,0,45053,2041560.8799999997,2044725.9099999997
TXN000341,20260102,ACC529308,49,PUN,453617,20260107,47742403.73,ADJ,N,N,AUTO-GEN,94,55266,RS,-1890.88,17270.6,0,45703,2044725.9099999997,2042835.0299999998
TXN000342,20251109,ACC674340,10,HYD,458502,20251110,46126046.81,POST,Y,Y,AUTO-GEN,53,55256,RS,7.51,6423.8,0,45235,2042835.0299999998,2042842.5399999998
TXN000343,20260224,ACC715515,19,CHE,457508,20260224,43231941.16,ADJ,N,Y,AUTO-GEN,47,55654,RS,-342.29,17717.2,1,45012,2042842.5399999998,2042500.2499999998
TXN000344,20260121,ACC725350,78,HYD,452971,20260122,40453143.34,POST,Y,Y,AUTO-GEN,38,55061,RM,4834.72,36629.4,0,45109,2042500.2499999998,2047334.9699999997
TXN000345,20250709,ACC945522,49,DEL,453992,20250714,48532578.12,ADJ,N,N,AUTO-GEN,18,55010,RM,4344.78,28345.3,0,45238,2047334.9699999997,2051679.7499999998
TXN000346,20250713,ACC143282,78,MUM,458726,20250715,42085649.27,POST,N,Y,AUTO-GEN,63,55481,RM,-4927.74,4921.3,0,45129,2051679.7499999998,2046752.0099999998
TXN000347,20260301,ACC384455,20,CHE,453973,20260301,45994268.22,ADJ,Y,Y,AUTO-GEN,22,55211,RM,4763.65,26827.3,0,45171,2046752.0099999998,2051515.6599999997
TXN000348,20250326,ACC545708,13,CHE,450804,20250326,43339677.58,POST,N,Y,AUTO-GEN,54,55739,RM,-4482.31,8149.7,0,45303,2051515.6599999997,2047033.3499999996
TXN000349,20251124,ACC884044,10,CHE,454749,20251128,40202605.19,POST,Y,Y,AUTO-GEN,61,55088,RM,-1272.45,37189.0,0,45672,2047033.3499999996,2045760.8999999997
TXN000350,20251006,ACC413314,13,CHE,454778,20251009,40072422.83,ADJ,Y,N,AUTO-GEN,34,55654,RS,1725.77,32824.2,0,45496,2045760.8999999997,2047486.6699999997
TXN000351,20260201,ACC472940,10,HYD,455048,20260203,49937639.77,POST,Y,Y,AUTO-GEN,23,55996,RM,1782.56,1659.0,1,45552,2047486.6699999997,2049269.2299999997
TXN000352,20251129,ACC207488,49,CHE,451816,20251203,45863280.07,POST,N,N,AUTO-GEN,75,55990,RS,-3027.07,24813.3,0,45307,2049269.2299999997,2046242.1599999997
TXN000353,20260325,ACC908934,78,HYD,452557,20260329,43475550.82,ADJ,N,Y,AUTO-GEN,90,55227,RM,-641.09,14856.9,0,45408,2046242.1599999997,2045601.0699999996
TXN000354,20251105,ACC595962,49,PUN,453486,20251107,41795182.94,ADJ,Y,Y,AUTO-GEN,39,55652,RM,2642.23,6994.3,0,45476,2045601.0699999996,2048243.2999999996
TXN000355,20250517,ACC404326,78,HYD,450335,20250518,43394170.41,POST,Y,Y,AUTO-GEN,80,55095,RS,1429.41,10112.2,0,45797,2048243.2999999996,2049672.7099999995
TXN000356,20251217,ACC318082,13,HYD,452404,20251219,40167051.06,ADJ,N,N,AUTO-GEN,56,55748,RS,-4672.03,35450.7,0,45920,2049672.7099999995,2045000.6799999995
TXN000357,20250512,ACC934154,78,PUN,458072,20250512,41135928.04,POST,Y,N,AUTO-GEN,18,55318,RM,3486.06,8481.4,0,45175,2045000.6799999995,2048486.7399999995
TXN000358,20260216,ACC190132,10,PUN,455851,20260220,41182043.76,ADJ,Y,N,AUTO-GEN,40,55091,RM,-214.01,22703.6,0,45157,2048486.7399999995,2048272.7299999995
TXN000359,20251106,ACC659371,19,DEL,454237,20251111,43181963.82,POST,N,N,AUTO-GEN,53,55914,RM,4820.87,29896.2,0,45708,2048272.7299999995,2053093.5999999996
TXN000360,20251225,ACC302020,19,HYD,453473,20251229,42218204.31,ADJ,Y,Y,AUTO-GEN,83,55859,RS,-1596.33,30543.5,0,45060,2053093.5999999996,2051497.2699999996
TXN000361,20250925,ACC457050,19,PUN,459681,20250929,43484850.43,POST,Y,N,AUTO-GEN,29,55882,RS,2869.96,6676.4,0,45910,2051497.2699999996,2054367.2299999995
TXN000362,20250820,ACC699324,19,CHE,458424,20250825,42696943.12,POST,N,N,AUTO-GEN,93,55395,RS,2574.12,34639.2,0,45983,2054367.2299999995,2056941.3499999996
TXN000363,20250330,ACC182797,20,MUM,457806,20250404,41570067.96,ADJ,N,N,AUTO-GEN,73,55919,RM,-1230.6,2749.9,1,45564,2056941.3499999996,2055710.7499999995
TXN000364,20250507,ACC947433,19,HYD,457046,20250511,48474397.36,POST,Y,Y,AUTO-GEN,25,55620,RM,-3194.6,29823.2,0,45210,2055710.7499999995,2052516.1499999994
TXN000365,20250626,ACC687765,19,DEL,451170,20250629,48377291.61,ADJ,N,Y,AUTO-GEN,29,55955,RS,2342.94,2769.6,0,45480,2052516.1499999994,2054859.0899999994
TXN000366,20250512,ACC418767,10,CHE,454460,20250514,49497478.5,POST,Y,Y,AUTO-GEN,39,55934,RM,2740.58,11739.4,1,45917,2054859.0899999994,2057599.6699999995
TXN000367,20251111,ACC885332,13,MUM,455223,20251116,40602340.69,POST,N,Y,AUTO-GEN,45,55773,RS,59.97,16890.8,1,45433,2057599.6699999995,2057659.6399999994
TXN000368,20250929,ACC963109,13,HYD,459671,20250929,46405082.62,ADJ,Y,Y,AUTO-GEN,41,55951,RS,-658.47,5685.8,0,45231,2057659.6399999994,2057001.1699999995
TXN000369,20250523,ACC193593,10,HYD,455345,20250526,43880235.96,ADJ,Y,Y,AUTO-GEN,72,55179,RM,4363.51,4630.7,1,45596,2057001.1699999995,2061364.6799999995
TXN000370,20250429,ACC390610,19,PUN,457030,20250429,42138973.15,ADJ,N,Y,AUTO-GEN,76,55154,RM,4851.54,16594.6,0,45268,2061364.6799999995,2066216.2199999995
TXN000371,20260102,ACC638260,78,MUM,458597,20260102,46285203.73,ADJ,Y,Y,AUTO-GEN,26,55009,RS,-3802.61,10486.8,0,45249,2066216.2199999995,2062413.6099999994
TXN000372,20250517,ACC590884,19,HYD,459915,20250520,43361301.44,ADJ,N,N,AUTO-GEN,91,55085,RS,-4948.03,18955.8,0,45081,2062413.6099999994,2057465.5799999994
TXN000373,20260114,ACC625099,10,HYD,450710,20260117,45010917.5,ADJ,Y,N,AUTO-GEN,47,55680,RM,-2922.89,3883.7,1,45890,2057465.5799999994,2054542.6899999995
TXN000374,20251210,ACC968933,78,PUN,458395,20251211,46028056.16,POST,Y,N,AUTO-GEN,36,55612,RM,-4456.07,6428.5,0,45529,2054542.6899999995,2050086.6199999994
TXN000375,20250415,ACC964329,78,DEL,450869,20250420,48725331.09,POST,Y,N,AUTO-GEN,45,55222,RS,1054.68,24324.5,0,45477,2050086.6199999994,2051141.2999999993
TXN000376,20250405,ACC460126,19,CHE,457466,20250406,48586668.0,POST,Y,Y,AUTO-GEN,70,55850,RS,-402.89,27590.2,1,45042,2051141.2999999993,2050738.4099999995
TXN000377,20260210,ACC153223,78,HYD,457321,20260215,43204466.95,POST,Y,Y,AUTO-GEN,77,55400,RS,1681.08,25331.1,0,45264,2050738.4099999995,2052419.4899999995
TXN000378,20251129,ACC127290,20,DEL,459465,20251202,49502045.11,ADJ,N,Y,AUTO-GEN,29,55962,RS,-2298.69,25408.5,0,45936,2052419.4899999995,2050120.7999999996
TXN000379,20251030,ACC460115,49,DEL,451681,20251103,48353622.19,ADJ,N,Y,AUTO-GEN,88,55047,RM,-2951.49,8504.3,1,45335,2050120.7999999996,2047169.3099999996
TXN000380,20260318,ACC382344,19,PUN,454597,20260323,43531511.76,POST,Y,N,AUTO-GEN,99,55232,RS,2484.55,18023.5,1,45593,2047169.3099999996,2049653.8599999996
TXN000381,20250623,ACC250348,78,PUN,450166,20250624,42675466.45,POST,Y,N,AUTO-GEN,12,55546,RS,2981.56,12733.6,1,45140,2049653.8599999996,2052635.4199999997
TXN000382,20250413,ACC844528,10,PUN,454645,20250417,47336687.31,POST,N,Y,AUTO-GEN,96,55079,RM,-3947.59,26952.8,1,45918,2052635.4199999997,2048687.8299999996
TXN000383,20250408,ACC455238,10,MUM,450605,20250412,44380125.04,ADJ,Y,N,AUTO-GEN,34,55629,RS,274.47,8152.6,0,45050,2048687.8299999996,2048962.2999999996
TXN000384,20251021,ACC697110,49,CHE,453223,20251024,47965919.33,ADJ,Y,N,AUTO-GEN,99,55043,RS,3585.73,19490.7,0,45200,2048962.2999999996,2052548.0299999996
TXN000385,20251026,ACC292843,13,PUN,459895,20251030,41849344.7,POST,Y,Y,AUTO-GEN,74,55209,RS,3025.84,9501.6,0,45298,2052548.0299999996,2055573.8699999996
TXN000386,20251212,ACC104605,78,CHE,452756,20251214,42249653.0,POST,N,Y,AUTO-GEN,54,55273,RS,-3582.21,39076.1,0,45402,2055573.8699999996,2051991.6599999997
TXN000387,20251027,ACC632966,49,HYD,457525,20251030,47918005.6,POST,Y,Y,AUTO-GEN,87,55688,RS,4048.91,25450.0,1,45611,2051991.6599999997,2056040.5699999996
TXN000388,20251125,ACC491679,20,PUN,451864,20251129,48105712.37,ADJ,Y,N,AUTO-GEN,78,55699,RM,561.46,6272.9,0,45467,2056040.5699999996,2056602.0299999996
TXN000389,20251031,ACC723552,78,HYD,453118,20251103,40625980.26,POST,N,N,AUTO-GEN,51,55530,RM,3708.41,23714.0,1,45146,2056602.0299999996,2060310.4399999995
TXN000390,20251127,ACC150120,13,MUM,450287,20251202,45105402.32,POST,Y,Y,AUTO-GEN,28,55795,RM,-785.74,34176.9,1,45231,2060310.4399999995,2059524.6999999995
TXN000391,20250808,ACC360907,19,PUN,453531,20250813,40099803.23,ADJ,Y,N,AUTO-GEN,84,55363,RS,4751.13,22588.4,1,45516,2059524.6999999995,2064275.8299999994
TXN000392,20260126,ACC516337,19,CHE,457695,20260128,47011902.52,POST,Y,Y,AUTO-GEN,97,55754,RS,4948.42,10752.0,0,45931,2064275.8299999994,2069224.2499999993
TXN000393,20260128,ACC816619,20,PUN,454051,20260201,47053946.47,ADJ,N,N,AUTO-GEN,77,55120,RM,3091.44,9375.1,0,45424,2069224.2499999993,2072315.6899999992
TXN000394,20260205,ACC528885,19,MUM,453867,20260208,48741137.77,POST,Y,Y,AUTO-GEN,20,55419,RS,-3542.18,12458.7,0,45221,2072315.6899999992,2068773.5099999993
TXN000395,20250519,ACC683907,10,DEL,455830,20250520,43607830.57,POST,Y,Y,AUTO-GEN,37,55151,RM,-1050.82,8227.8,0,45586,2068773.5099999993,2067722.6899999992
TXN000396,20251113,ACC589663,19,CHE,451291,20251118,48322893.24,POST,Y,Y,AUTO-GEN,27,55194,RS,3937.49,30196.7,0,45819,2067722.6899999992,2071660.1799999992
TXN000397,20251122,ACC955000,49,MUM,452147,20251124,44332747.92,POST,Y,N,AUTO-GEN,94,55049,RS,3481.26,17137.5,0,45826,2071660.1799999992,2075141.4399999992
TXN000398,20250903,ACC278729,10,DEL,458323,20250905,40765640.52,ADJ,N,N,AUTO-GEN,65,55197,RS,739.99,35489.1,1,45814,2075141.4399999992,2075881.4299999992
TXN000399,20251123,ACC136591,49,MUM,459238,20251124,43103771.58,POST,N,N,AUTO-GEN,93,55723,RM,-2873.94,28380.7,0,45580,2075881.4299999992,2073007.4899999993
TXN000400,20250512,ACC220768,20,HYD,453792,20250515,41684402.28,ADJ,N,N,AUTO-GEN,84,55697,RS,-4598.43,23124.6,0,45960,2073007.4899999993,2068409.0599999994
TXN000401,20250906,ACC512745,10,CHE,457604,20250911,43405580.56,ADJ,Y,Y,AUTO-GEN,92,55726,RS,1197.04,11248.5,1,45854,2068409.0599999994,2069606.0999999994
TXN000402,20251031,ACC748254,13,HYD,451091,20251104,42564996.69,ADJ,N,Y,AUTO-GEN,74,55302,RS,-4041.23,29997.0,0,45278,2069606.0999999994,2065564.8699999994
TXN000403,20250830,ACC872029,20,PUN,453760,20250831,41430139.61,POST,Y,Y,AUTO-GEN,11,55593,RS,-3066.95,23539.1,0,45819,2065564.8699999994,2062497.9199999995
TXN000404,20250527,ACC529747,20,MUM,457335,20250529,46987733.69,ADJ,Y,Y,AUTO-GEN,78,55897,RM,2708.35,23644.1,0,45941,2062497.9199999995,2065206.2699999996
TXN000405,20251113,ACC752559,10,CHE,459713,20251118,48784136.55,POST,N,Y,AUTO-GEN,77,55835,RS,2305.68,16286.8,0,45604,2065206.2699999996,2067511.9499999995
TXN000406,20250724,ACC175038,19,DEL,451052,20250728,40744325.63,ADJ,N,Y,AUTO-GEN,62,55497,RM,-1986.63,10384.9,0,45792,2067511.9499999995,2065525.3199999996
TXN000407,20251215,ACC100563,10,HYD,453898,20251217,40751486.01,POST,Y,N,AUTO-GEN,44,55535,RM,1551.71,25226.3,0,45910,2065525.3199999996,2067077.0299999996
TXN000408,20250509,ACC265585,49,MUM,456904,20250511,43508631.19,ADJ,N,N,AUTO-GEN,51,55697,RM,2102.18,16385.8,0,45675,2067077.0299999996,2069179.2099999995
TXN000409,20260201,ACC200257,20,HYD,452805,20260204,44702903.22,POST,Y,Y,AUTO-GEN,72,55711,RS,3751.88,39975.1,1,45955,2069179.2099999995,2072931.0899999994
TXN000410,20250619,ACC443106,78,CHE,458569,20250621,47918466.45,ADJ,N,N,AUTO-GEN,37,55777,RM,4417.08,15972.4,0,45689,2072931.0899999994,2077348.1699999995
TXN000411,20250412,ACC246390,78,CHE,459220,20250416,43355690.26,ADJ,Y,Y,AUTO-GEN,15,55580,RS,2396.27,37194.7,0,45455,2077348.1699999995,2079744.4399999995
TXN000412,20250702,ACC949124,20,DEL,458171,20250706,42201233.4,POST,Y,Y,AUTO-GEN,44,55389,RS,2677.74,7518.3,0,45658,2079744.4399999995,2082422.1799999995
TXN000413,20251214,ACC881569,13,DEL,454983,20251215,40751002.96,POST,Y,N,AUTO-GEN,52,55267,RM,-2883.03,28162.2,1,45835,2082422.1799999995,2079539.1499999994
TXN000414,20250331,ACC184438,19,HYD,451333,20250403,49631146.25,ADJ,Y,N,AUTO-GEN,32,55394,RS,4781.05,18153.6,0,45464,2079539.1499999994,2084320.1999999995
TXN000415,20260201,ACC196021,78,CHE,456679,20260201,46621763.05,POST,Y,N,AUTO-GEN,97,55366,RS,2392.13,16362.1,0,45472,2084320.1999999995,2086712.3299999994
TXN000416,20250820,ACC155111,10,HYD,450780,20250820,41535743.56,POST,N,N,AUTO-GEN,68,55340,RM,-3623.87,30366.7,0,45349,2086712.3299999994,2083088.4599999993
TXN000417,20250908,ACC857782,10,PUN,451804,20250911,42333886.47,POST,Y,Y,AUTO-GEN,23,55173,RM,3883.04,28989.1,0,45498,2083088.4599999993,2086971.4999999993
TXN000418,20260308,ACC927786,20,DEL,456299,20260310,40921506.16,ADJ,Y,N,AUTO-GEN,84,55606,RS,-2062.75,8700.7,0,45945,2086971.4999999993,2084908.7499999993
TXN000419,20250926,ACC836537,78,DEL,454346,20250928,47918738.49,ADJ,Y,Y,AUTO-GEN,17,55777,RS,6.97,3169.0,1,45876,2084908.7499999993,2084915.7199999993
TXN000420,20250410,ACC950791,10,CHE,450975,20250414,49736393.47,ADJ,Y,N,AUTO-GEN,44,55070,RS,1557.2,18260.7,0,45518,2084915.7199999993,2086472.9199999992
TXN000421,20251009,ACC548169,49,PUN,455634,20251011,42629890.68,POST,N,Y,AUTO-GEN,85,55695,RS,-3649.07,11652.9,0,45344,2086472.9199999992,2082823.8499999992
TXN000422,20250514,ACC634328,49,DEL,455534,20250519,47773944.03,ADJ,Y,Y,AUTO-GEN,58,55854,RM,407.42,2255.0,0,45841,2082823.8499999992,2083231.269999999
TXN000423,20250809,ACC237568,19,CHE,450650,20250810,46628601.41,ADJ,N,Y,AUTO-GEN,17,55730,RS,-2699.91,29938.6,0,45657,2083231.269999999,2080531.3599999992
TXN000424,20250810,ACC844881,49,HYD,451524,20250813,49814245.28,POST,Y,N,AUTO-GEN,87,55654,RS,4323.45,20976.7,0,45250,2080531.3599999992,2084854.8099999991
TXN000425,20250912,ACC199818,20,CHE,459864,20250914,48187421.36,POST,N,N,AUTO-GEN,78,55933,RS,-3544.77,9628.9,1,45448,2084854.8099999991,2081310.039999999
TXN000426,20251029,ACC258427,13,DEL,450148,20251031,40796413.52,ADJ,Y,Y,AUTO-GEN,78,55906,RS,1284.13,6073.4,0,45414,2081310.039999999,2082594.169999999
TXN000427,20260105,ACC661328,10,PUN,459837,20260105,40672173.77,POST,Y,Y,AUTO-GEN,99,55111,RM,-1768.92,15894.5,0,45693,2082594.169999999,2080825.249999999
TXN000428,20251111,ACC209351,49,PUN,458966,20251115,44982596.57,POST,Y,N,AUTO-GEN,88,55951,RM,4662.19,15331.3,0,45794,2080825.249999999,2085487.439999999
TXN000429,20250717,ACC808444,20,CHE,454098,20250718,42790927.69,POST,Y,Y,AUTO-GEN,22,55813,RM,-1580.98,3696.6,0,45782,2085487.439999999,2083906.459999999
TXN000430,20260123,ACC167725,10,HYD,453335,20260124,46461085.08,POST,Y,Y,AUTO-GEN,49,55078,RS,-3634.67,6538.5,0,45608,2083906.459999999,2080271.789999999
TXN000431,20260206,ACC869536,13,PUN,457265,20260207,47573199.92,ADJ,Y,Y,AUTO-GEN,75,55478,RM,575.69,30201.7,0,45304,2080271.789999999,2080847.479999999
TXN000432,20260221,ACC842200,10,HYD,455180,20260224,45753867.54,POST,N,Y,AUTO-GEN,39,55926,RM,4002.54,30977.6,1,45072,2080847.479999999,2084850.019999999
TXN000433,20260129,ACC484048,19,MUM,456638,20260202,42573889.98,ADJ,N,N,AUTO-GEN,70,55449,RM,-4782.55,32200.9,0,45974,2084850.019999999,2080067.469999999
TXN000434,20251031,ACC428083,13,CHE,456852,20251031,46173438.29,ADJ,Y,Y,AUTO-GEN,33,55649,RS,2568.87,14937.6,0,45850,2080067.469999999,2082636.3399999992
TXN000435,20250902,ACC791580,20,PUN,450205,20250907,49937880.85,POST,Y,Y,AUTO-GEN,33,55954,RM,-3206.38,3881.9,0,45010,2082636.3399999992,2079429.9599999993
TXN000436,20260215,ACC229210,10,PUN,458176,20260217,47613786.41,ADJ,Y,N,AUTO-GEN,96,55120,RS,1845.7,22035.5,1,45532,2079429.9599999993,2081275.6599999992
TXN000437,20250401,ACC237353,78,CHE,451362,20250405,44863314.56,POST,Y,Y,AUTO-GEN,90,55080,RM,696.45,12580.8,0,45664,2081275.6599999992,2081972.1099999992
TXN000438,20260123,ACC954286,78,HYD,454402,20260124,42899830.47,POST,N,Y,AUTO-GEN,89,55245,RM,-2264.4,18996.2,0,45361,2081972.1099999992,2079707.7099999993
TXN000439,20250418,ACC174723,19,HYD,458607,20250419,40816918.86,POST,Y,Y,AUTO-GEN,17,55855,RM,-43.56,38031.1,0,45409,2079707.7099999993,2079664.1499999992
TXN000440,20251202,ACC218752,20,DEL,458345,20251204,49605350.18,POST,N,Y,AUTO-GEN,74,55792,RM,-1948.15,16480.7,1,45081,2079664.1499999992,2077715.9999999993
TXN000441,20250528,ACC872608,78,MUM,452914,20250531,41678761.92,POST,Y,N,AUTO-GEN,89,55763,RS,-1742.84,8413.7,0,45529,2077715.9999999993,2075973.1599999992
TXN000442,20260125,ACC170302,10,PUN,459373,20260126,44866226.65,ADJ,N,Y,AUTO-GEN,83,55896,RM,1628.26,10423.3,0,45750,2075973.1599999992,2077601.4199999992
TXN000443,20251216,ACC405161,49,DEL,457002,20251219,43960126.03,POST,Y,Y,AUTO-GEN,43,55811,RM,2923.34,28931.5,0,45327,2077601.4199999992,2080524.7599999993
TXN000444,20250627,ACC144660,49,HYD,451656,20250702,44858474.25,POST,Y,N,AUTO-GEN,83,55781,RM,-935.01,11084.8,1,45700,2080524.7599999993,2079589.7499999993
TXN000445,20251103,ACC570701,13,CHE,454814,20251103,40382965.72,POST,N,N,AUTO-GEN,86,55335,RS,-222.9,26955.9,1,45948,2079589.7499999993,2079366.8499999994
TXN000446,20250926,ACC169061,20,HYD,457354,20250928,47333751.18,ADJ,N,N,AUTO-GEN,35,55909,RS,-2770.06,8484.5,0,45406,2079366.8499999994,2076596.7899999993
TXN000447,20260316,ACC361133,13,CHE,456825,20260317,49481188.81,ADJ,N,Y,AUTO-GEN,95,55086,RS,-891.5,25022.3,0,45972,2076596.7899999993,2075705.2899999993
TXN000448,20260214,ACC309261,10,HYD,454823,20260218,44483631.99,ADJ,N,Y,AUTO-GEN,21,55666,RS,3021.24,14860.9,1,45201,2075705.2899999993,2078726.5299999993
TXN000449,20251113,ACC591445,20,HYD,455279,20251117,46440195.05,ADJ,Y,Y,AUTO-GEN,57,55314,RM,-2704.8,23540.3,1,45167,2078726.5299999993,2076021.7299999993
TXN000450,20250501,ACC758177,10,HYD,455911,20250506,43915334.44,ADJ,N,N,AUTO-GEN,89,55066,RM,-928.67,19847.6,0,45993,2076021.7299999993,2075093.0599999994
TXN000451,20251003,ACC377856,78,DEL,452158,20251004,45358521.28,POST,Y,N,AUTO-GEN,40,55246,RM,4247.77,11121.6,0,45899,2075093.0599999994,2079340.8299999994
TXN000452,20250920,ACC753760,20,HYD,458040,20250925,45424116.98,ADJ,N,Y,AUTO-GEN,10,55151,RM,-1878.4,22845.1,1,45977,2079340.8299999994,2077462.4299999995
TXN000453,20250901,ACC909566,13,CHE,454495,20250902,42548757.84,POST,Y,N,AUTO-GEN,91,55553,RS,-761.87,15916.9,0,45246,2077462.4299999995,2076700.5599999994
TXN000454,20251108,ACC371890,78,CHE,458729,20251111,47959963.77,POST,N,N,AUTO-GEN,26,55560,RM,2382.35,6484.5,0,45729,2076700.5599999994,2079082.9099999995
TXN000455,20260318,ACC363207,49,CHE,451102,20260323,42681337.05,ADJ,Y,N,AUTO-GEN,60,55735,RM,30.43,12247.0,0,45306,2079082.9099999995,2079113.3399999994
TXN000456,20251114,ACC552511,78,PUN,457872,20251116,46700182.84,POST,N,Y,AUTO-GEN,92,55812,RM,3314.43,23828.9,0,45007,2079113.3399999994,2082427.7699999993
TXN000457,20250527,ACC105143,13,HYD,450351,20250529,46022486.08,ADJ,N,Y,AUTO-GEN,93,55027,RS,4525.73,29303.0,0,45757,2082427.7699999993,2086953.4999999993
TXN000458,20250719,ACC194324,20,DEL,451281,20250719,48327695.57,POST,N,Y,AUTO-GEN,81,55992,RM,-4409.79,10653.3,1,45771,2086953.4999999993,2082543.7099999993
TXN000459,20251006,ACC703812,13,MUM,454062,20251010,47358257.63,ADJ,Y,N,AUTO-GEN,47,55086,RS,-808.87,30874.8,0,45253,2082543.7099999993,2081734.8399999992
TXN000460,20251122,ACC318733,10,PUN,456650,20251124,41657638.96,POST,Y,N,AUTO-GEN,26,55901,RM,152.47,13497.5,1,45190,2081734.8399999992,2081887.3099999991
TXN000461,20251106,ACC652730,13,HYD,458844,20251108,43483318.34,POST,Y,Y,AUTO-GEN,86,55624,RS,334.04,39437.3,0,45676,2081887.3099999991,2082221.3499999992
TXN000462,20250812,ACC761097,49,MUM,457386,20250815,48389484.02,POST,Y,N,AUTO-GEN,60,55475,RS,3326.21,6681.8,0,45722,2082221.3499999992,2085547.5599999991
TXN000463,20260323,ACC125822,10,HYD,456498,20260325,40525143.15,ADJ,N,Y,AUTO-GEN,92,55195,RM,-3110.55,37617.3,1,45260,2085547.5599999991,2082437.009999999
TXN000464,20260308,ACC290587,20,PUN,452232,20260312,49772347.19,ADJ,N,Y,AUTO-GEN,18,55752,RS,-4664.9,9793.1,1,45248,2082437.009999999,2077772.1099999992
TXN000465,20250722,ACC266269,49,DEL,450292,20250726,48905578.7,POST,Y,N,AUTO-GEN,93,55581,RS,-4553.58,30598.7,0,45797,2077772.1099999992,2073218.529999999
TXN000466,20250922,ACC533677,78,CHE,450218,20250926,49911464.88,ADJ,N,N,AUTO-GEN,61,55505,RM,2574.93,23233.8,0,45983,2073218.529999999,2075793.459999999
TXN000467,20250802,ACC702346,13,PUN,454868,20250802,43517969.61,POST,N,Y,AUTO-GEN,57,55495,RM,4209.16,32174.8,0,45523,2075793.459999999,2080002.619999999
TXN000468,20250528,ACC240951,10,PUN,457693,20250528,45697644.6,POST,Y,Y,AUTO-GEN,66,55011,RS,791.21,35454.1,0,45896,2080002.619999999,2080793.829999999
TXN000469,20250620,ACC159875,20,PUN,456674,20250625,48795159.2,POST,Y,Y,AUTO-GEN,95,55905,RM,-4137.92,34676.0,1,45334,2080793.829999999,2076655.909999999
TXN000470,20251201,ACC324605,19,DEL,453951,20251204,46815355.54,POST,N,N,AUTO-GEN,76,55413,RM,-4411.05,19365.9,0,45645,2076655.909999999,2072244.859999999
TXN000471,20251128,ACC881504,10,MUM,452880,20251128,48772701.0,ADJ,N,Y,AUTO-GEN,16,55556,RM,2715.59,21685.1,1,45591,2072244.859999999,2074960.449999999
TXN000472,20251212,ACC476670,20,HYD,452596,20251213,46477541.42,ADJ,Y,Y,AUTO-GEN,94,55784,RM,4228.4,31754.1,0,45235,2074960.449999999,2079188.849999999
TXN000473,20260306,ACC833170,10,MUM,455605,20260306,41249739.13,POST,Y,N,AUTO-GEN,38,55252,RS,1985.29,29519.4,0,45222,2079188.849999999,2081174.139999999
TXN000474,20260326,ACC934854,78,HYD,456835,20260328,43485145.87,POST,N,N,AUTO-GEN,71,55806,RM,-1285.56,31426.0,1,45503,2081174.139999999,2079888.579999999
TXN000475,20260303,ACC499809,20,MUM,454106,20260306,48268195.2,POST,Y,Y,AUTO-GEN,70,55468,RM,-878.32,19249.7,0,45602,2079888.579999999,2079010.2599999988
TXN000476,20250501,ACC432233,13,DEL,453500,20250505,48880579.57,POST,Y,N,AUTO-GEN,19,55231,RS,-1739.44,25964.3,0,45003,2079010.2599999988,2077270.819999999
TXN000477,20260210,ACC975110,20,PUN,454646,20260210,48828522.42,ADJ,Y,N,AUTO-GEN,21,55659,RM,298.36,34903.9,0,45749,2077270.819999999,2077569.179999999
TXN000478,20260201,ACC790336,10,MUM,451872,20260203,44300075.43,ADJ,Y,Y,AUTO-GEN,51,55741,RS,-4943.1,37881.2,0,45480,2077569.179999999,2072626.079999999
TXN000479,20250425,ACC469642,13,CHE,458765,20250430,42216161.6,ADJ,N,N,AUTO-GEN,88,55122,RS,998.16,9717.8,0,45395,2072626.079999999,2073624.2399999988
TXN000480,20260129,ACC597808,49,DEL,453284,20260131,48840866.22,ADJ,Y,Y,AUTO-GEN,66,55418,RM,3678.95,34450.6,0,45577,2073624.2399999988,2077303.1899999988
TXN000481,20251222,ACC415261,49,PUN,457399,20251223,49619842.07,POST,Y,Y,AUTO-GEN,31,55567,RM,-3760.48,4648.8,1,45034,2077303.1899999988,2073542.7099999988
TXN000482,20250711,ACC131667,19,HYD,458872,20250712,40946859.8,POST,N,N,AUTO-GEN,43,55875,RM,-2199.74,18176.9,0,45893,2073542.7099999988,2071342.9699999988
TXN000483,20260120,ACC991571,78,PUN,451272,20260124,45793683.85,ADJ,N,N,AUTO-GEN,92,55551,RS,-2161.5,22140.2,1,45347,2071342.9699999988,2069181.4699999988
TXN000484,20260325,ACC914200,49,HYD,452461,20260325,42639699.47,POST,N,N,AUTO-GEN,91,55303,RM,-2068.09,20376.6,0,45625,2069181.4699999988,2067113.3799999987
TXN000485,20250502,ACC346761,19,CHE,455511,20250507,46168591.29,POST,N,N,AUTO-GEN,18,55653,RM,3573.91,35197.0,0,45183,2067113.3799999987,2070687.2899999986
TXN000486,20251102,ACC898756,13,HYD,457831,20251102,49231290.91,ADJ,Y,Y,AUTO-GEN,65,55123,RM,-4685.01,39598.1,0,45092,2070687.2899999986,2066002.2799999986
TXN000487,20260203,ACC904666,78,PUN,458348,20260207,49035413.02,POST,Y,Y,AUTO-GEN,17,55289,RS,671.69,4699.4,0,45205,2066002.2799999986,2066673.9699999986
TXN000488,20250603,ACC338748,78,MUM,458160,20250603,42302781.47,ADJ,N,N,AUTO-GEN,66,55432,RS,539.43,25562.1,1,45902,2066673.9699999986,2067213.3999999985
TXN000489,20250810,ACC867627,49,PUN,456006,20250815,41679861.82,ADJ,N,N,AUTO-GEN,60,55021,RS,-2891.33,10907.7,0,45355,2067213.3999999985,2064322.0699999984
TXN000490,20250620,ACC416090,49,MUM,452152,20250624,46913592.43,POST,N,Y,AUTO-GEN,39,55974,RM,-2826.32,20156.2,1,45270,2064322.0699999984,2061495.7499999984
TXN000491,20250812,ACC474199,49,PUN,451289,20250814,42301899.94,ADJ,Y,Y,AUTO-GEN,77,55086,RM,-464.75,28986.4,0,45676,2061495.7499999984,2061030.9999999984
TXN000492,20260111,ACC425526,78,DEL,451970,20260116,47459589.45,ADJ,N,N,AUTO-GEN,75,55741,RM,-55.85,16696.2,1,45814,2061030.9999999984,2060975.1499999983
TXN000493,20251010,ACC841183,78,CHE,459365,20251012,43634344.45,ADJ,N,N,AUTO-GEN,52,55590,RM,3954.44,23743.5,0,45093,2060975.1499999983,2064929.5899999982
TXN000494,20260220,ACC938262,19,HYD,455374,20260223,49068238.4,POST,N,Y,AUTO-GEN,93,55204,RS,-1994.29,31973.0,0,45792,2064929.5899999982,2062935.2999999982
TXN000495,20250902,ACC808116,78,DEL,455243,20250905,49838645.5,POST,N,N,AUTO-GEN,13,55096,RM,-4385.29,25519.7,1,45000,2062935.2999999982,2058550.0099999981
TXN000496,20250620,ACC111709,19,DEL,458717,20250622,41809516.66,POST,N,N,AUTO-GEN,95,55065,RM,-4074.13,33471.1,0,45074,2058550.0099999981,2054475.8799999983
TXN000497,20250629,ACC842384,20,CHE,453951,20250704,46609270.24,ADJ,N,N,AUTO-GEN,90,55988,RS,3646.27,33611.1,1,45356,2054475.8799999983,2058122.1499999983
TXN000498,20260111,ACC862923,13,DEL,455822,20260114,47874600.02,ADJ,N,N,AUTO-GEN,19,55232,RS,-2798.88,2405.0,1,45688,2058122.1499999983,2055323.2699999984
TXN000499,20251201,ACC618916,20,MUM,452223,20251201,44736999.59,POST,N,Y,AUTO-GEN,29,55521,RS,-2261.86,31865.2,0,45592,2055323.2699999984,2053061.4099999983
TXN000500,20251227,ACC215521,78,DEL,457676,20251229,46225477.45,POST,Y,N,AUTO-GEN,22,55218,RM,-2762.62,4666.3,0,45259,2053061.4099999983,2050298.7899999982
TXN000501,20250825,ACC698653,20,HYD,453940,20250825,48903041.27,ADJ,Y,N,AUTO-GEN,34,55672,RM,-2293.04,3676.5,0,45794,2050298.7899999982,2048005.7499999981
TXN000502,20250920,ACC189652,78,MUM,457451,20250925,48940365.32,POST,Y,Y,AUTO-GEN,27,55379,RS,413.62,39500.6,1,45210,2048005.7499999981,2048419.3699999982
TXN000503,20250630,ACC278249,78,MUM,456618,20250704,45514609.55,POST,Y,Y,AUTO-GEN,78,55755,RS,3516.45,30119.3,0,45756,2048419.3699999982,2051935.8199999982
TXN000504,20250523,ACC634318,78,DEL,450461,20250526,40572078.69,ADJ,Y,Y,AUTO-GEN,40,55082,RS,-2469.9,8116.4,0,45636,2051935.8199999982,2049465.9199999983
TXN000505,20251203,ACC599205,20,CHE,456463,20251207,47017247.74,POST,N,Y,AUTO-GEN,89,55580,RM,-2228.66,10353.0,0,45186,2049465.9199999983,2047237.2599999984
TXN000506,20250807,ACC731649,10,CHE,450821,20250812,48792943.73,ADJ,Y,Y,AUTO-GEN,71,55052,RS,3568.44,33501.2,0,45180,2047237.2599999984,2050805.6999999983
TXN000507,20260318,ACC840860,78,PUN,455014,20260322,41710501.33,ADJ,Y,Y,AUTO-GEN,43,55427,RS,-2642.24,39885.9,0,45839,2050805.6999999983,2048163.4599999983
TXN000508,20250612,ACC577156,19,HYD,457514,20250616,47456754.11,ADJ,Y,N,AUTO-GEN,39,55839,RS,2111.01,14101.9,0,45769,2048163.4599999983,2050274.4699999983
TXN000509,20250828,ACC742213,78,DEL,457127,20250831,45241566.27,POST,N,Y,AUTO-GEN,26,55383,RS,3646.01,8363.7,1,45035,2050274.4699999983,2053920.4799999984
TXN000510,20250617,ACC650182,19,HYD,459516,20250621,47145196.5,POST,N,N,AUTO-GEN,24,55107,RM,-4861.45,1950.6,0,45759,2053920.4799999984,2049059.0299999984
TXN000511,20260123,ACC769508,19,CHE,451674,20260127,47011908.6,ADJ,N,Y,AUTO-GEN,50,55101,RS,735.05,29268.0,1,45674,2049059.0299999984,2049794.0799999984
TXN000512,20250830,ACC935052,20,HYD,452135,20250830,46066359.92,POST,N,N,AUTO-GEN,64,55917,RM,2216.1,16916.0,0,45681,2049794.0799999984,2052010.1799999985
TXN000513,20250516,ACC477259,20,PUN,452094,20250516,49524065.04,ADJ,Y,Y,AUTO-GEN,12,55209,RS,2074.66,14628.9,0,45140,2052010.1799999985,2054084.8399999985
TXN000514,20250708,ACC681136,20,CHE,450972,20250713,45910518.97,POST,N,Y,AUTO-GEN,14,55443,RM,-378.55,33442.4,0,45192,2054084.8399999985,2053706.2899999984
TXN000515,20260107,ACC154355,19,PUN,459859,20260112,46315193.12,POST,N,Y,AUTO-GEN,31,55184,RM,-1477.51,34568.0,0,45706,2053706.2899999984,2052228.7799999984
TXN000516,20260123,ACC296020,13,DEL,450838,20260128,47426052.09,POST,Y,N,AUTO-GEN,63,55152,RS,2592.42,20924.0,0,45957,2052228.7799999984,2054821.1999999983
TXN000517,20260128,ACC429593,20,DEL,457875,20260131,41870333.66,POST,Y,Y,AUTO-GEN,99,55046,RS,3637.86,37315.4,0,45578,2054821.1999999983,2058459.0599999984
TXN000518,20251009,ACC403593,78,PUN,455607,20251011,47224077.86,ADJ,N,Y,AUTO-GEN,30,55180,RS,3062.09,33523.4,0,45278,2058459.0599999984,2061521.1499999985
TXN000519,20250414,ACC260358,49,PUN,455684,20250419,45231451.2,POST,Y,N,AUTO-GEN,51,55886,RM,-184.53,30650.2,1,45366,2061521.1499999985,2061336.6199999985
TXN000520,20250807,ACC206427,49,CHE,457229,20250810,47565578.53,POST,Y,N,AUTO-GEN,82,55406,RS,3438.66,21728.6,0,45958,2061336.6199999985,2064775.2799999984
TXN000521,20251103,ACC905557,49,MUM,455770,20251105,49467811.32,ADJ,N,N,AUTO-GEN,24,55789,RM,-2501.74,11919.7,0,45104,2064775.2799999984,2062273.5399999984
TXN000522,20250804,ACC573404,78,CHE,452487,20250806,45452786.36,POST,N,N,AUTO-GEN,87,55713,RS,1599.29,8381.8,0,45087,2062273.5399999984,2063872.8299999984
TXN000523,20250526,ACC253392,13,DEL,457404,20250526,45272388.57,POST,N,N,AUTO-GEN,100,55937,RM,-4025.25,18729.1,0,45800,2063872.8299999984,2059847.5799999984
TXN000524,20260122,ACC159311,10,HYD,453629,20260127,49860027.0,POST,N,N,AUTO-GEN,40,55332,RM,3150.82,24760.6,0,45797,2059847.5799999984,2062998.3999999985
TXN000525,20260325,ACC879804,20,HYD,450470,20260329,46146125.26,ADJ,N,N,AUTO-GEN,63,55581,RM,-4574.42,35932.8,0,45468,2062998.3999999985,2058423.9799999986
TXN000526,20250404,ACC874389,19,DEL,453503,20250405,46823906.05,ADJ,Y,Y,AUTO-GEN,23,55994,RS,-1920.77,15708.2,0,45808,2058423.9799999986,2056503.2099999986
TXN000527,20251019,ACC787082,13,MUM,455478,20251024,42894409.61,ADJ,N,N,AUTO-GEN,68,55664,RS,1844.35,18123.6,0,45603,2056503.2099999986,2058347.5599999987
TXN000528,20251104,ACC386082,10,DEL,454698,20251106,42186986.53,POST,Y,Y,AUTO-GEN,18,55113,RM,-3008.99,34366.4,0,45967,2058347.5599999987,2055338.5699999987
TXN000529,20251202,ACC957622,13,PUN,457013,20251204,46566404.68,POST,N,Y,AUTO-GEN,40,55761,RM,-1082.15,4630.9,1,45186,2055338.5699999987,2054256.4199999988
TXN000530,20250519,ACC305978,10,PUN,452374,20250523,46172332.78,POST,N,Y,AUTO-GEN,33,55345,RS,-1409.83,38428.5,0,45702,2054256.4199999988,2052846.5899999987
TXN000531,20260112,ACC445068,20,HYD,452026,20260115,41988683.27,ADJ,Y,Y,AUTO-GEN,27,55007,RM,-2581.37,27703.4,0,45825,2052846.5899999987,2050265.2199999986
TXN000532,20260120,ACC762287,19,PUN,454565,20260124,43780772.86,ADJ,N,Y,AUTO-GEN,86,55772,RM,3182.63,20052.6,0,45840,2050265.2199999986,2053447.8499999985
TXN000533,20260220,ACC572880,13,MUM,456203,20260220,40337056.82,POST,N,N,AUTO-GEN,44,55615,RM,1982.75,20750.4,0,45073,2053447.8499999985,2055430.5999999985
TXN000534,20250829,ACC419456,13,PUN,455109,20250903,45012412.26,ADJ,Y,N,AUTO-GEN,65,55300,RS,1357.65,21014.8,0,45249,2055430.5999999985,2056788.2499999984
TXN000535,20260126,ACC687551,19,PUN,450107,20260131,40649387.2,POST,Y,Y,AUTO-GEN,70,55590,RS,1691.31,35600.9,1,45829,2056788.2499999984,2058479.5599999984
TXN000536,20251211,ACC758411,19,PUN,459496,20251212,45028778.27,ADJ,Y,N,AUTO-GEN,90,55494,RM,3442.2,25774.9,0,45083,2058479.5599999984,2061921.7599999984
TXN000537,20251225,ACC945223,13,PUN,456394,20251229,48231378.65,ADJ,Y,N,AUTO-GEN,97,55035,RS,-1231.85,13003.5,0,45275,2061921.7599999984,2060689.9099999983
TXN000538,20251019,ACC514426,78,HYD,457450,20251019,41852670.57,ADJ,N,N,AUTO-GEN,74,55269,RS,-2851.01,9063.7,1,45597,2060689.9099999983,2057838.8999999983
TXN000539,20251218,ACC236307,49,HYD,454911,20251220,46661239.36,ADJ,Y,Y,AUTO-GEN,16,55396,RM,-2858.4,8839.9,0,45678,2057838.8999999983,2054980.4999999984
TXN000540,20250919,ACC616658,49,PUN,458887,20250923,47297593.54,POST,N,N,AUTO-GEN,20,55816,RS,1959.27,26855.6,1,45338,2054980.4999999984,2056939.7699999984
TXN000541,20251015,ACC119231,78,PUN,454142,20251019,42544449.5,ADJ,Y,N,AUTO-GEN,17,55891,RM,-4315.95,9552.5,0,45905,2056939.7699999984,2052623.8199999984
TXN000542,20250714,ACC485616,13,PUN,450238,20250718,43976107.32,POST,Y,Y,AUTO-GEN,28,55325,RS,-3754.15,12675.9,0,45502,2052623.8199999984,2048869.6699999985
TXN000543,20250806,ACC633280,10,DEL,459415,20250808,48387449.11,POST,Y,Y,AUTO-GEN,23,55323,RM,2270.41,5196.9,1,45303,2048869.6699999985,2051140.0799999984
TXN000544,20250521,ACC909746,13,MUM,453798,20250525,45279844.22,POST,Y,Y,AUTO-GEN,93,55719,RM,1427.49,7069.1,0,45022,2051140.0799999984,2052567.5699999984
TXN000545,20250428,ACC467498,49,PUN,458177,20250430,45520043.85,POST,N,Y,AUTO-GEN,38,55117,RM,-1071.9,17572.0,0,45023,2052567.5699999984,2051495.6699999985
TXN000546,20250722,ACC621358,49,PUN,455692,20250722,44791885.49,ADJ,N,Y,AUTO-GEN,26,55372,RM,2543.91,21468.7,0,45141,2051495.6699999985,2054039.5799999984
TXN000547,20251219,ACC733174,19,CHE,451697,20251221,40693265.65,ADJ,N,Y,AUTO-GEN,70,55894,RS,-1840.59,28673.1,0,45616,2054039.5799999984,2052198.9899999984
TXN000548,20250514,ACC627159,49,PUN,453427,20250518,44433357.95,POST,Y,Y,AUTO-GEN,95,55156,RM,-2677.13,3607.5,1,45915,2052198.9899999984,2049521.8599999985
TXN000549,20250710,ACC784230,19,CHE,455038,20250714,43154636.82,POST,Y,N,AUTO-GEN,48,55679,RM,2735.34,14186.6,0,45136,2049521.8599999985,2052257.1999999986
TXN000550,20250510,ACC986466,49,MUM,459846,20250511,43751623.74,ADJ,Y,N,AUTO-GEN,58,55274,RS,-929.27,13261.1,0,45751,2052257.1999999986,2051327.9299999985
TXN000551,20250623,ACC206146,19,MUM,454306,20250626,40331346.97,ADJ,N,Y,AUTO-GEN,91,55487,RS,-2004.88,18186.2,0,45354,2051327.9299999985,2049323.0499999986
TXN000552,20260104,ACC744178,13,PUN,453089,20260105,45411439.61,POST,Y,Y,AUTO-GEN,64,55999,RS,-1937.51,13282.5,0,45004,2049323.0499999986,2047385.5399999986
TXN000553,20250925,ACC378613,10,CHE,454604,20250926,49927697.38,POST,N,N,AUTO-GEN,12,55227,RS,-3496.0,37531.5,1,45055,2047385.5399999986,2043889.5399999986
TXN000554,20251002,ACC537214,20,PUN,456766,20251003,43093911.09,ADJ,N,N,AUTO-GEN,67,55998,RS,-880.14,27684.4,0,45366,2043889.5399999986,2043009.3999999987
TXN000555,20250911,ACC547079,49,DEL,450010,20250913,41169477.05,POST,N,Y,AUTO-GEN,99,55016,RM,-4273.1,17489.5,1,45620,2043009.3999999987,2038736.2999999986
TXN000556,20250518,ACC852198,49,CHE,453231,20250523,40257544.64,POST,Y,Y,AUTO-GEN,24,55219,RM,-4108.38,38001.1,0,45784,2038736.2999999986,2034627.9199999988
TXN000557,20251119,ACC136891,10,HYD,459739,20251120,45384625.54,ADJ,N,N,AUTO-GEN,28,55901,RM,1794.3,1840.8,0,45630,2034627.9199999988,2036422.2199999988
TXN000558,20250506,ACC817465,49,HYD,457195,20250507,44673544.79,ADJ,N,N,AUTO-GEN,34,55313,RM,2194.99,17196.9,0,45895,2036422.2199999988,2038617.2099999988
TXN000559,20250809,ACC591943,13,DEL,454180,20250812,46261791.64,ADJ,Y,Y,AUTO-GEN,58,55000,RM,-1989.67,32468.1,0,45768,2038617.2099999988,2036627.5399999989
TXN000560,20251013,ACC616042,10,PUN,457020,20251014,48449272.07,ADJ,Y,Y,AUTO-GEN,16,55357,RM,2159.1,16887.1,0,45603,2036627.5399999989,2038786.639999999
TXN000561,20250918,ACC136917,13,HYD,450896,20250921,48426526.5,POST,Y,Y,AUTO-GEN,18,55159,RM,2190.29,13069.1,0,45282,2038786.639999999,2040976.929999999
TXN000562,20260209,ACC571206,20,PUN,450840,20260210,45883090.33,ADJ,Y,Y,AUTO-GEN,18,55711,RS,-615.1,12486.7,0,45100,2040976.929999999,2040361.829999999
TXN000563,20250525,ACC421616,78,CHE,455932,20250530,43976747.13,ADJ,Y,N,AUTO-GEN,78,55124,RM,-1154.74,22335.6,0,45666,2040361.829999999,2039207.089999999
TXN000564,20251031,ACC376137,49,MUM,450508,20251103,42921403.85,POST,Y,Y,AUTO-GEN,50,55215,RS,-2326.24,15464.4,1,45879,2039207.089999999,2036880.849999999
TXN000565,20250721,ACC153813,49,HYD,453158,20250724,48807276.96,POST,Y,N,AUTO-GEN,39,55397,RM,-2496.04,38045.2,0,45973,2036880.849999999,2034384.809999999
TXN000566,20260209,ACC518860,10,CHE,459181,20260210,47593436.13,POST,Y,N,AUTO-GEN,60,55966,RS,-2250.29,1477.4,0,45785,2034384.809999999,2032134.5199999989
TXN000567,20250606,ACC108453,78,CHE,454255,20250610,49125632.4,POST,N,Y,AUTO-GEN,91,55277,RS,86.54,24328.7,0,45374,2032134.5199999989,2032221.059999999
TXN000568,20260202,ACC400387,13,PUN,458123,20260202,47244452.6,POST,Y,Y,AUTO-GEN,71,55319,RM,4241.47,9727.3,0,45747,2032221.059999999,2036462.5299999989
TXN000569,20250516,ACC535594,13,CHE,458876,20250520,40773101.77,ADJ,N,N,AUTO-GEN,52,55644,RS,-2064.28,6474.6,0,45302,2036462.5299999989,2034398.2499999988
TXN000570,20250904,ACC191622,20,PUN,454242,20250909,46450841.78,POST,Y,N,AUTO-GEN,39,55658,RS,4225.7,11763.6,0,45451,2034398.2499999988,2038623.9499999988
TXN000571,20250414,ACC424313,13,HYD,457032,20250419,40922664.67,ADJ,Y,Y,AUTO-GEN,46,55247,RS,-3803.35,12940.0,0,45082,2038623.9499999988,2034820.5999999987
TXN000572,20260315,ACC968479,49,DEL,458022,20260315,43918552.6,POST,N,N,AUTO-GEN,100,55885,RS,2658.13,13978.4,0,45693,2034820.5999999987,2037478.7299999986
TXN000573,20260219,ACC192785,19,PUN,450681,20260224,41363052.4,ADJ,Y,Y,AUTO-GEN,65,55501,RM,1580.51,4881.6,1,45321,2037478.7299999986,2039059.2399999986
TXN000574,20250727,ACC668556,19,PUN,452428,20250728,43359921.63,ADJ,Y,N,AUTO-GEN,98,55791,RS,-431.39,33343.0,0,45400,2039059.2399999986,2038627.8499999987
TXN000575,20250810,ACC438635,49,CHE,459982,20250815,43390527.91,ADJ,Y,Y,AUTO-GEN,74,55108,RM,-4397.0,31781.1,0,45259,2038627.8499999987,2034230.8499999987
TXN000576,20250517,ACC921416,19,DEL,451339,20250522,41470750.39,ADJ,Y,N,AUTO-GEN,29,55919,RM,-3827.62,17908.6,0,45795,2034230.8499999987,2030403.2299999986
TXN000577,20250728,ACC349961,78,DEL,456600,20250801,48142555.03,POST,N,Y,AUTO-GEN,87,55641,RM,-3692.28,19472.3,0,45164,2030403.2299999986,2026710.9499999986
TXN000578,20260304,ACC444852,78,CHE,450483,20260304,43877371.19,ADJ,Y,N,AUTO-GEN,12,55822,RS,416.53,10216.6,0,45769,2026710.9499999986,2027127.4799999986
TXN000579,20250701,ACC986030,10,DEL,456642,20250704,45235312.04,ADJ,N,Y,AUTO-GEN,31,55275,RM,1010.9,19888.4,1,45589,2027127.4799999986,2028138.3799999985
TXN000580,20251230,ACC764602,20,CHE,458571,20260102,43500406.03,POST,N,N,AUTO-GEN,23,55280,RM,-3268.95,29847.5,0,45539,2028138.3799999985,2024869.4299999985
TXN000581,20250414,ACC111131,19,HYD,452486,20250415,43676370.23,POST,Y,Y,AUTO-GEN,41,55432,RS,2779.09,33870.3,1,45512,2024869.4299999985,2027648.5199999986
TXN000582,20250822,ACC942008,19,DEL,453022,20250827,45497094.14,ADJ,Y,N,AUTO-GEN,27,55670,RS,-2655.48,11472.5,1,45379,2027648.5199999986,2024993.0399999986
TXN000583,20260108,ACC612746,10,HYD,457059,20260113,49765514.05,ADJ,Y,Y,AUTO-GEN,59,55547,RM,-1668.58,17304.2,0,45763,2024993.0399999986,2023324.4599999986
TXN000584,20260323,ACC451325,78,MUM,454918,20260327,48861591.27,POST,N,N,AUTO-GEN,11,55509,RS,4106.98,39371.3,1,45784,2023324.4599999986,2027431.4399999985
TXN000585,20251007,ACC369340,10,PUN,455551,20251008,49150666.29,ADJ,Y,N,AUTO-GEN,13,55292,RM,1735.49,6151.6,1,45625,2027431.4399999985,2029166.9299999985
TXN000586,20250411,ACC740262,20,PUN,453512,20250412,41811731.61,POST,Y,Y,AUTO-GEN,47,55131,RS,-1449.51,16235.1,0,45953,2029166.9299999985,2027717.4199999985
TXN000587,20250802,ACC190063,49,PUN,452951,20250806,45915204.44,ADJ,N,N,AUTO-GEN,11,55978,RS,-3714.18,30526.9,0,45806,2027717.4199999985,2024003.2399999986
TXN000588,20250901,ACC313368,19,MUM,456532,20250904,40965536.08,ADJ,N,Y,AUTO-GEN,92,55164,RS,4415.96,3492.3,0,45021,2024003.2399999986,2028419.1999999986
TXN000589,20250708,ACC596115,78,DEL,458289,20250708,42448776.36,POST,N,N,AUTO-GEN,29,55143,RS,-4346.33,39342.7,1,45075,2028419.1999999986,2024072.8699999985
TXN000590,20250927,ACC600607,78,HYD,458815,20250929,48722204.43,ADJ,Y,N,AUTO-GEN,91,55408,RS,2212.12,23844.6,0,45163,2024072.8699999985,2026284.9899999986
TXN000591,20251230,ACC304350,19,PUN,457192,20260102,44005180.9,POST,Y,N,AUTO-GEN,60,55948,RS,104.9,25432.3,0,45000,2026284.9899999986,2026389.8899999985
TXN000592,20251212,ACC502038,49,DEL,452091,20251217,49313898.2,ADJ,Y,N,AUTO-GEN,86,55685,RM,-492.53,20811.8,0,45227,2026389.8899999985,2025897.3599999985
TXN000593,20250503,ACC502545,10,HYD,459241,20250508,44769762.28,ADJ,N,N,AUTO-GEN,25,55348,RS,2207.34,20427.7,0,45675,2025897.3599999985,2028104.6999999986
TXN000594,20251012,ACC607195,19,DEL,453047,20251013,41069676.91,ADJ,Y,N,AUTO-GEN,35,55396,RM,1345.13,10570.1,0,45187,2028104.6999999986,2029449.8299999984
TXN000595,20251025,ACC347416,19,MUM,456931,20251028,43218968.82,POST,Y,Y,AUTO-GEN,86,55541,RS,-71.75,5096.9,1,45994,2029449.8299999984,2029378.0799999984
TXN000596,20250713,ACC600774,49,CHE,457226,20250716,49948762.42,ADJ,Y,N,AUTO-GEN,48,55318,RM,-741.71,19836.5,0,45040,2029378.0799999984,2028636.3699999985
TXN000597,20260302,ACC712835,10,HYD,450814,20260303,44851046.53,POST,Y,Y,AUTO-GEN,79,55403,RM,-1683.82,22491.8,0,45187,2028636.3699999985,2026952.5499999984
TXN000598,20260122,ACC126938,19,DEL,459219,20260124,45498557.15,ADJ,Y,Y,AUTO-GEN,75,55558,RS,2569.0,5334.0,0,45710,2026952.5499999984,2029521.5499999984
TXN000599,20250818,ACC501439,49,MUM,453125,20250819,45624614.95,POST,N,Y,AUTO-GEN,61,55871,RS,-3162.35,32953.8,0,45634,2029521.5499999984,2026359.1999999983
TXN000600,20250714,ACC894033,10,CHE,454696,20250715,43474373.6,ADJ,Y,Y,AUTO-GEN,94,55288,RM,-4722.92,39371.8,0,45393,2026359.1999999983,2021636.2799999984
TXN000601,20251111,ACC813696,78,MUM,457316,20251114,48422714.73,POST,N,N,AUTO-GEN,61,55933,RS,-903.91,19844.0,0,45579,2021636.2799999984,2020732.3699999985
TXN000602,20250909,ACC626363,19,CHE,458723,20250910,48020046.74,ADJ,N,Y,AUTO-GEN,68,55353,RS,-4263.75,25958.1,0,45124,2020732.3699999985,2016468.6199999985
TXN000603,20250916,ACC312772,10,HYD,458020,20250920,44498589.2,POST,Y,N,AUTO-GEN,42,55766,RS,-2308.64,17406.0,1,45696,2016468.6199999985,2014159.9799999986
TXN000604,20251008,ACC636751,20,MUM,451846,20251012,43468591.71,POST,Y,N,AUTO-GEN,72,55449,RS,-1258.7,2548.3,0,45568,2014159.9799999986,2012901.2799999986
TXN000605,20250408,ACC780006,78,CHE,458110,20250409,44627782.65,ADJ,Y,Y,AUTO-GEN,70,55628,RM,821.35,31725.5,0,45394,2012901.2799999986,2013722.6299999987
TXN000606,20251011,ACC221854,13,PUN,453213,20251013,41661884.24,ADJ,N,Y,AUTO-GEN,64,55232,RM,1682.22,26710.0,0,45849,2013722.6299999987,2015404.8499999987
TXN000607,20251230,ACC651186,78,PUN,456339,20260103,48156211.73,ADJ,N,N,AUTO-GEN,36,55933,RM,-3204.81,17948.8,0,45170,2015404.8499999987,2012200.0399999986
TXN000608,20250615,ACC175112,20,HYD,459129,20250616,48952737.57,ADJ,Y,N,AUTO-GEN,30,55998,RM,-4196.36,10659.1,0,45181,2012200.0399999986,2008003.6799999985
TXN000609,20250715,ACC973080,10,DEL,450965,20250718,41568282.51,POST,N,Y,AUTO-GEN,25,55125,RS,-579.73,8989.1,0,45038,2008003.6799999985,2007423.9499999986
TXN000610,20250426,ACC302313,13,CHE,457080,20250426,43959203.75,POST,N,Y,AUTO-GEN,91,55066,RS,4161.76,9107.1,0,45697,2007423.9499999986,2011585.7099999986
TXN000611,20250402,ACC955738,49,MUM,458233,20250406,45301398.6,ADJ,N,N,AUTO-GEN,54,55399,RS,4195.5,10819.6,1,45040,2011585.7099999986,2015781.2099999986
TXN000612,20251017,ACC992367,13,HYD,459765,20251020,45074813.85,ADJ,N,N,AUTO-GEN,94,55827,RS,-734.82,21317.4,0,45434,2015781.2099999986,2015046.3899999985
TXN000613,20250412,ACC405117,10,CHE,456968,20250417,44252938.93,ADJ,N,Y,AUTO-GEN,47,55199,RS,-1079.72,25436.4,0,45916,2015046.3899999985,2013966.6699999985
TXN000614,20251113,ACC351311,13,MUM,453023,20251116,43714239.91,POST,N,N,AUTO-GEN,63,55366,RS,-2802.68,16234.4,0,45973,2013966.6699999985,2011163.9899999986
TXN000615,20260209,ACC760449,78,PUN,451269,20260212,48997482.71,POST,N,Y,AUTO-GEN,92,55549,RS,2416.11,26450.8,1,45618,2011163.9899999986,2013580.0999999987
TXN000616,20250814,ACC392062,10,PUN,457384,20250818,43491699.43,ADJ,N,Y,AUTO-GEN,42,55247,RS,3121.94,6618.0,0,45506,2013580.0999999987,2016702.0399999986
TXN000617,20250913,ACC473045,19,MUM,458224,20250917,46008550.33,POST,N,N,AUTO-GEN,17,55971,RM,1863.48,6499.0,0,45706,2016702.0399999986,2018565.5199999986
TXN000618,20250419,ACC329017,13,DEL,458195,20250422,43711887.72,ADJ,Y,Y,AUTO-GEN,87,55487,RM,-2188.89,37093.0,0,45977,2018565.5199999986,2016376.6299999987
TXN000619,20250911,ACC553197,19,PUN,450970,20250915,45343190.74,POST,Y,N,AUTO-GEN,49,55706,RS,4357.01,14608.1,0,45142,2016376.6299999987,2020733.6399999987
TXN000620,20250819,ACC719841,78,PUN,458480,20250821,40953212.68,POST,Y,N,AUTO-GEN,25,55930,RS,4290.32,25355.7,0,45367,2020733.6399999987,2025023.9599999988
TXN000621,20260319,ACC624306,10,CHE,454039,20260320,42866906.73,POST,Y,Y,AUTO-GEN,47,55817,RM,-4536.97,34370.3,0,45916,2025023.9599999988,2020486.9899999988
TXN000622,20251022,ACC418690,13,DEL,454899,20251024,42711997.76,ADJ,N,Y,AUTO-GEN,44,55871,RS,-4034.65,27143.5,0,45527,2020486.9899999988,2016452.339999999
TXN000623,20250803,ACC398767,19,PUN,459064,20250808,46267671.78,POST,Y,N,AUTO-GEN,13,55221,RM,3413.9,36808.2,0,45208,2016452.339999999,2019866.2399999988
TXN000624,20250908,ACC165213,78,DEL,458391,20250911,42636389.05,ADJ,Y,N,AUTO-GEN,58,55725,RS,3518.21,19199.5,0,45633,2019866.2399999988,2023384.4499999988
TXN000625,20250427,ACC928450,49,CHE,450950,20250430,46696931.11,POST,N,Y,AUTO-GEN,51,55766,RM,-3086.6,25653.3,0,45086,2023384.4499999988,2020297.8499999987
TXN000626,20250805,ACC776528,19,HYD,455607,20250806,47187462.15,ADJ,Y,N,AUTO-GEN,67,55839,RS,3332.4,33464.0,1,45512,2020297.8499999987,2023630.2499999986
TXN000627,20260125,ACC318601,13,PUN,456245,20260129,40599543.09,POST,Y,N,AUTO-GEN,87,55222,RS,-3177.33,23294.5,0,45777,2023630.2499999986,2020452.9199999985
TXN000628,20251222,ACC401386,78,DEL,453246,20251227,46622951.42,ADJ,Y,Y,AUTO-GEN,61,55866,RS,1602.3,31383.5,0,45778,2020452.9199999985,2022055.2199999986
TXN000629,20250804,ACC473943,19,MUM,455403,20250806,40370969.53,POST,N,N,AUTO-GEN,58,55899,RS,-2090.26,36408.5,0,45885,2022055.2199999986,2019964.9599999986
TXN000630,20250525,ACC453107,49,CHE,450133,20250530,43283635.69,POST,Y,N,AUTO-GEN,90,55246,RS,-76.87,4460.6,0,45572,2019964.9599999986,2019888.0899999985
TXN000631,20250602,ACC987377,13,MUM,450882,20250606,48177541.94,ADJ,Y,Y,AUTO-GEN,38,55532,RS,-3097.68,6673.6,0,45997,2019888.0899999985,2016790.4099999985
TXN000632,20260324,ACC937399,13,PUN,459208,20260329,41839515.89,ADJ,Y,N,AUTO-GEN,60,55270,RM,-3530.7,9686.2,0,45585,2016790.4099999985,2013259.7099999986
TXN000633,20251108,ACC926531,13,CHE,450789,20251112,42024258.94,POST,Y,Y,AUTO-GEN,26,55295,RS,-1344.53,2975.1,0,45436,2013259.7099999986,2011915.1799999985
TXN000634,20250818,ACC116968,20,MUM,454611,20250818,40322651.35,ADJ,N,Y,AUTO-GEN,40,55970,RM,-1542.01,5283.8,0,45137,2011915.1799999985,2010373.1699999985
TXN000635,20251113,ACC640259,78,PUN,451858,20251118,46289220.52,ADJ,Y,Y,AUTO-GEN,52,55003,RS,13.87,18865.3,0,45635,2010373.1699999985,2010387.0399999986
TXN000636,20250828,ACC129157,78,HYD,454275,20250901,48453173.69,ADJ,Y,Y,AUTO-GEN,54,55350,RS,-2186.14,36905.1,0,45681,2010387.0399999986,2008200.8999999987
TXN000637,20251217,ACC581825,20,HYD,459522,20251221,41192924.37,ADJ,N,N,AUTO-GEN,34,55780,RM,3798.3,21642.9,0,45870,2008200.8999999987,2011999.1999999988
TXN000638,20250623,ACC644984,10,DEL,457959,20250623,41594467.01,POST,Y,Y,AUTO-GEN,59,55316,RM,2988.31,18301.7,0,45683,2011999.1999999988,2014987.5099999988
TXN000639,20260218,ACC633395,19,PUN,453805,20260220,47813821.19,POST,N,N,AUTO-GEN,31,55104,RS,-3243.9,11070.9,1,45910,2014987.5099999988,2011743.609999999
TXN000640,20260226,ACC792563,10,HYD,451087,20260303,48868485.96,POST,N,Y,AUTO-GEN,62,55678,RS,-4310.77,20108.3,0,45806,2011743.609999999,2007432.839999999
TXN000641,20251114,ACC705508,20,DEL,459475,20251119,44169416.79,ADJ,N,N,AUTO-GEN,92,55677,RM,1218.1,18065.7,0,45761,2007432.839999999,2008650.939999999
TXN000642,20250918,ACC763600,20,HYD,459132,20250918,49028482.57,ADJ,N,Y,AUTO-GEN,24,55963,RM,-4125.94,34838.6,0,45359,2008650.939999999,2004524.999999999
TXN000643,20251102,ACC171887,20,HYD,457557,20251102,46971998.04,POST,N,N,AUTO-GEN,71,55066,RS,1355.44,25105.7,0,45949,2004524.999999999,2005880.439999999
TXN000644,20260222,ACC308918,13,PUN,451419,20260224,42836927.63,ADJ,Y,N,AUTO-GEN,32,55587,RS,-4620.01,38245.7,0,45251,2005880.439999999,2001260.429999999
TXN000645,20251216,ACC921654,19,MUM,451494,20251220,49279419.3,ADJ,N,N,AUTO-GEN,22,55901,RM,-4259.58,11359.5,0,45300,2001260.429999999,1997000.849999999
TXN000646,20250615,ACC804757,19,PUN,450947,20250619,41627652.06,POST,Y,Y,AUTO-GEN,10,55475,RS,4708.74,10469.6,0,45226,1997000.849999999,2001709.589999999
TXN000647,20251019,ACC603985,78,PUN,456081,20251021,44651802.67,POST,Y,N,AUTO-GEN,31,55843,RS,4154.42,11632.1,1,45797,2001709.589999999,2005864.0099999988
TXN000648,20250402,ACC656206,49,DEL,453591,20250404,43275482.4,POST,Y,N,AUTO-GEN,16,55574,RM,-2143.34,10116.5,1,45240,2005864.0099999988,2003720.6699999988
TXN000649,20251217,ACC207781,20,HYD,450070,20251220,48326906.88,ADJ,N,N,AUTO-GEN,27,55807,RM,-2371.65,34690.6,1,45281,2003720.6699999988,2001349.0199999989
TXN000650,20251112,ACC676380,20,DEL,454415,20251113,45014100.73,ADJ,Y,N,AUTO-GEN,88,55861,RM,-607.82,6922.1,0,45309,2001349.0199999989,2000741.1999999988
TXN000651,20260124,ACC658646,20,DEL,457217,20260129,45275067.96,POST,Y,N,AUTO-GEN,53,55434,RS,-2310.44,36353.0,0,45616,2000741.1999999988,1998430.7599999988
TXN000652,20250824,ACC332855,19,HYD,459646,20250829,47772836.52,ADJ,Y,Y,AUTO-GEN,85,55332,RS,304.88,29717.4,1,45762,1998430.7599999988,1998735.6399999987
TXN000653,20250619,ACC690894,13,HYD,455245,20250623,48243520.7,POST,N,N,AUTO-GEN,96,55848,RS,-1256.03,19300.1,0,45039,1998735.6399999987,1997479.6099999987
TXN000654,20250327,ACC764410,20,MUM,459414,20250328,40631719.4,ADJ,N,Y,AUTO-GEN,11,55249,RM,-4077.0,36942.6,0,45508,1997479.6099999987,1993402.6099999987
TXN000655,20250912,ACC422095,10,DEL,459235,20250916,41225509.19,POST,Y,N,AUTO-GEN,99,55284,RS,-2273.53,24317.3,1,45042,1993402.6099999987,1991129.0799999987
TXN000656,20251109,ACC434690,49,CHE,457743,20251110,48227796.47,ADJ,N,Y,AUTO-GEN,31,55187,RS,1747.66,33860.5,0,45845,1991129.0799999987,1992876.7399999986
TXN000657,20250625,ACC546941,78,MUM,451529,20250627,40768364.22,POST,N,Y,AUTO-GEN,29,55770,RS,2024.87,12085.1,0,45603,1992876.7399999986,1994901.6099999987
TXN000658,20260109,ACC654501,20,DEL,458049,20260110,40851594.06,POST,N,Y,AUTO-GEN,58,55150,RM,2974.09,14539.7,1,45822,1994901.6099999987,1997875.6999999988
TXN000659,20250504,ACC632434,10,PUN,455198,20250508,47257965.47,ADJ,Y,N,AUTO-GEN,82,55933,RM,-2123.96,30615.4,1,45191,1997875.6999999988,1995751.7399999988
TXN000660,20260207,ACC800656,19,PUN,454776,20260212,46042563.88,ADJ,Y,N,AUTO-GEN,65,55563,RS,2081.95,18154.0,1,45534,1995751.7399999988,1997833.6899999988
TXN000661,20250527,ACC714889,49,CHE,455904,20250529,40106652.42,POST,Y,N,AUTO-GEN,22,55999,RM,4822.22,35435.9,1,45610,1997833.6899999988,2002655.9099999988
TXN000662,20260119,ACC274694,10,HYD,458779,20260119,48366388.47,ADJ,Y,Y,AUTO-GEN,92,55839,RS,104.31,25318.9,0,45393,2002655.9099999988,2002760.2199999988
TXN000663,20250810,ACC469045,49,MUM,458012,20250811,49453140.28,POST,N,Y,AUTO-GEN,77,55318,RS,139.62,32500.0,0,45342,2002760.2199999988,2002899.839999999
TXN000664,20260309,ACC349818,10,HYD,452680,20260310,42194362.17,POST,N,N,AUTO-GEN,53,55925,RM,229.63,28985.5,0,45913,2002899.839999999,2003129.4699999988
TXN000665,20250505,ACC952617,13,CHE,459916,20250505,42041961.65,ADJ,N,N,AUTO-GEN,63,55571,RS,3138.26,3464.5,0,45733,2003129.4699999988,2006267.7299999988
TXN000666,20250427,ACC843298,19,HYD,456535,20250429,48437412.72,ADJ,Y,N,AUTO-GEN,26,55511,RS,-1263.74,17436.9,0,45042,2006267.7299999988,2005003.9899999988
TXN000667,20250609,ACC879983,49,HYD,456299,20250610,43537849.9,ADJ,N,N,AUTO-GEN,12,55134,RM,4186.26,39661.3,0,45296,2005003.9899999988,2009190.2499999988
TXN000668,20250813,ACC521725,10,PUN,454168,20250818,48346072.4,ADJ,Y,Y,AUTO-GEN,93,55603,RS,-3890.44,21164.6,0,45566,2009190.2499999988,2005299.809999999
TXN000669,20250707,ACC270486,19,PUN,452170,20250711,47091664.01,ADJ,Y,Y,AUTO-GEN,35,55106,RM,-3904.3,4966.0,0,45486,2005299.809999999,2001395.5099999988
TXN000670,20260207,ACC253627,49,CHE,452012,20260209,45033727.62,ADJ,N,Y,AUTO-GEN,13,55237,RS,-352.94,5055.0,1,45898,2001395.5099999988,2001042.569999999
TXN000671,20251129,ACC904940,13,CHE,453837,20251129,40087070.03,POST,Y,N,AUTO-GEN,17,55900,RM,-2767.09,35403.5,0,45066,2001042.569999999,1998275.4799999988
TXN000672,20250412,ACC203768,13,MUM,458957,20250413,40379431.04,ADJ,N,Y,AUTO-GEN,43,55168,RS,1135.64,30708.9,0,45502,1998275.4799999988,1999411.1199999987
TXN000673,20250415,ACC777602,78,MUM,456523,20250417,48667770.7,POST,Y,Y,AUTO-GEN,57,55379,RM,914.39,36814.9,0,45389,1999411.1199999987,2000325.5099999986
TXN000674,20250722,ACC365583,78,DEL,451456,20250726,49045500.96,POST,Y,Y,AUTO-GEN,34,55166,RM,-1115.76,11767.3,0,45981,2000325.5099999986,1999209.7499999986
TXN000675,20250523,ACC708933,10,DEL,459443,20250527,40041291.52,POST,Y,N,AUTO-GEN,55,55520,RM,2268.92,33125.2,0,45046,1999209.7499999986,2001478.6699999985
TXN000676,20260223,ACC259237,19,HYD,452017,20260228,44088724.45,POST,N,N,AUTO-GEN,34,55039,RS,3301.19,37215.8,1,45319,2001478.6699999985,2004779.8599999985
TXN000677,20250912,ACC949396,19,HYD,459285,20250915,49056946.77,POST,N,N,AUTO-GEN,35,55187,RS,2627.28,3926.0,0,45199,2004779.8599999985,2007407.1399999985
TXN000678,20260116,ACC684765,10,CHE,455803,20260116,44257166.91,POST,N,Y,AUTO-GEN,14,55014,RS,-4456.88,19949.7,0,45261,2007407.1399999985,2002950.2599999986
TXN000679,20250616,ACC114761,20,PUN,458022,20250617,44648552.87,POST,Y,Y,AUTO-GEN,58,55304,RM,-1360.56,29380.7,0,45461,2002950.2599999986,2001589.6999999986
TXN000680,20260209,ACC910074,10,MUM,456123,20260210,46911084.71,POST,N,N,AUTO-GEN,63,55337,RM,-642.77,29961.2,0,45244,2001589.6999999986,2000946.9299999985
TXN000681,20250714,ACC293030,13,MUM,451482,20250716,45905543.38,POST,Y,Y,AUTO-GEN,31,55170,RS,2343.8,9472.5,1,45430,2000946.9299999985,2003290.7299999986
TXN000682,20250928,ACC303851,78,DEL,450894,20250930,43352712.81,POST,Y,Y,AUTO-GEN,78,55698,RM,-632.72,24525.8,0,45027,2003290.7299999986,2002658.0099999986
TXN000683,20250728,ACC259516,78,DEL,455341,20250802,41866857.77,ADJ,Y,Y,AUTO-GEN,74,55975,RS,-2940.07,16388.9,1,45957,2002658.0099999986,1999717.9399999985
TXN000684,20251111,ACC539365,10,HYD,452425,20251115,44970650.37,ADJ,N,N,AUTO-GEN,70,55626,RS,4470.56,14683.6,1,45721,1999717.9399999985,2004188.4999999986
TXN000685,20250618,ACC942662,78,DEL,459272,20250623,44813188.52,POST,Y,N,AUTO-GEN,59,55713,RS,749.71,26172.0,0,45262,2004188.4999999986,2004938.2099999986
TXN000686,20250428,ACC657725,13,HYD,456428,20250430,44103259.02,POST,N,Y,AUTO-GEN,92,55773,RS,-1398.88,4449.4,0,45359,2004938.2099999986,2003539.3299999987
TXN000687,20250611,ACC898974,13,HYD,453076,20250616,46262511.01,ADJ,N,N,AUTO-GEN,99,55139,RM,4254.8,10106.8,0,45935,2003539.3299999987,2007794.1299999987
TXN000688,20250906,ACC317847,19,PUN,455081,20250910,45694644.69,ADJ,N,N,AUTO-GEN,44,55958,RS,-2953.99,10913.4,0,45954,2007794.1299999987,2004840.1399999987
TXN000689,20251217,ACC411159,13,MUM,459144,20251217,40299126.06,POST,Y,N,AUTO-GEN,92,55553,RM,-3458.25,12079.8,1,45247,2004840.1399999987,2001381.8899999987
TXN000690,20250618,ACC994008,78,MUM,454538,20250621,47459260.62,ADJ,Y,Y,AUTO-GEN,11,55304,RS,269.29,11895.6,0,45095,2001381.8899999987,2001651.1799999988
TXN000691,20250705,ACC865254,19,CHE,450599,20250705,49501580.33,ADJ,Y,N,AUTO-GEN,63,55157,RS,2465.77,6297.5,0,45858,2001651.1799999988,2004116.9499999988
TXN000692,20250701,ACC687399,19,HYD,458959,20250705,49319882.74,POST,N,N,AUTO-GEN,31,55907,RS,-4701.98,29840.4,0,45003,2004116.9499999988,1999414.9699999988
TXN000693,20260305,ACC812250,19,HYD,458112,20260306,47577835.43,ADJ,Y,Y,AUTO-GEN,29,55777,RM,111.5,5625.0,0,45819,1999414.9699999988,1999526.4699999988
TXN000694,20250601,ACC549014,49,PUN,458383,20250604,49684783.37,ADJ,N,Y,AUTO-GEN,89,55920,RS,3040.75,14948.5,1,45116,1999526.4699999988,2002567.2199999988
TXN000695,20250326,ACC767989,20,PUN,451640,20250326,47469532.88,ADJ,Y,N,AUTO-GEN,13,55389,RS,4875.3,21026.2,0,45068,2002567.2199999988,2007442.5199999989
TXN000696,20250821,ACC395119,13,HYD,457890,20250825,41972400.0,ADJ,Y,Y,AUTO-GEN,70,55984,RM,-2195.71,11108.7,0,45670,2007442.5199999989,2005246.809999999
TXN000697,20251219,ACC600673,20,MUM,459669,20251219,41181918.0,ADJ,N,N,AUTO-GEN,78,55535,RM,-3419.45,35467.0,0,45387,2005246.809999999,2001827.359999999
TXN000698,20250630,ACC589762,20,MUM,457702,20250703,40892177.71,ADJ,Y,N,AUTO-GEN,30,55351,RM,-4307.22,28746.5,0,45805,2001827.359999999,1997520.139999999
TXN000699,20250428,ACC205602,13,PUN,450406,20250428,42565699.28,POST,Y,N,AUTO-GEN,93,55285,RS,-2044.75,8041.0,0,45455,1997520.139999999,1995475.389999999
TXN000700,20250816,ACC443983,13,DEL,459980,20250821,44099029.76,POST,Y,Y,AUTO-GEN,65,55750,RM,-2453.16,4417.7,1,45701,1995475.389999999,1993022.229999999
TXN000701,20250809,ACC203300,20,HYD,454452,20250814,45016753.94,POST,Y,Y,AUTO-GEN,42,55418,RS,-2656.99,30602.1,1,45697,1993022.229999999,1990365.239999999
TXN000702,20251022,ACC290066,13,MUM,451655,20251023,44248765.3,POST,N,N,AUTO-GEN,25,55645,RM,4586.92,22123.5,0,45769,1990365.239999999,1994952.159999999
TXN000703,20250825,ACC908830,13,HYD,456152,20250827,45445474.34,POST,N,Y,AUTO-GEN,90,55824,RM,4017.85,10664.6,0,45840,1994952.159999999,1998970.009999999
TXN000704,20250612,ACC849354,10,CHE,457824,20250615,44231139.19,ADJ,Y,Y,AUTO-GEN,53,55966,RM,-3726.71,7307.2,0,45216,1998970.009999999,1995243.299999999
TXN000705,20250817,ACC296543,78,PUN,452973,20250819,47141034.96,POST,Y,N,AUTO-GEN,33,55630,RS,-3970.1,23327.8,0,45479,1995243.299999999,1991273.199999999
TXN000706,20250620,ACC992990,20,HYD,454839,20250625,41381802.5,POST,N,N,AUTO-GEN,68,55843,RM,203.37,22632.8,1,45265,1991273.199999999,1991476.5699999991
TXN000707,20250819,ACC510889,20,DEL,457892,20250823,48790090.94,POST,Y,N,AUTO-GEN,50,55838,RS,-2571.96,39259.7,0,45231,1991476.5699999991,1988904.6099999992
TXN000708,20250613,ACC247405,19,PUN,451796,20250613,45717250.86,POST,Y,N,AUTO-GEN,66,55990,RM,2050.21,4856.6,0,45351,1988904.6099999992,1990954.8199999991
TXN000709,20250926,ACC911078,49,PUN,454801,20251001,40960613.19,POST,Y,Y,AUTO-GEN,21,55128,RS,-4767.18,8443.4,1,45417,1990954.8199999991,1986187.6399999992
TXN000710,20251029,ACC835605,10,CHE,457158,20251101,40304439.16,POST,N,N,AUTO-GEN,19,55087,RM,-4063.14,1556.4,0,45242,1986187.6399999992,1982124.4999999993
TXN000711,20250419,ACC427236,78,MUM,456469,20250422,48435207.68,POST,Y,Y,AUTO-GEN,42,55568,RM,-855.15,30497.2,1,45076,1982124.4999999993,1981269.3499999994
TXN000712,20260103,ACC284246,20,DEL,457976,20260107,43508853.84,ADJ,N,N,AUTO-GEN,21,55169,RM,2075.33,12034.8,1,45222,1981269.3499999994,1983344.6799999995
TXN000713,20250703,ACC288012,20,PUN,452503,20250706,41910389.13,ADJ,N,Y,AUTO-GEN,75,55238,RS,-4486.22,4957.8,0,45683,1983344.6799999995,1978858.4599999995
TXN000714,20250824,ACC193553,19,PUN,452450,20250828,42876153.46,ADJ,Y,N,AUTO-GEN,57,55960,RS,966.04,39336.0,1,45667,1978858.4599999995,1979824.4999999995
TXN000715,20250913,ACC735464,49,MUM,452780,20250913,49823166.03,POST,N,N,AUTO-GEN,33,55907,RS,250.4,26462.5,0,45732,1979824.4999999995,1980074.8999999994
TXN000716,20251231,ACC613013,13,CHE,455386,20260104,43785176.74,ADJ,N,N,AUTO-GEN,67,55246,RS,1969.58,8102.0,0,45695,1980074.8999999994,1982044.4799999995
TXN000717,20251128,ACC249292,19,CHE,451879,20251129,41576790.08,POST,Y,N,AUTO-GEN,25,55800,RM,-783.96,15204.5,0,45444,1982044.4799999995,1981260.5199999996
TXN000718,20250912,ACC908279,19,MUM,450782,20250915,42031134.97,ADJ,Y,Y,AUTO-GEN,27,55721,RM,535.77,9977.1,0,45891,1981260.5199999996,1981796.2899999996
TXN000719,20250930,ACC649416,13,HYD,453297,20251003,42424071.04,POST,Y,Y,AUTO-GEN,25,55639,RS,-4691.15,22664.0,0,45755,1981796.2899999996,1977105.1399999997
TXN000720,20260227,ACC818641,19,HYD,451252,20260227,42236856.8,POST,Y,Y,AUTO-GEN,87,55826,RS,1533.92,21291.9,1,45189,1977105.1399999997,1978639.0599999996
TXN000721,20250818,ACC363192,78,MUM,454654,20250818,45220160.75,POST,Y,Y,AUTO-GEN,74,55386,RS,4671.03,39857.7,1,45958,1978639.0599999996,1983310.0899999996
TXN000722,20250702,ACC659635,10,CHE,456256,20250704,42149966.16,ADJ,N,N,AUTO-GEN,51,55304,RS,2204.88,37289.1,1,45050,1983310.0899999996,1985514.9699999995
TXN000723,20250924,ACC893054,10,DEL,457338,20250925,41065951.34,ADJ,N,N,AUTO-GEN,94,55540,RM,1338.44,10859.2,1,45661,1985514.9699999995,1986853.4099999995
TXN000724,20251101,ACC398821,78,PUN,451236,20251101,40516668.58,ADJ,Y,N,AUTO-GEN,27,55271,RM,-1879.29,14664.3,0,45002,1986853.4099999995,1984974.1199999994
TXN000725,20250913,ACC823233,13,CHE,452695,20250914,48704331.75,ADJ,N,N,AUTO-GEN,55,55117,RS,4291.88,19968.2,1,45486,1984974.1199999994,1989265.9999999993
TXN000726,20260322,ACC405003,20,DEL,459540,20260327,46030483.55,POST,Y,N,AUTO-GEN,44,55464,RS,-815.26,18027.5,0,45398,1989265.9999999993,1988450.7399999993
TXN000727,20250719,ACC106791,78,MUM,455373,20250724,44451199.34,ADJ,Y,Y,AUTO-GEN,83,55452,RS,4309.61,6121.3,0,45401,1988450.7399999993,1992760.3499999994
TXN000728,20250624,ACC158548,49,CHE,450575,20250628,44556975.25,ADJ,N,Y,AUTO-GEN,98,55541,RS,3228.31,13884.2,0,45462,1992760.3499999994,1995988.6599999995
TXN000729,20251216,ACC242997,10,DEL,457000,20251219,47819189.74,ADJ,N,N,AUTO-GEN,32,55955,RM,4183.43,10188.4,1,45159,1995988.6599999995,2000172.0899999994
TXN000730,20250702,ACC123758,20,HYD,451259,20250704,48281094.64,POST,N,Y,AUTO-GEN,57,55825,RS,-3381.82,22634.0,0,45139,2000172.0899999994,1996790.2699999993
TXN000731,20260301,ACC544820,13,CHE,458876,20260305,45351291.34,POST,N,N,AUTO-GEN,51,55236,RM,-3818.56,34038.0,0,45190,1996790.2699999993,1992971.7099999993
TXN000732,20250828,ACC945980,20,DEL,454163,20250831,44225810.35,POST,N,Y,AUTO-GEN,22,55149,RS,3993.61,24326.3,0,45854,1992971.7099999993,1996965.3199999994
TXN000733,20250526,ACC685923,49,MUM,451871,20250531,40529724.16,POST,N,N,AUTO-GEN,33,55946,RS,-182.55,25473.5,1,45142,1996965.3199999994,1996782.7699999993
TXN000734,20250609,ACC796206,20,MUM,453746,20250610,47048144.97,POST,Y,Y,AUTO-GEN,100,55063,RS,2520.86,2049.1,0,45244,1996782.7699999993,1999303.6299999994
TXN000735,20250918,ACC295649,19,CHE,459413,20250918,44793349.3,ADJ,N,N,AUTO-GEN,43,55112,RS,-1779.51,9311.9,0,45633,1999303.6299999994,1997524.1199999994
TXN000736,20250726,ACC389002,13,PUN,452780,20250731,46343330.36,POST,Y,Y,AUTO-GEN,19,55908,RM,4365.21,16867.6,0,45816,1997524.1199999994,2001889.3299999994
TXN000737,20260213,ACC259793,19,DEL,451497,20260218,40789644.91,ADJ,Y,N,AUTO-GEN,94,55923,RM,-2845.96,22178.1,0,45400,2001889.3299999994,1999043.3699999994
TXN000738,20251017,ACC630374,19,CHE,451180,20251020,49145818.19,ADJ,Y,Y,AUTO-GEN,57,55211,RM,-3236.82,4280.0,0,45477,1999043.3699999994,1995806.5499999993
TXN000739,20250405,ACC261879,19,PUN,459001,20250409,44041791.42,ADJ,N,Y,AUTO-GEN,35,55580,RM,402.23,9847.1,0,45907,1995806.5499999993,1996208.7799999993
TXN000740,20250922,ACC243183,20,MUM,451952,20250923,45835904.45,ADJ,N,Y,AUTO-GEN,78,55832,RS,3172.68,30813.6,1,45768,1996208.7799999993,1999381.4599999993
TXN000741,20250711,ACC896962,49,DEL,452641,20250713,45694629.79,ADJ,Y,Y,AUTO-GEN,90,55847,RS,-535.83,29935.1,0,45892,1999381.4599999993,1998845.6299999992
TXN000742,20250730,ACC412790,19,HYD,452694,20250802,46955722.72,POST,N,N,AUTO-GEN,17,55373,RM,-901.49,22388.4,0,45033,1998845.6299999992,1997944.1399999992
TXN000743,20250511,ACC677765,13,CHE,453386,20250513,40889154.11,POST,Y,N,AUTO-GEN,70,55156,RM,594.25,37817.3,1,45100,1997944.1399999992,1998538.3899999992
TXN000744,20260113,ACC478233,20,HYD,454420,20260114,41102568.79,POST,Y,Y,AUTO-GEN,78,55805,RM,1107.02,2115.0,0,45439,1998538.3899999992,1999645.4099999992
TXN000745,20250603,ACC279312,20,DEL,455993,20250604,47846796.69,ADJ,Y,Y,AUTO-GEN,55,55963,RS,4464.35,12820.1,0,45216,1999645.4099999992,2004109.7599999993
TXN000746,20251016,ACC855960,20,MUM,451006,20251021,40378548.8,POST,N,Y,AUTO-GEN,68,55754,RM,4813.65,4111.5,0,45054,2004109.7599999993,2008923.4099999992
TXN000747,20251122,ACC169939,78,PUN,459200,20251125,45928675.95,ADJ,Y,N,AUTO-GEN,28,55874,RM,223.74,18843.8,0,45466,2008923.4099999992,2009147.1499999992
TXN000748,20260124,ACC300250,78,PUN,454418,20260129,43603180.95,ADJ,Y,Y,AUTO-GEN,25,55486,RS,-13.23,32273.4,0,45959,2009147.1499999992,2009133.9199999992
TXN000749,20250926,ACC225229,10,CHE,457648,20250930,45234096.75,ADJ,Y,Y,AUTO-GEN,39,55964,RS,-1229.77,1446.8,0,45520,2009133.9199999992,2007904.1499999992
TXN000750,20260118,ACC347524,10,CHE,450661,20260123,42650288.76,ADJ,Y,Y,AUTO-GEN,70,55280,RM,3378.69,5500.1,0,45985,2007904.1499999992,2011282.8399999992
TXN000751,20250716,ACC938390,20,HYD,458671,20250716,44206814.8,POST,N,N,AUTO-GEN,32,55483,RS,-950.12,14435.6,0,45281,2011282.8399999992,2010332.719999999
TXN000752,20251001,ACC234066,78,PUN,454725,20251002,48911827.28,POST,Y,N,AUTO-GEN,94,55671,RM,-1653.63,3911.0,0,45254,2010332.719999999,2008679.0899999992
TXN000753,20250719,ACC866764,49,MUM,454028,20250721,48281559.63,POST,Y,N,AUTO-GEN,10,55265,RM,-1275.05,10760.8,0,45399,2008679.0899999992,2007404.039999999
TXN000754,20260128,ACC821860,10,CHE,459530,20260129,48658700.22,ADJ,N,Y,AUTO-GEN,84,55505,RS,-4183.63,30798.1,0,45008,2007404.039999999,2003220.4099999992
TXN000755,20251116,ACC743191,78,PUN,451076,20251117,49343430.05,ADJ,N,N,AUTO-GEN,70,55376,RS,-980.55,9420.1,0,45233,2003220.4099999992,2002239.8599999992
TXN000756,20250727,ACC607926,13,HYD,450079,20250727,43765579.44,ADJ,Y,N,AUTO-GEN,73,55556,RS,-4788.62,17739.0,0,45841,2002239.8599999992,1997451.239999999
TXN000757,20250904,ACC188079,78,HYD,458089,20250906,42373300.31,POST,Y,Y,AUTO-GEN,97,55011,RM,3551.18,29418.3,1,45355,1997451.239999999,2001002.419999999
TXN000758,20250423,ACC829814,10,PUN,454213,20250428,46509630.95,ADJ,N,N,AUTO-GEN,32,55388,RS,3256.28,30066.8,0,45803,2001002.419999999,2004258.699999999
TXN000759,20251202,ACC474345,20,MUM,458695,20251205,47632536.46,POST,Y,Y,AUTO-GEN,23,55070,RM,-4979.85,3318.7,0,45412,2004258.699999999,1999278.849999999
TXN000760,20260116,ACC934057,19,MUM,458840,20260120,42289314.95,POST,N,N,AUTO-GEN,98,55017,RS,3850.35,6347.3,1,45333,1999278.849999999,2003129.199999999
TXN000761,20251114,ACC405167,13,DEL,454104,20251118,45705967.56,ADJ,N,N,AUTO-GEN,68,55513,RM,2510.26,12435.2,1,45683,2003129.199999999,2005639.459999999
TXN000762,20260209,ACC921297,13,HYD,451346,20260213,47741032.27,POST,N,N,AUTO-GEN,76,55660,RS,-3322.55,24585.1,0,45487,2005639.459999999,2002316.909999999
TXN000763,20260122,ACC128234,13,PUN,458470,20260124,49260153.83,ADJ,Y,Y,AUTO-GEN,95,55831,RM,-198.11,28706.2,0,45843,2002316.909999999,2002118.7999999989
TXN000764,20250329,ACC963735,13,DEL,454597,20250331,41459423.09,ADJ,Y,N,AUTO-GEN,42,55464,RS,4716.19,24712.1,0,45776,2002118.7999999989,2006834.9899999988
TXN000765,20250706,ACC556416,13,DEL,452441,20250706,49968737.11,POST,Y,N,AUTO-GEN,46,55516,RM,4804.55,39596.9,1,45687,2006834.9899999988,2011639.5399999989
TXN000766,20250617,ACC625529,78,PUN,456575,20250621,41793504.11,POST,N,N,AUTO-GEN,28,55348,RM,271.07,20226.7,0,45719,2011639.5399999989,2011910.609999999
TXN000767,20250608,ACC887104,20,PUN,456189,20250612,41419645.74,ADJ,Y,N,AUTO-GEN,34,55608,RM,-38.48,9229.9,0,45008,2011910.609999999,2011872.129999999
TXN000768,20251202,ACC237557,13,HYD,459237,20251205,47735872.29,POST,N,N,AUTO-GEN,12,55002,RM,-1589.16,7240.3,0,45595,2011872.129999999,2010282.969999999
TXN000769,20250702,ACC696998,19,PUN,452827,20250702,40652195.0,POST,N,N,AUTO-GEN,78,55449,RS,1649.66,10814.3,1,45315,2010282.969999999,2011932.629999999
TXN000770,20251119,ACC735586,10,HYD,457295,20251119,41081972.54,ADJ,Y,N,AUTO-GEN,94,55214,RM,-4652.97,7804.3,1,45779,2011932.629999999,2007279.659999999
TXN000771,20250825,ACC866321,20,PUN,453924,20250826,46030284.97,POST,N,Y,AUTO-GEN,66,55371,RS,-3428.5,28576.0,0,45156,2007279.659999999,2003851.159999999
TXN000772,20250818,ACC701546,19,PUN,454639,20250820,46362471.32,ADJ,N,N,AUTO-GEN,64,55094,RS,-624.23,25915.0,0,45254,2003851.159999999,2003226.929999999
TXN000773,20251005,ACC456424,20,HYD,451398,20251005,43699042.89,POST,N,Y,AUTO-GEN,95,55189,RM,-2780.27,30241.8,0,45124,2003226.929999999,2000446.659999999
TXN000774,20250823,ACC691413,20,DEL,457425,20250823,49969771.46,POST,N,N,AUTO-GEN,15,55816,RS,-3537.88,8153.3,0,45216,2000446.659999999,1996908.779999999
TXN000775,20250709,ACC859986,13,DEL,458838,20250712,46075046.16,ADJ,Y,Y,AUTO-GEN,89,55631,RS,-2018.81,29376.2,0,45526,1996908.779999999,1994889.969999999
TXN000776,20251108,ACC203595,49,PUN,453720,20251110,47052737.78,ADJ,N,N,AUTO-GEN,94,55201,RS,-4168.35,17852.1,1,45450,1994889.969999999,1990721.619999999
TXN000777,20260221,ACC297484,13,PUN,456917,20260225,44740385.17,POST,Y,Y,AUTO-GEN,64,55955,RM,-3973.7,39418.5,0,45476,1990721.619999999,1986747.919999999
TXN000778,20250629,ACC540116,10,PUN,451305,20250629,49085563.84,ADJ,Y,Y,AUTO-GEN,90,55588,RS,1724.03,6045.1,0,45330,1986747.919999999,1988471.949999999
TXN000779,20260321,ACC333579,49,MUM,454858,20260323,44304070.93,POST,N,N,AUTO-GEN,81,55489,RS,-1834.79,2401.1,0,45282,1988471.949999999,1986637.159999999
TXN000780,20251116,ACC429211,19,MUM,450189,20251121,48103105.23,ADJ,Y,N,AUTO-GEN,94,55927,RS,1164.26,29244.3,0,45528,1986637.159999999,1987801.419999999
TXN000781,20250730,ACC688046,10,MUM,455371,20250731,43953752.78,POST,Y,N,AUTO-GEN,61,55833,RM,3966.06,35808.7,0,45881,1987801.419999999,1991767.479999999
TXN000782,20251102,ACC623229,20,PUN,453456,20251106,43147894.81,POST,N,Y,AUTO-GEN,40,55755,RM,-986.06,26192.5,0,45036,1991767.479999999,1990781.419999999
TXN000783,20251217,ACC111655,49,MUM,457673,20251219,44881537.93,ADJ,N,Y,AUTO-GEN,20,55223,RS,-2782.7,29294.0,0,45129,1990781.419999999,1987998.719999999
TXN000784,20251207,ACC600049,49,DEL,450247,20251211,41498254.25,ADJ,N,N,AUTO-GEN,67,55363,RM,-2861.12,33983.9,0,45544,1987998.719999999,1985137.599999999
TXN000785,20250824,ACC453586,13,CHE,452758,20250824,46397867.68,ADJ,Y,Y,AUTO-GEN,63,55484,RS,-925.98,17546.0,1,45790,1985137.599999999,1984211.619999999
TXN000786,20251102,ACC894800,19,CHE,457366,20251102,43219881.17,POST,N,N,AUTO-GEN,81,55283,RM,2446.39,10371.9,0,45811,1984211.619999999,1986658.0099999988
TXN000787,20250803,ACC981009,49,CHE,458067,20250805,43762923.85,ADJ,N,Y,AUTO-GEN,63,55224,RM,-4460.84,39078.3,0,45029,1986658.0099999988,1982197.1699999988
TXN000788,20250817,ACC282872,19,PUN,459086,20250817,47310812.38,POST,Y,N,AUTO-GEN,55,55935,RS,2225.9,16632.0,0,45023,1982197.1699999988,1984423.0699999987
TXN000789,20251115,ACC636559,10,DEL,454150,20251120,46065606.74,ADJ,N,Y,AUTO-GEN,100,55755,RM,3855.14,23175.1,0,45633,1984423.0699999987,1988278.2099999986
TXN000790,20251021,ACC366595,20,CHE,454510,20251024,40631792.54,POST,Y,Y,AUTO-GEN,97,55357,RM,-1214.09,27953.1,0,45535,1988278.2099999986,1987064.1199999985
TXN000791,20260203,ACC952983,49,PUN,457017,20260207,47994396.6,ADJ,N,N,AUTO-GEN,37,55741,RS,3758.45,10322.0,1,45568,1987064.1199999985,1990822.5699999984
TXN000792,20251118,ACC838514,78,MUM,451867,20251121,41560222.04,POST,N,N,AUTO-GEN,89,55886,RS,241.07,14260.1,0,45268,1990822.5699999984,1991063.6399999985
TXN000793,20260216,ACC424836,10,DEL,453074,20260217,47958433.47,POST,N,Y,AUTO-GEN,86,55590,RM,-3297.84,21598.9,1,45798,1991063.6399999985,1987765.7999999984
TXN000794,20260221,ACC560849,10,PUN,455848,20260225,40554021.73,ADJ,Y,Y,AUTO-GEN,41,55469,RS,281.27,28139.6,0,45451,1987765.7999999984,1988047.0699999984
TXN000795,20250326,ACC636630,19,HYD,450537,20250326,47912799.16,POST,Y,Y,AUTO-GEN,36,55803,RM,4016.02,2982.5,1,45467,1988047.0699999984,1992063.0899999985
TXN000796,20260326,ACC329626,10,PUN,457166,20260329,44236494.97,POST,N,N,AUTO-GEN,41,55207,RM,2210.59,28132.7,0,45816,1992063.0899999985,1994273.6799999985
TXN000797,20260211,ACC744725,19,DEL,454538,20260216,46028838.54,POST,Y,N,AUTO-GEN,69,55202,RM,-1690.45,17586.6,1,45613,1994273.6799999985,1992583.2299999986
TXN000798,20250917,ACC967405,13,PUN,452568,20250919,44289394.82,POST,Y,Y,AUTO-GEN,100,55482,RM,4886.46,30733.2,0,45224,1992583.2299999986,1997469.6899999985
TXN000799,20251210,ACC631393,13,HYD,457214,20251214,41134562.19,POST,N,N,AUTO-GEN,51,55469,RS,2995.42,25533.7,1,45393,1997469.6899999985,2000465.1099999985
TXN000800,20260120,ACC251068,49,DEL,452840,20260125,43785246.81,POST,N,Y,AUTO-GEN,13,55709,RM,-4048.74,29430.1,0,45822,2000465.1099999985,1996416.3699999985
TXN000801,20250527,ACC851774,78,PUN,456650,20250528,48476985.43,POST,N,N,AUTO-GEN,94,55758,RM,-2664.94,16106.2,0,45592,1996416.3699999985,1993751.4299999985
TXN000802,20250409,ACC316171,49,MUM,459148,20250412,44083355.56,POST,Y,N,AUTO-GEN,60,55480,RS,-4832.31,14800.9,1,45720,1993751.4299999985,1988919.1199999985
TXN000803,20251126,ACC806920,78,HYD,451319,20251130,40185582.98,POST,N,N,AUTO-GEN,48,55667,RS,-693.66,30095.8,1,45545,1988919.1199999985,1988225.4599999986
TXN000804,20250806,ACC865323,19,HYD,453692,20250806,48870707.6,POST,Y,Y,AUTO-GEN,100,55258,RM,-1663.11,24620.8,0,45357,1988225.4599999986,1986562.3499999985
TXN000805,20251213,ACC466920,78,PUN,456999,20251214,44000630.6,ADJ,N,Y,AUTO-GEN,60,55636,RM,1515.84,31908.9,1,45381,1986562.3499999985,1988078.1899999985
TXN000806,20251119,ACC916944,20,PUN,454307,20251120,43112666.58,ADJ,N,N,AUTO-GEN,12,55924,RM,3732.46,29495.1,0,45605,1988078.1899999985,1991810.6499999985
TXN000807,20250423,ACC857095,13,MUM,453029,20250424,48641467.57,POST,N,Y,AUTO-GEN,18,55201,RS,1515.56,29016.0,1,45081,1991810.6499999985,1993326.2099999986
TXN000808,20260206,ACC218119,20,PUN,451624,20260211,47901751.68,ADJ,N,N,AUTO-GEN,61,55526,RM,4942.48,25150.5,0,45481,1993326.2099999986,1998268.6899999985
TXN000809,20260317,ACC588398,78,PUN,450590,20260318,44566970.69,POST,Y,Y,AUTO-GEN,16,55676,RS,-3050.13,19151.3,0,45075,1998268.6899999985,1995218.5599999987
TXN000810,20260109,ACC601767,49,CHE,455140,20260114,44364249.42,ADJ,N,Y,AUTO-GEN,51,55342,RS,-1664.17,9062.7,0,45991,1995218.5599999987,1993554.3899999987
TXN000811,20251009,ACC279561,78,MUM,456292,20251009,49407628.04,POST,Y,N,AUTO-GEN,29,55036,RM,-2316.74,28417.4,0,45104,1993554.3899999987,1991237.6499999987
TXN000812,20250828,ACC124549,49,DEL,455530,20250828,45157742.65,ADJ,N,N,AUTO-GEN,48,55565,RS,-2199.99,20875.5,1,45230,1991237.6499999987,1989037.6599999988
TXN000813,20251016,ACC508747,13,MUM,454012,20251019,47796485.51,ADJ,Y,Y,AUTO-GEN,76,55400,RM,1924.36,26148.9,0,45948,1989037.6599999988,1990962.0199999989
TXN000814,20250821,ACC485235,49,CHE,459419,20250823,49981289.13,POST,N,Y,AUTO-GEN,53,55566,RS,-2087.11,29479.4,0,45510,1990962.0199999989,1988874.9099999988
TXN000815,20250513,ACC315528,20,PUN,455603,20250515,47517910.99,POST,Y,Y,AUTO-GEN,34,55499,RS,-4039.79,13042.5,0,45272,1988874.9099999988,1984835.1199999987
TXN000816,20250420,ACC987808,49,CHE,453741,20250425,44483136.08,ADJ,Y,N,AUTO-GEN,88,55497,RS,3679.3,8367.4,0,45288,1984835.1199999987,1988514.4199999988
TXN000817,20260302,ACC340022,19,HYD,459608,20260305,48700408.17,POST,Y,Y,AUTO-GEN,79,55563,RM,-4673.99,26113.3,1,45499,1988514.4199999988,1983840.4299999988
TXN000818,20250701,ACC242347,13,MUM,453042,20250703,43590163.1,POST,Y,Y,AUTO-GEN,12,55488,RM,-777.54,24178.7,0,45505,1983840.4299999988,1983062.8899999987
TXN000819,20251103,ACC513824,20,MUM,455729,20251107,47554395.75,ADJ,Y,Y,AUTO-GEN,74,55752,RS,176.05,5353.6,1,45515,1983062.8899999987,1983238.9399999988
TXN000820,20260325,ACC533330,13,PUN,459788,20260330,43977652.46,POST,Y,Y,AUTO-GEN,23,55799,RM,3489.81,11644.2,0,45164,1983238.9399999988,1986728.7499999988
TXN000821,20250523,ACC492763,19,DEL,453890,20250525,45232944.44,ADJ,N,N,AUTO-GEN,96,55028,RM,-689.45,37394.7,0,45887,1986728.7499999988,1986039.2999999989
TXN000822,20250519,ACC456966,19,PUN,453611,20250520,46416224.68,POST,N,N,AUTO-GEN,36,55675,RS,465.95,11175.7,1,45426,1986039.2999999989,1986505.2499999988
TXN000823,20250504,ACC344849,49,CHE,459600,20250508,42875462.0,ADJ,N,N,AUTO-GEN,85,55737,RM,4339.2,25400.4,0,45823,1986505.2499999988,1990844.4499999988
TXN000824,20260221,ACC517012,20,DEL,455483,20260221,41566829.33,POST,N,Y,AUTO-GEN,11,55496,RS,2678.25,23752.6,0,45501,1990844.4499999988,1993522.6999999988
TXN000825,20250717,ACC940246,19,DEL,458602,20250721,47388154.65,POST,N,Y,AUTO-GEN,67,55515,RS,-1088.93,6889.3,0,45930,1993522.6999999988,1992433.7699999989
TXN000826,20251208,ACC516808,49,HYD,457839,20251208,42518488.52,ADJ,Y,N,AUTO-GEN,64,55717,RS,-2246.24,10133.7,1,45197,1992433.7699999989,1990187.5299999989
TXN000827,20250329,ACC754780,20,HYD,451497,20250331,40799742.09,POST,N,N,AUTO-GEN,87,55483,RS,-1826.64,8177.1,0,45242,1990187.5299999989,1988360.889999999
TXN000828,20251031,ACC661063,19,PUN,457817,20251103,42289408.06,ADJ,N,N,AUTO-GEN,16,55794,RS,-4306.94,37470.5,0,45905,1988360.889999999,1984053.949999999
TXN000829,20250403,ACC904252,10,CHE,456531,20250404,41387398.19,ADJ,Y,N,AUTO-GEN,59,55799,RS,3692.06,13733.6,0,45570,1984053.949999999,1987746.009999999
TXN000830,20250904,ACC115495,20,MUM,454778,20250904,41077483.57,POST,N,N,AUTO-GEN,22,55083,RS,-3813.82,37090.8,0,45739,1987746.009999999,1983932.189999999
TXN000831,20260210,ACC684236,19,CHE,450248,20260213,46811421.45,POST,N,N,AUTO-GEN,14,55619,RM,-3765.17,1746.9,1,45961,1983932.189999999,1980167.019999999
TXN000832,20250408,ACC832934,13,PUN,458029,20250413,41672933.64,POST,Y,Y,AUTO-GEN,30,55824,RM,-1425.02,11417.3,1,45292,1980167.019999999,1978741.999999999
TXN000833,20251017,ACC505308,20,DEL,451268,20251021,45818374.2,POST,N,N,AUTO-GEN,55,55038,RM,1429.04,38054.2,1,45614,1978741.999999999,1980171.039999999
TXN000834,20251215,ACC812348,10,MUM,454322,20251215,47839711.54,POST,N,Y,AUTO-GEN,95,55687,RM,-1333.62,4213.2,1,45028,1980171.039999999,1978837.419999999
TXN000835,20260119,ACC659913,49,DEL,459273,20260120,40258321.23,ADJ,N,Y,AUTO-GEN,100,55302,RS,281.08,30309.5,0,45910,1978837.419999999,1979118.499999999
TXN000836,20260318,ACC128267,19,HYD,455396,20260321,49066432.5,POST,Y,Y,AUTO-GEN,25,55230,RM,1378.58,18547.4,0,45124,1979118.499999999,1980497.0799999991
TXN000837,20250727,ACC191040,49,MUM,450186,20250730,45197988.51,POST,N,N,AUTO-GEN,75,55197,RS,-3435.39,27224.9,0,45609,1980497.0799999991,1977061.6899999992
TXN000838,20250930,ACC922727,19,HYD,451554,20251005,45510912.1,POST,N,Y,AUTO-GEN,18,55946,RS,169.17,30218.1,1,45428,1977061.6899999992,1977230.8599999992
TXN000839,20260301,ACC426620,20,CHE,457205,20260303,48981834.04,POST,Y,N,AUTO-GEN,79,55959,RS,-1319.74,19209.4,0,45497,1977230.8599999992,1975911.1199999992
TXN000840,20250525,ACC222277,49,DEL,456613,20250530,45121083.34,POST,N,Y,AUTO-GEN,92,55808,RS,-4800.36,28238.3,0,45679,1975911.1199999992,1971110.759999999
TXN000841,20260116,ACC469519,13,CHE,459952,20260116,46001864.72,POST,Y,N,AUTO-GEN,32,55399,RM,2548.76,34235.0,0,45820,1971110.759999999,1973659.519999999
TXN000842,20250419,ACC121272,10,DEL,456177,20250419,46064433.29,POST,Y,N,AUTO-GEN,32,55168,RS,-3548.24,38021.4,0,45482,1973659.519999999,1970111.279999999
TXN000843,20250703,ACC221642,20,HYD,454446,20250705,44988612.28,ADJ,Y,N,AUTO-GEN,82,55640,RM,1623.56,2810.5,0,45237,1970111.279999999,1971734.8399999992
TXN000844,20250417,ACC631520,78,CHE,452214,20250418,46789295.32,ADJ,N,Y,AUTO-GEN,28,55477,RS,2240.65,35241.6,0,45347,1971734.8399999992,1973975.489999999
TXN000845,20250429,ACC208994,49,MUM,458560,20250430,49407139.8,POST,N,N,AUTO-GEN,59,55281,RM,1650.18,17061.8,0,45357,1973975.489999999,1975625.669999999
TXN000846,20251005,ACC829773,49,CHE,450006,20251010,47035427.18,ADJ,N,Y,AUTO-GEN,69,55942,RS,-4430.14,31221.0,0,45314,1975625.669999999,1971195.529999999
TXN000847,20250420,ACC539753,10,MUM,450192,20250425,48042830.03,POST,N,Y,AUTO-GEN,43,55132,RS,3772.5,21761.7,1,45783,1971195.529999999,1974968.029999999
TXN000848,20251228,ACC182263,20,MUM,459690,20260102,49633695.43,POST,Y,Y,AUTO-GEN,65,55223,RM,-3152.3,24335.2,0,45014,1974968.029999999,1971815.729999999
TXN000849,20250329,ACC416023,10,CHE,459321,20250329,41036073.15,ADJ,N,Y,AUTO-GEN,19,55950,RM,-3893.19,13069.7,1,45143,1971815.729999999,1967922.539999999
TXN000850,20251023,ACC166056,49,PUN,453508,20251027,46584766.58,POST,Y,N,AUTO-GEN,34,55051,RS,-2077.92,24585.7,1,45200,1967922.539999999,1965844.6199999992
TXN000851,20250405,ACC563020,78,HYD,454375,20250405,42396551.73,ADJ,Y,Y,AUTO-GEN,26,55572,RS,1429.95,37549.7,0,45545,1965844.6199999992,1967274.5699999991
TXN000852,20251220,ACC457430,13,PUN,454186,20251222,44916274.89,POST,Y,Y,AUTO-GEN,67,55687,RS,-1923.96,31136.6,0,45918,1967274.5699999991,1965350.6099999992
TXN000853,20250712,ACC883794,78,MUM,455647,20250716,46696512.6,POST,Y,Y,AUTO-GEN,16,55687,RS,-993.65,24292.4,1,45017,1965350.6099999992,1964356.9599999993
TXN000854,20260202,ACC564642,10,CHE,456553,20260205,49133381.66,POST,N,N,AUTO-GEN,86,55290,RM,3798.0,9259.5,1,45285,1964356.9599999993,1968154.9599999993
TXN000855,20260228,ACC857555,13,CHE,458357,20260305,49526659.46,ADJ,N,Y,AUTO-GEN,30,55666,RS,3830.07,17269.5,0,45273,1968154.9599999993,1971985.0299999993
TXN000856,20251202,ACC416039,49,HYD,459056,20251203,40091293.87,POST,Y,Y,AUTO-GEN,61,55750,RS,193.4,16694.4,1,45324,1971985.0299999993,1972178.4299999992
TXN000857,20251106,ACC467167,13,DEL,454447,20251108,42408559.06,ADJ,Y,N,AUTO-GEN,20,55007,RM,2296.33,32134.0,0,45735,1972178.4299999992,1974474.7599999993
TXN000858,20250801,ACC966285,49,PUN,453878,20250803,47452510.96,POST,Y,Y,AUTO-GEN,77,55787,RS,-1128.76,13719.2,0,45346,1974474.7599999993,1973345.9999999993
TXN000859,20250902,ACC777264,19,CHE,451671,20250903,49356059.15,POST,Y,Y,AUTO-GEN,76,55268,RM,3309.16,18117.4,0,45540,1973345.9999999993,1976655.1599999992
TXN000860,20251018,ACC960157,20,CHE,459269,20251019,41281103.63,POST,N,Y,AUTO-GEN,32,55299,RS,4264.05,26786.4,0,45355,1976655.1599999992,1980919.2099999993
TXN000861,20251210,ACC404834,10,CHE,456889,20251210,44439996.62,POST,N,N,AUTO-GEN,19,55905,RS,-240.02,4045.0,0,45624,1980919.2099999993,1980679.1899999992
TXN000862,20250918,ACC257048,49,HYD,454400,20250920,48570037.33,POST,N,Y,AUTO-GEN,81,55890,RS,4487.66,14453.6,0,45875,1980679.1899999992,1985166.8499999992
TXN000863,20251025,ACC323453,19,CHE,452117,20251026,47909834.24,POST,Y,N,AUTO-GEN,29,55104,RM,-1313.52,14346.5,0,45355,1985166.8499999992,1983853.3299999991
TXN000864,20250429,ACC594786,19,DEL,452414,20250501,48021749.32,POST,N,N,AUTO-GEN,32,55075,RM,-35.44,27985.8,0,45291,1983853.3299999991,1983817.8899999992
TXN000865,20250721,ACC507968,49,DEL,451035,20250724,48986043.24,POST,N,N,AUTO-GEN,29,55925,RM,-2579.83,26825.4,0,45064,1983817.8899999992,1981238.0599999991
TXN000866,20250402,ACC726626,78,DEL,452796,20250404,40336636.37,ADJ,Y,Y,AUTO-GEN,52,55033,RS,-2466.27,21511.7,0,45630,1981238.0599999991,1978771.789999999
TXN000867,20250401,ACC305175,78,CHE,453760,20250404,48215285.71,ADJ,N,N,AUTO-GEN,25,55600,RM,844.28,39526.1,0,45467,1978771.789999999,1979616.0699999991
TXN000868,20251109,ACC567165,19,MUM,452635,20251110,47351311.07,POST,N,N,AUTO-GEN,88,55999,RM,-394.59,13670.6,0,45337,1979616.0699999991,1979221.479999999
TXN000869,20250429,ACC475366,78,PUN,458195,20250503,43868718.18,POST,N,Y,AUTO-GEN,72,55329,RS,4795.62,29992.6,1,45304,1979221.479999999,1984017.0999999992
TXN000870,20250406,ACC453595,13,CHE,452627,20250406,41769411.19,ADJ,N,N,AUTO-GEN,14,55284,RS,-2140.51,35176.8,0,45716,1984017.0999999992,1981876.5899999992
TXN000871,20251006,ACC271753,10,HYD,452482,20251008,41103855.77,POST,N,Y,AUTO-GEN,98,55245,RS,2862.53,35509.2,0,45910,1981876.5899999992,1984739.1199999992
TXN000872,20251101,ACC354450,49,MUM,450735,20251103,41088125.33,POST,N,N,AUTO-GEN,67,55268,RM,4725.73,19666.7,0,45329,1984739.1199999992,1989464.8499999992
TXN000873,20250408,ACC866445,10,CHE,453447,20250408,45226304.64,ADJ,Y,Y,AUTO-GEN,60,55112,RM,4351.24,12542.5,0,45128,1989464.8499999992,1993816.0899999992
TXN000874,20250514,ACC433848,20,PUN,452215,20250519,46125376.47,POST,Y,Y,AUTO-GEN,10,55773,RS,3172.96,5211.9,0,45723,1993816.0899999992,1996989.049999999
TXN000875,20250401,ACC107321,19,PUN,457277,20250406,48758238.51,ADJ,N,N,AUTO-GEN,79,55616,RM,-4019.83,16491.6,0,45468,1996989.049999999,1992969.219999999
TXN000876,20251216,ACC987789,49,DEL,456345,20251217,45446619.17,ADJ,N,Y,AUTO-GEN,33,55358,RS,-483.03,5767.5,1,45747,1992969.219999999,1992486.189999999
TXN000877,20250708,ACC486745,13,PUN,456286,20250709,44796755.27,POST,N,Y,AUTO-GEN,40,55054,RS,4579.7,1225.4,1,45328,1992486.189999999,1997065.889999999
TXN000878,20251126,ACC512546,19,DEL,457927,20251127,41979327.79,ADJ,Y,Y,AUTO-GEN,60,55268,RS,-427.0,25820.9,0,45131,1997065.889999999,1996638.889999999
TXN000879,20251228,ACC449762,13,PUN,456939,20251230,43996476.06,POST,N,N,AUTO-GEN,81,55706,RM,-3266.17,3912.3,0,45506,1996638.889999999,1993372.719999999
TXN000880,20251119,ACC196517,10,MUM,451318,20251119,42683635.22,ADJ,N,N,AUTO-GEN,61,55551,RM,596.55,9307.4,0,45387,1993372.719999999,1993969.269999999
TXN000881,20251106,ACC154603,13,MUM,453146,20251110,40229486.42,POST,N,Y,AUTO-GEN,84,55959,RS,4128.42,22480.7,0,45191,1993969.269999999,1998097.689999999
TXN000882,20250331,ACC745758,49,PUN,458294,20250402,47794739.29,ADJ,N,N,AUTO-GEN,69,55362,RM,3517.96,15145.7,0,45122,1998097.689999999,2001615.649999999
TXN000883,20250620,ACC534421,10,PUN,452907,20250623,46071074.57,ADJ,N,Y,AUTO-GEN,73,55708,RM,4503.31,27256.9,0,45962,2001615.649999999,2006118.959999999
TXN000884,20260302,ACC497451,78,MUM,451612,20260307,40140392.94,ADJ,Y,N,AUTO-GEN,61,55772,RS,-3610.01,35623.3,0,45988,2006118.959999999,2002508.949999999
TXN000885,20250816,ACC785211,13,HYD,450556,20250817,49208172.03,ADJ,Y,Y,AUTO-GEN,78,55988,RS,-877.88,8533.3,0,45753,2002508.949999999,2001631.0699999991
TXN000886,20250904,ACC181523,49,HYD,459618,20250907,49935034.2,ADJ,Y,Y,AUTO-GEN,28,55848,RM,-988.2,7511.1,1,45115,2001631.0699999991,2000642.8699999992
TXN000887,20250524,ACC692500,49,HYD,452437,20250527,48668843.09,ADJ,N,N,AUTO-GEN,94,55492,RS,4347.73,23892.1,0,45864,2000642.8699999992,2004990.5999999992
TXN000888,20260225,ACC417505,49,MUM,452932,20260225,43962301.95,POST,N,Y,AUTO-GEN,20,55842,RM,-4575.42,10608.9,1,45702,2004990.5999999992,2000415.1799999992
TXN000889,20250326,ACC958151,49,PUN,458274,20250326,48894288.24,ADJ,Y,N,AUTO-GEN,26,55912,RS,-1915.85,38797.8,0,45304,2000415.1799999992,1998499.3299999991
TXN000890,20250704,ACC219269,20,MUM,452727,20250708,44761259.68,ADJ,Y,Y,AUTO-GEN,70,55777,RS,1830.52,34976.6,0,45277,1998499.3299999991,2000329.8499999992
TXN000891,20250824,ACC349360,20,DEL,458761,20250826,46752121.62,POST,N,N,AUTO-GEN,11,55365,RM,183.16,7040.4,1,45486,2000329.8499999992,2000513.009999999
TXN000892,20250612,ACC731733,78,CHE,455239,20250615,49181690.63,POST,Y,Y,AUTO-GEN,19,55408,RS,-3574.69,38599.1,0,45466,2000513.009999999,1996938.3199999991
TXN000893,20250629,ACC557177,13,CHE,455223,20250704,40855195.69,POST,Y,Y,AUTO-GEN,80,55839,RS,-3331.86,6914.4,0,45986,1996938.3199999991,1993606.459999999
TXN000894,20251102,ACC974103,20,DEL,458795,20251104,40302597.21,ADJ,Y,Y,AUTO-GEN,35,55512,RM,3623.1,1220.6,1,45511,1993606.459999999,1997229.5599999991
TXN000895,20250531,ACC214555,19,MUM,456675,20250602,49410671.26,POST,N,Y,AUTO-GEN,12,55761,RM,-2547.72,13986.4,1,45827,1997229.5599999991,1994681.8399999992
TXN000896,20250408,ACC680886,78,CHE,455090,20250409,42900037.3,POST,Y,Y,AUTO-GEN,27,55540,RS,-2194.62,28952.1,0,45797,1994681.8399999992,1992487.219999999
TXN000897,20250418,ACC248111,19,HYD,459564,20250423,47075145.68,ADJ,Y,Y,AUTO-GEN,86,55232,RS,3732.54,12973.3,0,45266,1992487.219999999,1996219.759999999
TXN000898,20250505,ACC970529,78,CHE,451205,20250506,43232666.7,ADJ,Y,Y,AUTO-GEN,70,55119,RS,4863.22,12827.6,0,45223,1996219.759999999,2001082.979999999
TXN000899,20250505,ACC726531,10,CHE,455829,20250507,42488026.44,ADJ,Y,N,AUTO-GEN,21,55213,RM,250.94,12558.8,0,45452,2001082.979999999,2001333.919999999
TXN000900,20250820,ACC993444,19,DEL,453858,20250820,44117086.47,POST,Y,Y,AUTO-GEN,53,55008,RM,-4164.52,26144.4,1,45755,2001333.919999999,1997169.399999999
TXN000901,20260115,ACC633829,19,PUN,459248,20260119,41972090.1,ADJ,N,Y,AUTO-GEN,55,55584,RS,2351.34,37396.4,0,45985,1997169.399999999,1999520.739999999
TXN000902,20250502,ACC217329,10,PUN,456383,20250506,43276159.79,POST,Y,Y,AUTO-GEN,91,55670,RM,-1451.98,33115.2,0,45787,1999520.739999999,1998068.759999999
TXN000903,20250919,ACC378093,19,HYD,455987,20250921,42595299.01,POST,Y,Y,AUTO-GEN,16,55618,RM,3477.82,7474.5,0,45455,1998068.759999999,2001546.5799999991
TXN000904,20260322,ACC658304,49,HYD,455184,20260324,43299769.76,POST,Y,Y,AUTO-GEN,25,55473,RM,1279.58,21782.0,0,45233,2001546.5799999991,2002826.1599999992
TXN000905,20251119,ACC998710,13,PUN,455451,20251121,49988602.89,POST,Y,Y,AUTO-GEN,29,55259,RM,262.89,32905.9,0,45063,2002826.1599999992,2003089.049999999
TXN000906,20250812,ACC868159,20,PUN,459750,20250817,47557253.86,POST,N,N,AUTO-GEN,79,55359,RS,360.07,5438.6,1,45497,2003089.049999999,2003449.1199999992
TXN000907,20260129,ACC767425,10,HYD,450685,20260203,48304643.72,ADJ,Y,Y,AUTO-GEN,43,55831,RS,-4527.49,26762.4,1,45191,2003449.1199999992,1998921.6299999992
TXN000908,20250831,ACC230445,19,HYD,452437,20250831,49571092.09,POST,N,Y,AUTO-GEN,21,55000,RS,-3637.55,18469.4,0,45056,1998921.6299999992,1995284.0799999991
TXN000909,20250615,ACC657002,49,HYD,451618,20250620,42125075.12,ADJ,N,N,AUTO-GEN,41,55716,RM,2257.32,39887.8,0,45290,1995284.0799999991,1997541.3999999992
TXN000910,20250708,ACC219665,78,PUN,451005,20250708,42352985.71,ADJ,N,N,AUTO-GEN,21,55450,RM,-310.87,34833.3,0,45974,1997541.3999999992,1997230.529999999
TXN000911,20251003,ACC545798,78,PUN,452041,20251005,40391556.37,ADJ,N,Y,AUTO-GEN,10,55592,RS,1113.51,18042.2,0,45021,1997230.529999999,1998344.039999999
TXN000912,20260215,ACC724792,10,CHE,452974,20260217,42493135.77,POST,N,Y,AUTO-GEN,16,55411,RM,2382.71,3020.6,1,45655,1998344.039999999,2000726.749999999
TXN000913,20250625,ACC241296,78,HYD,452929,20250625,49073178.58,POST,N,Y,AUTO-GEN,51,55280,RM,2.45,28376.7,0,45696,2000726.749999999,2000729.199999999
TXN000914,20260101,ACC709418,78,DEL,453532,20260101,44917568.0,ADJ,N,N,AUTO-GEN,96,55634,RM,1614.61,4454.0,0,45510,2000729.199999999,2002343.8099999991
TXN000915,20250821,ACC390813,10,DEL,450290,20250821,42225619.36,POST,Y,N,AUTO-GEN,87,55012,RS,-3080.54,15097.4,1,45477,2002343.8099999991,1999263.269999999
TXN000916,20250925,ACC483335,19,HYD,454440,20250928,47192556.0,ADJ,N,N,AUTO-GEN,16,55426,RS,-2969.18,11773.8,0,45974,1999263.269999999,1996294.0899999992
TXN000917,20251206,ACC765532,13,PUN,451069,20251208,44863745.92,POST,Y,Y,AUTO-GEN,81,55446,RM,-1111.96,1197.0,1,45623,1996294.0899999992,1995182.1299999992
TXN000918,20250410,ACC775660,19,DEL,450996,20250413,48952932.1,POST,Y,Y,AUTO-GEN,21,55760,RS,4328.1,30268.8,0,45923,1995182.1299999992,1999510.2299999993
TXN000919,20250425,ACC583729,49,MUM,454861,20250429,47532993.99,ADJ,Y,N,AUTO-GEN,32,55798,RM,1688.79,20221.4,1,45611,1999510.2299999993,2001199.0199999993
TXN000920,20250626,ACC654622,13,HYD,453880,20250629,45042145.31,ADJ,Y,N,AUTO-GEN,73,55831,RM,-504.29,14739.4,0,45917,2001199.0199999993,2000694.7299999993
TXN000921,20250603,ACC388985,10,MUM,450770,20250607,42275596.32,POST,Y,N,AUTO-GEN,67,55285,RM,-1165.92,30069.5,1,45061,2000694.7299999993,1999528.8099999994
TXN000922,20251219,ACC954686,20,CHE,457683,20251219,47327892.36,POST,N,N,AUTO-GEN,38,55741,RS,4187.62,18188.1,0,45299,1999528.8099999994,2003716.4299999995
TXN000923,20251208,ACC365215,78,DEL,450327,20251208,45331555.12,ADJ,N,Y,AUTO-GEN,56,55621,RM,4852.8,19509.6,0,45468,2003716.4299999995,2008569.2299999995
TXN000924,20250918,ACC735971,78,MUM,451445,20250919,42842557.48,POST,N,Y,AUTO-GEN,70,55919,RS,-658.27,20543.1,0,45287,2008569.2299999995,2007910.9599999995
TXN000925,20251220,ACC736617,19,MUM,451432,20251225,42103825.38,POST,Y,Y,AUTO-GEN,62,56000,RS,4476.15,19436.9,0,45441,2007910.9599999995,2012387.1099999994
TXN000926,20250601,ACC417071,20,HYD,459979,20250601,44069277.14,POST,N,Y,AUTO-GEN,83,55309,RM,-3541.86,37508.6,1,45181,2012387.1099999994,2008845.2499999993
TXN000927,20250726,ACC131062,10,HYD,459544,20250729,44385434.06,ADJ,Y,Y,AUTO-GEN,100,55985,RM,4065.99,37450.5,1,45155,2008845.2499999993,2012911.2399999993
TXN000928,20250621,ACC677101,20,HYD,458373,20250621,45095669.88,POST,Y,N,AUTO-GEN,62,55608,RS,-1114.98,31625.4,1,45502,2012911.2399999993,2011796.2599999993
TXN000929,20260202,ACC446083,20,MUM,459140,20260203,45740630.73,POST,Y,N,AUTO-GEN,55,55232,RM,948.18,35067.3,0,45423,2011796.2599999993,2012744.4399999992
TXN000930,20260122,ACC729051,10,MUM,451547,20260123,48844292.84,POST,N,N,AUTO-GEN,28,55702,RM,-4684.61,22637.0,0,45890,2012744.4399999992,2008059.8299999991
TXN000931,20250406,ACC170914,49,MUM,451369,20250409,47497950.27,ADJ,N,Y,AUTO-GEN,88,55177,RM,2644.39,5063.5,0,45345,2008059.8299999991,2010704.219999999
TXN000932,20250607,ACC256825,13,HYD,457283,20250609,47662361.63,POST,N,Y,AUTO-GEN,34,55087,RM,-1360.57,17600.9,0,45023,2010704.219999999,2009343.649999999
TXN000933,20250629,ACC646360,49,PUN,456365,20250703,45280542.18,POST,N,Y,AUTO-GEN,51,55385,RS,2173.86,25906.1,0,45546,2009343.649999999,2011517.509999999
TXN000934,20251024,ACC164446,13,CHE,459005,20251028,45146153.3,POST,N,N,AUTO-GEN,45,55320,RM,1082.01,31399.9,0,45260,2011517.509999999,2012599.519999999
TXN000935,20250811,ACC295270,78,MUM,458311,20250816,44274883.7,POST,Y,Y,AUTO-GEN,63,55385,RM,403.65,7828.6,0,45108,2012599.519999999,2013003.169999999
TXN000936,20250804,ACC547256,49,MUM,452104,20250805,43674549.64,POST,Y,N,AUTO-GEN,84,55339,RM,2000.82,4054.9,1,45583,2013003.169999999,2015003.989999999
TXN000937,20260108,ACC336608,20,HYD,456926,20260113,48642143.8,POST,Y,Y,AUTO-GEN,39,55351,RS,4705.23,25252.5,0,45642,2015003.989999999,2019709.219999999
TXN000938,20260123,ACC170507,49,HYD,457824,20260128,43203086.31,ADJ,Y,N,AUTO-GEN,21,55043,RM,2098.35,23111.4,0,45235,2019709.219999999,2021807.5699999991
TXN000939,20250508,ACC609837,13,PUN,452742,20250511,43941146.03,ADJ,N,N,AUTO-GEN,96,55502,RM,3304.61,15133.5,0,45931,2021807.5699999991,2025112.1799999992
TXN000940,20250530,ACC503532,10,PUN,452720,20250604,49528725.58,POST,N,Y,AUTO-GEN,33,55287,RS,2296.15,35032.2,0,45033,2025112.1799999992,2027408.3299999991
TXN000941,20251020,ACC608729,19,CHE,457779,20251021,45442657.15,POST,N,N,AUTO-GEN,32,55538,RM,-1000.1,18793.9,0,45183,2027408.3299999991,2026408.229999999
TXN000942,20250906,ACC733146,10,PUN,453056,20250911,41514199.96,ADJ,N,Y,AUTO-GEN,54,55412,RS,293.54,14239.3,1,45269,2026408.229999999,2026701.769999999
TXN000943,20260325,ACC848208,10,HYD,458889,20260325,46472669.43,POST,Y,N,AUTO-GEN,54,55975,RM,339.09,27597.1,0,45001,2026701.769999999,2027040.8599999992
TXN000944,20250420,ACC860049,10,HYD,451254,20250424,40035847.38,POST,N,N,AUTO-GEN,73,55859,RS,3659.58,38155.6,0,45905,2027040.8599999992,2030700.4399999992
TXN000945,20250803,ACC959693,19,DEL,450280,20250804,43150866.9,POST,Y,N,AUTO-GEN,91,55457,RS,4856.08,7499.4,0,45681,2030700.4399999992,2035556.5199999993
TXN000946,20251230,ACC437405,49,PUN,456383,20260101,45291847.83,ADJ,N,N,AUTO-GEN,22,55691,RM,4240.94,15081.7,0,45075,2035556.5199999993,2039797.4599999993
TXN000947,20251201,ACC741049,10,PUN,459327,20251202,42334077.29,POST,N,Y,AUTO-GEN,88,55698,RS,1787.37,16473.3,0,45861,2039797.4599999993,2041584.8299999994
TXN000948,20260217,ACC446354,13,DEL,456459,20260220,47288781.16,POST,N,N,AUTO-GEN,58,55387,RM,-2458.87,2669.3,1,45067,2041584.8299999994,2039125.9599999993
TXN000949,20250510,ACC139454,78,PUN,455860,20250511,41271747.53,POST,N,Y,AUTO-GEN,13,55003,RM,-968.43,7321.4,0,45658,2039125.9599999993,2038157.5299999993
TXN000950,20251209,ACC743156,49,DEL,453423,20251212,42248835.15,POST,N,Y,AUTO-GEN,89,55238,RM,-9.86,29778.6,0,45270,2038157.5299999993,2038147.6699999992
TXN000951,20251102,ACC452018,20,MUM,457883,20251107,47211737.77,POST,N,Y,AUTO-GEN,36,55300,RS,-258.87,32261.7,0,45452,2038147.6699999992,2037888.799999999
TXN000952,20260216,ACC605906,19,HYD,453434,20260220,45326081.77,ADJ,Y,N,AUTO-GEN,92,55054,RM,4650.85,20594.0,0,45077,2037888.799999999,2042539.6499999992
TXN000953,20250508,ACC394650,78,DEL,458627,20250513,42248483.81,POST,N,N,AUTO-GEN,86,55874,RM,-2759.57,29088.4,0,45921,2042539.6499999992,2039780.0799999991
TXN000954,20251028,ACC298145,13,PUN,459354,20251028,47017520.14,ADJ,N,N,AUTO-GEN,36,55469,RS,-2974.61,19350.5,0,45272,2039780.0799999991,2036805.469999999
TXN000955,20250326,ACC305417,10,MUM,453752,20250329,48613692.76,ADJ,N,N,AUTO-GEN,93,55038,RS,-3822.84,30645.9,0,45651,2036805.469999999,2032982.629999999
TXN000956,20250503,ACC699666,78,PUN,455119,20250507,41697931.55,ADJ,N,N,AUTO-GEN,44,55504,RM,2889.09,23920.6,0,45632,2032982.629999999,2035871.719999999
TXN000957,20260122,ACC888001,49,CHE,451856,20260125,48928080.75,POST,N,N,AUTO-GEN,36,55898,RS,2824.03,1999.0,0,45048,2035871.719999999,2038695.749999999
TXN000958,20260110,ACC542110,13,DEL,456429,20260114,47814894.22,ADJ,N,N,AUTO-GEN,46,55803,RM,-1602.2,13048.5,1,45822,2038695.749999999,2037093.549999999
TXN000959,20250620,ACC417740,49,HYD,450728,20250625,49456518.08,POST,Y,Y,AUTO-GEN,43,55326,RM,1962.1,35308.8,0,45153,2037093.549999999,2039055.6499999992
TXN000960,20250522,ACC403912,49,PUN,451018,20250527,49926651.43,POST,Y,N,AUTO-GEN,44,55019,RM,-4253.45,35283.0,1,45824,2039055.6499999992,2034802.1999999993
TXN000961,20260310,ACC556965,49,HYD,452948,20260311,46107073.87,ADJ,Y,Y,AUTO-GEN,28,55023,RM,4471.94,3766.1,1,45509,2034802.1999999993,2039274.1399999992
TXN000962,20250716,ACC977893,78,PUN,453482,20250720,40316398.14,ADJ,Y,Y,AUTO-GEN,20,55982,RS,1218.2,1363.0,0,45474,2039274.1399999992,2040492.3399999992
TXN000963,20250601,ACC219202,10,DEL,459239,20250604,44740654.91,POST,N,Y,AUTO-GEN,33,55750,RM,766.2,5564.7,0,45445,2040492.3399999992,2041258.539999999
TXN000964,20251216,ACC447935,49,MUM,452773,20251221,45467286.94,ADJ,N,Y,AUTO-GEN,11,55686,RM,-452.98,34982.3,0,45621,2041258.539999999,2040805.5599999991
TXN000965,20260221,ACC834429,10,DEL,455032,20260226,47686884.75,ADJ,N,Y,AUTO-GEN,25,55812,RM,1564.59,22718.8,0,45306,2040805.5599999991,2042370.1499999992
TXN000966,20260312,ACC779095,13,HYD,451573,20260316,40806429.83,ADJ,N,Y,AUTO-GEN,17,55926,RM,-1248.65,24646.6,0,45741,2042370.1499999992,2041121.4999999993
TXN000967,20250715,ACC606528,78,CHE,450348,20250716,41081954.37,POST,N,Y,AUTO-GEN,83,55444,RM,-3538.32,5887.1,0,45409,2041121.4999999993,2037583.1799999992
TXN000968,20250629,ACC506793,10,MUM,451717,20250704,46838359.65,ADJ,N,N,AUTO-GEN,17,55785,RM,2826.12,7602.1,0,45758,2037583.1799999992,2040409.2999999993
TXN000969,20250414,ACC873125,20,CHE,453528,20250416,41940968.89,ADJ,Y,N,AUTO-GEN,37,55598,RS,-619.8,14020.6,0,45190,2040409.2999999993,2039789.4999999993
TXN000970,20250511,ACC135679,13,HYD,458041,20250513,41077020.46,POST,Y,N,AUTO-GEN,48,55405,RM,2841.1,33117.4,0,45963,2039789.4999999993,2042630.5999999994
TXN000971,20250904,ACC756738,13,DEL,456397,20250904,49505892.17,ADJ,N,Y,AUTO-GEN,28,55017,RM,-4205.35,12294.4,1,45357,2042630.5999999994,2038425.2499999993
TXN000972,20260308,ACC817882,78,PUN,450926,20260309,46225406.85,POST,N,N,AUTO-GEN,16,55491,RS,-2141.94,23674.4,0,45476,2038425.2499999993,2036283.3099999994
TXN000973,20260205,ACC701385,20,MUM,457423,20260210,42360433.46,POST,N,N,AUTO-GEN,55,55940,RM,2020.2,27277.7,0,45669,2036283.3099999994,2038303.5099999993
TXN000974,20260326,ACC178246,20,PUN,455006,20260328,44224258.92,POST,N,N,AUTO-GEN,100,55623,RS,2296.71,37737.4,0,45043,2038303.5099999993,2040600.2199999993
TXN000975,20250702,ACC977979,20,MUM,450159,20250707,48826984.53,POST,N,N,AUTO-GEN,18,55801,RM,-3612.39,1639.3,1,45952,2040600.2199999993,2036987.8299999994
TXN000976,20250531,ACC538684,19,DEL,451952,20250601,46069562.26,ADJ,N,Y,AUTO-GEN,73,55586,RM,1032.38,1038.6,0,45840,2036987.8299999994,2038020.2099999993
TXN000977,20250428,ACC519757,19,MUM,453512,20250501,42465660.12,POST,Y,N,AUTO-GEN,47,55015,RS,380.22,27352.7,1,45894,2038020.2099999993,2038400.4299999992
TXN000978,20260221,ACC184540,78,MUM,457457,20260223,43295858.78,POST,Y,Y,AUTO-GEN,74,55689,RS,2147.6,30431.9,0,45783,2038400.4299999992,2040548.0299999993
TXN000979,20260101,ACC615638,13,CHE,455427,20260106,48794382.72,ADJ,Y,Y,AUTO-GEN,82,55343,RM,3078.04,22207.4,0,45067,2040548.0299999993,2043626.0699999994
TXN000980,20251208,ACC215196,78,CHE,456143,20251212,44312373.34,POST,Y,Y,AUTO-GEN,51,55501,RM,2932.97,13168.2,0,45591,2043626.0699999994,2046559.0399999993
TXN000981,20250619,ACC233810,13,DEL,456020,20250620,44756369.67,ADJ,Y,N,AUTO-GEN,12,55720,RM,617.12,33382.3,1,45228,2046559.0399999993,2047176.1599999995
TXN000982,20250823,ACC651883,10,DEL,450683,20250823,45509742.52,POST,Y,N,AUTO-GEN,44,55707,RM,-2554.86,20783.6,0,45852,2047176.1599999995,2044621.2999999993
TXN000983,20251003,ACC895231,19,MUM,455628,20251008,49201082.24,POST,Y,Y,AUTO-GEN,92,55423,RS,-127.2,24596.8,1,45699,2044621.2999999993,2044494.0999999994
TXN000984,20251031,ACC839863,10,PUN,456609,20251031,47921539.3,ADJ,N,Y,AUTO-GEN,61,55737,RS,2512.4,10215.6,0,45568,2044494.0999999994,2047006.4999999993
TXN000985,20250810,ACC235771,78,CHE,457540,20250810,45275914.64,POST,Y,N,AUTO-GEN,95,55455,RM,-4298.38,26024.7,0,45244,2047006.4999999993,2042708.1199999994
TXN000986,20260117,ACC128949,49,HYD,453603,20260121,40419602.95,POST,Y,N,AUTO-GEN,65,55743,RS,-919.56,19971.2,0,45948,2042708.1199999994,2041788.5599999994
TXN000987,20251231,ACC121263,19,DEL,454277,20260105,40207591.42,POST,Y,N,AUTO-GEN,70,55861,RM,-3245.35,31801.9,0,45285,2041788.5599999994,2038543.2099999993
TXN000988,20250726,ACC516199,13,DEL,452081,20250729,46135451.55,ADJ,N,Y,AUTO-GEN,24,55406,RM,-2279.04,37233.4,1,45470,2038543.2099999993,2036264.1699999992
TXN000989,20251001,ACC339204,19,PUN,453524,20251006,40297096.36,ADJ,Y,N,AUTO-GEN,61,55158,RS,2123.72,25272.8,0,45456,2036264.1699999992,2038387.8899999992
TXN000990,20260131,ACC607707,78,HYD,456336,20260202,43007944.56,ADJ,Y,Y,AUTO-GEN,87,55583,RM,3909.19,34227.9,0,45604,2038387.8899999992,2042297.0799999991
TXN000991,20250420,ACC532563,49,DEL,452818,20250423,41521803.12,POST,Y,Y,AUTO-GEN,63,55583,RM,-3213.86,16846.8,1,45872,2042297.0799999991,2039083.219999999
TXN000992,20260119,ACC705565,10,CHE,458526,20260122,44250469.68,POST,Y,Y,AUTO-GEN,45,55315,RM,-1281.74,20064.4,0,45764,2039083.219999999,2037801.479999999
TXN000993,20260130,ACC212786,13,HYD,455157,20260202,45784826.02,ADJ,N,N,AUTO-GEN,35,55781,RM,-2603.59,11773.8,0,45908,2037801.479999999,2035197.889999999
TXN000994,20251027,ACC397855,19,MUM,454050,20251029,44739394.23,ADJ,Y,Y,AUTO-GEN,38,55097,RM,-2129.38,22510.4,0,45852,2035197.889999999,2033068.509999999
TXN000995,20260308,ACC562471,19,DEL,453780,20260309,47701506.71,ADJ,Y,Y,AUTO-GEN,64,55202,RM,-269.59,9686.9,0,45146,2033068.509999999,2032798.919999999
TXN000996,20250408,ACC131630,19,HYD,452089,20250413,43561242.02,ADJ,Y,Y,AUTO-GEN,61,55303,RM,-4212.19,31876.3,0,45234,2032798.919999999,2028586.729999999
TXN000997,20250409,ACC918420,10,HYD,450048,20250413,45511407.85,ADJ,N,Y,AUTO-GEN,84,55207,RS,3287.71,8095.4,0,45756,2028586.729999999,2031874.439999999
TXN000998,20260213,ACC793760,10,DEL,456285,20260217,41437819.21,POST,N,N,AUTO-GEN,50,55017,RS,3620.74,2625.1,0,45880,2031874.439999999,2035495.179999999
TXN000999,20260107,ACC494078,78,PUN,459159,20260111,47378093.17,ADJ,Y,Y,AUTO-GEN,79,55289,RM,-696.03,2349.0,0,45021,2035495.179999999,2034799.149999999
TXN001000,20260127,ACC312354,13,CHE,458772,20260131,47403174.01,ADJ,N,N,AUTO-GEN,77,55860,RS,1256.91,31974.7,0,45055,2034799.149999999,2036056.059999999
