transactionId,fileHeaderDate,accountNumber,transactionType,batchLocation,batchNumber,updateBatchDate,relatedFileNumber,actionName,relatedFileKey,doNotReportFlag,explanation,minorAssetsClass,owningPortfolio,posterInitials,transactionSubtype,cashEffect,cashPaidOut,oldBalance,newBalance
tx156242515974122000,20250817,7.08E+11,87,PJF,164564,20260225,810350,PYLM,48492757,Y,AUTO-GEN-0D8ON9WF,95,556525,YL,87,23091.1,856864.41,4675082.49,4675881.04
tx167157508616140921,20251208,9.84E+11,48,OAR,557255,20250526,854897,EQZR,55707090,N,AUTO-GEN-KJGAP5B6,45,374419,FQ,26,96599.16,649281.55,2802921.43,2762077.5
tx783603856129780147,20251016,6.94E+11,81,JWT,582615,20260114,388640,YMPE,20927893,Y,AUTO-GEN-GSHVCL9Z,57,779443,FP,94,-122047.73,-276514.96,2411476.5,2426642.57
tx750478917273481744,20260228,8.37E+11,40,AQW,987023,20250914,135659,QCFF,84546663,Y,AUTO-GEN-LQOBGLPC,92,935571,RI,43,-570221.97,-405297.71,4639640.43,4605198.73
tx282334323222856475,20250619,3.72E+11,74,ZAK,343227,20250825,337308,TXNH,43840199,N,AUTO-GEN-GNGWU3VA,59,872100,MY,49,-224623.46,-466848.68,3837661.17,3871304.67
tx385589131791787214,20250802,1.97E+11,72,NRM,282391,20260212,247832,QIUJ,29577609,Y,AUTO-GEN-OLJUCVKF,21,158964,ZZ,85,-199512.68,-707349.16,2377081.38,2347191.86
tx884138022032246242,20251224,8.76E+11,46,PJQ,827158,20251118,594544,QJQP,25279280,Y,AUTO-GEN-Z13B525U,74,402181,OC,18,551305.36,-174437.01,2135472.41,2112879.61
tx109227518887567367,20250429,9.99E+11,40,TNJ,339237,20251023,328315,FARJ,40920796,N,AUTO-GEN-3EP9D2IM,35,236138,XU,62,812132.43,232489.72,1750096.61,1774761.52
tx624867123002742566,20251211,5.00E+11,51,GRA,654917,20260115,748331,KHIV,46544644,Y,AUTO-GEN-EA6FCSWI,59,291301,IA,39,-300953.98,-447247.53,658134.31,705326.31
tx721837583064164837,20250808,5.99E+11,64,JAU,120544,20260117,196149,CKVH,70456840,Y,AUTO-GEN-PIBE3LXI,34,175841,ZR,65,764153.31,-539395.34,3822086.1,3846249.07
tx384969555965983863,20260104,2.31E+11,71,FWN,468689,20251221,617241,PKYZ,73667431,Y,AUTO-GEN-HGMRILIY,56,552670,NB,98,-8159.51,-643534.59,2009244.96,1997870.88
tx943898611929617274,20250724,2.29E+11,18,UQA,149591,20250709,754438,XCMB,31115742,Y,AUTO-GEN-W3EGGGD2,93,962465,OI,29,-84099.03,-764526.72,4791589.91,4779133.32
tx201853252356882191,20250901,1.32E+11,72,NBS,764727,20251125,779237,IWXV,36079487,N,AUTO-GEN-ZLNUDSVS,84,133183,YL,86,828825.93,21741.75,2201784.66,2205455.88
tx905408599229883068,20250422,8.19E+11,76,OZQ,645683,20251113,170714,QKUC,94827828,Y,AUTO-GEN-O657T1SD,84,532238,UM,67,-954627.13,-731223.86,4024440.61,3979696.77
tx674224044576446603,20251209,5.95E+11,73,PSJ,390427,20250801,238713,GJHP,69140996,Y,AUTO-GEN-C2XYRSBP,69,560995,IL,61,179134.49,-180720.96,4966559.33,4970631.64
tx312610694464679191,20250309,5.31E+11,33,VFA,419947,20250613,822365,OFVL,98150788,Y,AUTO-GEN-8F49R4P0,30,904890,JD,62,515530.67,634204.9,1235566.95,1268344.61
tx197926277266534186,20251206,3.62E+11,65,CIY,402304,20250722,895786,DWAU,69381751,Y,AUTO-GEN-T5ZVWH9E,79,591265,OG,58,-264282.46,-163875.9,2472842.03,2508548.84
tx814200773974801884,20260224,4.91E+11,25,LTQ,910951,20260308,542511,GKLC,36813863,N,AUTO-GEN-TXK02SIJ,68,784241,ZX,34,178819.39,116415.6,4549843.11,4555020.31
tx142734366107209639,20250607,8.74E+11,32,KOL,953410,20251002,893852,AQWA,96833668,Y,AUTO-GEN-Q4S0JYJQ,42,494910,TL,53,996962,914688.83,3518035.21,3509235.54
tx593106770104641949,20250709,2.91E+11,82,UOQ,404607,20250528,589854,DNTE,31275818,Y,AUTO-GEN-2JRVR545,95,527631,OA,78,355346.15,-145453.99,1548404.57,1526361.51
tx121980192442289589,20260117,9.30E+11,79,TLD,723137,20250718,403460,HMGL,64066292,Y,AUTO-GEN-FFPNT8E4,66,527061,ZV,75,-169819.4,819506.49,4695293.36,4739420.48
tx197697445851885022,20250618,2.85E+11,79,MHG,945589,20250809,294118,MGRG,39007410,N,AUTO-GEN-1BVR11IV,17,682986,AF,10,350080.92,-361546.55,3966661.82,3980446.55
tx418482046253651051,20250519,1.19E+11,20,KPV,723013,20260227,643468,HGUC,86916201,N,AUTO-GEN-ZO5W8B9G,10,312472,EF,56,306094.59,734655.92,1477577.84,1469711.02
tx881292347933746036,20251204,2.68E+11,39,BNN,589217,20251129,726605,APGR,47100658,N,AUTO-GEN-8V4AMUYZ,50,356568,RS,97,132869.04,122932.2,3805732.15,3800352.6
tx085503622287586476,20250811,2.59E+11,89,NUM,166901,20251008,192477,HDHC,28494725,Y,AUTO-GEN-MKKRQQUJ,17,983998,IP,13,-102294.01,228727.75,4836719.39,4885318.35
tx486631884610615477,20251219,7.52E+11,33,SUD,112104,20250405,780074,ZRNM,30198793,Y,AUTO-GEN-CBMVAO4Z,19,635827,NJ,99,-491395.86,-972076.37,4718681.93,4725100.3
tx310803283979545555,20250725,4.87E+11,58,KVA,390002,20251009,402588,XLAV,59839588,Y,AUTO-GEN-PRMZITN5,46,115290,PM,14,-873537,583291.4,2365417.07,2320226.92
tx565359781444295313,20250312,7.85E+11,50,NYR,432938,20250314,879486,YAVL,59590193,N,AUTO-GEN-THB76LE0,48,240114,PJ,28,-612548.73,-513475.72,4054571.44,4046577.05
tx361368481111062039,20251121,3.78E+11,26,BLA,914590,20250919,634811,KBBE,84905140,N,AUTO-GEN-ZNZM7GDN,70,324968,XP,28,218366.44,860323.14,1073395.54,1112208.04
tx100438994817930673,20251102,3.67E+11,11,OGY,695022,20260215,870655,OBDW,10172680,N,AUTO-GEN-UGMOQA5E,18,463418,EB,44,-893032.74,319551.09,2603270.72,2600600.22
tx684567855604605519,20251113,5.43E+11,11,CSS,142854,20250502,514376,GIHV,17405549,Y,AUTO-GEN-GDP5L692,47,148715,IY,73,-300241.43,-593373.72,532769.95,490978.61
tx644994688655630171,20260218,2.77E+11,95,UTK,646502,20250526,609952,XNLJ,76849169,N,AUTO-GEN-HOIGLK05,86,143934,HE,60,194651.88,-641209.79,3637934.06,3606682.89
tx776708261463717846,20250508,6.00E+11,25,EMU,673540,20251207,729206,WIZZ,28000773,Y,AUTO-GEN-VV18SPQ1,92,187308,XG,24,-304104.52,698019.39,3492963.01,3452441.11
tx380647440528552313,20260219,4.46E+11,82,SQE,881522,20250321,206028,CEQZ,82155116,N,AUTO-GEN-SR8KYBY2,20,583592,ZK,66,165076.23,-665112.8,344311.53,316288.25
tx611215796237963461,20251119,9.53E+11,53,BEH,839435,20250405,898563,RGGX,20016778,N,AUTO-GEN-M90RHLHL,54,256631,YW,25,538614.52,839437.5,2482626,2519208.18
tx450309035693131055,20250524,1.56E+11,31,ADG,807407,20250925,453228,ZTXO,20201009,Y,AUTO-GEN-VHA0ZXBA,10,319566,JV,43,615703.14,670621.56,310112.8,310434.02
tx504475767321173217,20251214,1.28E+11,30,OEC,114011,20260115,358642,TGDS,79380493,Y,AUTO-GEN-ZQRM4QY4,60,414663,JU,82,542536.66,-956671.77,1203106.58,1153887.56
tx515183587485805212,20251010,3.42E+11,19,PWV,244448,20250823,200975,UTAP,88267803,Y,AUTO-GEN-XDVPF3FQ,19,404622,ZU,46,-131296.59,290941.4,4075623.72,4120450
tx636946958332001562,20250612,4.38E+11,45,BRU,161363,20251104,525996,CVMH,76286792,Y,AUTO-GEN-SETNEPWH,92,128365,AD,76,154534.62,-863857.36,286592.7,327648.7
tx984671377714234234,20250325,6.07E+11,14,OOP,179144,20250717,963234,LIIW,80252588,Y,AUTO-GEN-9N4SHIA5,98,583115,FO,80,830863.73,-81070.3,1360965.08,1391037.64
tx721668136613066102,20250412,6.24E+11,34,MWS,381251,20250626,160570,VXMJ,67557457,N,AUTO-GEN-S5FSR625,13,675229,JH,58,-586506.71,371298.99,2702187.28,2686935.78
tx252564321035018215,20250418,5.67E+11,69,ELO,681995,20250325,179769,VTGW,23798992,N,AUTO-GEN-0X3ST783,85,887244,ZI,98,803933.97,-149434.27,3881496.25,3894336.57
tx508787953389201107,20251007,3.65E+11,64,EZT,936012,20250721,536418,JPDD,75533279,N,AUTO-GEN-L25MBFNH,79,169941,CS,40,744667.79,-919831.05,2707929.75,2727028.07
tx643258160886352591,20251208,8.47E+11,72,BKE,530289,20250913,291425,WDOD,59980315,Y,AUTO-GEN-NJLAG5AF,99,417455,AT,71,32820.51,34991.32,3882311.67,3855884.35
tx210484359646570991,20260305,2.37E+11,99,BXE,320382,20250827,447378,CFEQ,16142300,Y,AUTO-GEN-789BKE8M,46,400201,GI,50,-128526.27,-885779.4,4564258.63,4605559.53
tx653231943471782272,20260217,3.91E+11,16,YVQ,320325,20250812,583934,VLCQ,64272929,Y,AUTO-GEN-FTU82ZVD,20,933065,SJ,55,-216317.04,131204.66,1572114.68,1556586.11
tx313429104315128483,20250612,9.93E+11,79,NEU,248756,20251117,319279,EKDH,99585223,N,AUTO-GEN-PR2UY79D,86,546571,KK,84,693309.99,-619810.01,4322467.96,4298770.85
tx736536000418429218,20250806,5.84E+11,12,UPH,890964,20251106,482530,JDXQ,44722407,Y,AUTO-GEN-9W3P2MS8,56,270246,TL,30,247301.54,705216.54,3812320.53,3854359.31
tx003148666599763819,20251001,9.02E+11,23,PHL,865812,20251013,322425,AIUP,81430783,Y,AUTO-GEN-S1CHXLF4,32,292916,QZ,34,666906.99,823544.83,696536.99,677895.18
tx635268979815757166,20250515,6.00E+11,52,IEH,446787,20250730,695074,WHXC,56586065,N,AUTO-GEN-4R6LZOTC,62,698551,VK,28,-625760.89,-744107.38,3822499.38,3860248.93
tx289790566749134761,20251211,2.83E+11,25,WAD,717403,20260222,330984,LSIT,67494218,Y,AUTO-GEN-6W7HF1TG,42,690468,DS,30,488934.79,-144746.15,3850087.12,3853444.44
tx178058488419744067,20260105,3.41E+11,53,OVZ,150001,20251009,326187,IHQZ,53197978,Y,AUTO-GEN-CCD9T9SG,15,452499,WW,50,108862.73,962112.3,3862636.74,3862175.35
tx794822290450426957,20251015,9.73E+11,33,ENN,762704,20251209,903141,MHST,92423642,N,AUTO-GEN-7Q2GWE9J,49,794334,IR,28,-908145.24,-401169.32,1787636.69,1764516.62
tx936878119815945683,20250412,9.76E+11,38,JOB,221042,20250721,786828,XDQI,91764810,Y,AUTO-GEN-SSX9B1KA,80,770032,DJ,69,-400079.95,673802.24,2686965.49,2677088.66
tx546026349649660193,20250610,2.48E+11,87,CZO,249236,20250826,727745,GYNB,11530199,N,AUTO-GEN-4AS1YMRP,67,457559,WZ,59,-452779.15,750205.17,1644921.28,1686558.92
tx347973314449808762,20260102,1.28E+11,70,MQB,718390,20250905,652802,VYUC,94046516,N,AUTO-GEN-7UUN1XNW,13,528119,VG,46,448028.85,726028.44,1201016.56,1183087.34
tx810236562235662608,20250531,3.40E+11,68,BVK,382861,20250502,580975,FFGM,60648850,N,AUTO-GEN-UPKXLXBO,78,576547,QU,99,196629.86,-448358.74,1525676.96,1567639.97
tx141570237713232898,20250424,4.07E+11,43,IDM,826390,20250712,728163,LFDR,58684505,Y,AUTO-GEN-9VDVBPFZ,60,824619,EY,36,877669.44,968881.66,3511591.09,3485672.75
tx712558549695826987,20260215,4.88E+11,69,MUB,526649,20260303,841258,RFRI,34760234,N,AUTO-GEN-SGTLGYHT,81,374552,CE,19,70352.45,238812.26,3654595.31,3690570.75
tx524895879543784025,20250918,3.37E+11,39,QCU,141497,20260302,250950,NWUX,29925163,N,AUTO-GEN-TNTAKLGR,66,938930,PF,37,694791.76,566988.52,1481566.53,1466609.85
tx568491232970685398,20250621,6.70E+11,52,RCN,861190,20251006,753780,XZYL,71849097,N,AUTO-GEN-USB4YMFZ,78,851900,UV,48,-91342.5,-467199.04,897928.29,878304.44
tx561658376442628345,20250324,6.93E+11,87,PUV,693142,20250508,871556,XSQN,33499656,N,AUTO-GEN-U10P0Y88,78,783853,DV,43,284851.77,-984787.01,2213284.41,2256123.33
tx887699657451974900,20260216,8.43E+11,23,SCZ,776322,20260214,297828,BTVP,78935449,Y,AUTO-GEN-TEDO1V5E,78,300103,XY,29,394710.6,-653711.2,974786.43,1021153.56
tx082430509651598941,20251010,6.89E+11,65,CBD,576639,20250621,972538,BZUT,40544665,N,AUTO-GEN-M9HLI6M0,55,785976,TE,82,-810837.91,-693965.52,2755626.14,2727921.96
tx963081942525261205,20251028,7.76E+11,76,QHQ,184652,20260127,901038,EZIB,30159535,Y,AUTO-GEN-8MQK3KCZ,29,308773,NN,39,588774.39,875501.44,3816889.86,3788563.22
tx739738236213521051,20251106,9.21E+11,38,UTB,431431,20251009,704837,CLXN,78107120,Y,AUTO-GEN-B280PVOK,93,202086,FD,79,-500676.15,-315906.93,1118526.35,1080310.82
tx521778035125597233,20250504,7.71E+11,80,UZD,154587,20250720,947932,VBOE,51388211,N,AUTO-GEN-PW9TNTQU,75,701922,DP,17,868599.62,-429179.2,1126974.88,1077039.68
tx154605684703360176,20251217,2.84E+11,42,PSA,114128,20251117,334746,XDPZ,65639866,N,AUTO-GEN-C0OXBDDV,95,886327,ZZ,64,214190.63,-439365.61,2293975.22,2294708.55
tx355476836693708542,20251031,3.73E+11,55,UQC,687516,20250905,873627,ENCU,44776507,N,AUTO-GEN-9ZJRVYG4,41,412761,UO,47,-232040.28,-721666.17,4234482.87,4191680.18
tx327666795429606373,20251228,3.87E+11,61,OYK,576999,20250725,771698,KJMJ,62583609,N,AUTO-GEN-SDLZR7HT,68,961349,AF,47,922443.75,-596212.78,619136.24,655582.42
tx124060954444896435,20250423,3.02E+11,70,XIA,159012,20250814,154064,WIPR,66919599,Y,AUTO-GEN-1YZKL5O0,92,678991,VV,21,227830.51,921196.41,2285982.79,2280486.07
tx437866339556056434,20250326,4.18E+11,24,YBO,466253,20251124,472163,UGXX,20809812,N,AUTO-GEN-IRGVQ8ON,82,262272,YT,88,-563787.28,900931.14,2619039.72,2595493.81
tx639543567954982951,20250420,9.17E+11,91,XLI,979898,20251024,361114,KERB,10672752,N,AUTO-GEN-YL9R6NFQ,99,171157,XB,70,234444.5,-572117.24,3905761.2,3954662.53
tx061238354022098529,20250528,3.18E+11,25,QTR,803145,20260204,381905,DPGU,14613697,N,AUTO-GEN-W1FT6HYX,22,895519,PV,15,628114.2,-618931.29,761247.89,806804.51
tx099011141717602790,20250526,6.77E+11,51,OXW,727693,20260226,996300,KDLW,58618961,N,AUTO-GEN-J86HHT91,52,992909,AB,63,192072.94,-207180.21,4275634.09,4272653.95
tx589668871601979669,20250927,7.91E+11,71,BMK,958222,20251223,835141,FJLV,75494819,N,AUTO-GEN-KEC06MRX,86,553613,LH,22,-684189.07,-95515.48,361792.33,368547.37
tx492249555416947756,20250529,5.88E+11,13,ZNV,655386,20251015,810363,OKFA,17241489,N,AUTO-GEN-04DAEDPF,73,999561,BS,93,-517766.36,35889.48,174984.39,158243.28
tx379699235121535757,20260106,4.62E+11,13,WZW,365796,20250822,944768,KNPX,68515996,N,AUTO-GEN-RYOQQIEJ,70,707238,CN,11,-250452.06,512316.96,2038347.7,2037023.95
tx710906666887817142,20251004,1.33E+11,76,JFQ,590587,20250904,465963,OQCX,42265576,Y,AUTO-GEN-KBPJSF1A,83,288272,QQ,93,-469615.41,430418.09,4925842.73,4915604.69
tx534790584321967000,20260214,4.80E+11,21,SWR,135385,20250509,407925,UTAW,58035929,N,AUTO-GEN-2SBWAJHU,54,678372,VD,89,-213112.38,835814.14,3113971.75,3160886.93
tx768879141677450258,20260111,9.91E+11,24,OXS,842853,20250703,901467,BQRA,11938918,Y,AUTO-GEN-OVK7XQ99,21,830738,OD,10,-422841.66,746692.34,892481.1,913638.09
tx627210203174133874,20250819,6.28E+11,92,TVK,612042,20260130,984358,PGOQ,59308499,N,AUTO-GEN-CUXP5D8R,47,929206,MI,80,-411295.47,842439.15,4134629.11,4113254.4
tx192894206824529077,20260108,2.79E+11,30,IVG,887754,20251006,178194,RKHX,99062720,Y,AUTO-GEN-4TRFOVT3,12,769903,RN,25,-880155.64,568714.94,2342130.7,2339969.96
tx492802360665451986,20250423,9.36E+11,48,WYC,352252,20250702,573784,EKXM,19667530,N,AUTO-GEN-BLGPBQ9J,33,403164,GW,92,777984.59,-867465.17,3989433.18,3964136.72
tx962036818188777440,20250927,8.56E+11,15,GMX,285710,20250409,759925,LJJT,87804215,Y,AUTO-GEN-5VF8KVTH,49,155112,ST,68,-776651.96,612822.55,3985448.59,4009258.15
tx193127525614601063,20250412,4.68E+11,77,DDB,711926,20250717,904887,KJTH,66593404,N,AUTO-GEN-7OWXOWLN,96,407863,ZU,11,877202.2,-565024.02,2356908.86,2307282.44
tx499373431294161742,20250529,2.37E+11,11,VZE,785379,20250520,801020,ZEXC,77249551,Y,AUTO-GEN-1K1XEJA4,66,667119,SJ,59,998813.07,455752.32,1505043.11,1478800.27
tx971520075559487833,20251111,3.39E+11,10,KHT,612645,20251218,916368,GAOX,55546368,Y,AUTO-GEN-XDEMJLKE,28,707619,EW,44,553905.8,45301.72,374178.39,413408.3
tx086087053723375027,20251020,9.38E+11,83,QLA,838898,20260120,897701,OYKP,77836916,Y,AUTO-GEN-GN17Z9CB,66,702938,QF,43,111116.44,-22005.93,2340067.66,2340245.63
tx889894724569127491,20251114,5.95E+11,88,JWO,229668,20250603,456074,THCE,49516188,N,AUTO-GEN-M10U3K6G,94,525679,UQ,37,226148.21,268213.34,2397075.2,2370687.72
tx092616851252203206,20250723,5.43E+11,87,WBY,936009,20250625,103574,OKYQ,29080060,Y,AUTO-GEN-TYORFH9H,15,341673,UQ,30,210119.84,946989.6,448620.26,489819.02
tx678825523304311639,20250313,9.70E+11,65,XTA,632748,20260126,610075,WFBU,83236081,Y,AUTO-GEN-R3GV9V1B,20,319702,NF,62,258371.8,954894.06,1523829.17,1482250.14
tx370665779618325383,20250930,1.48E+11,38,UTJ,416440,20251209,792295,XFYX,96015309,Y,AUTO-GEN-AXCT65F1,46,879225,RX,96,407706.87,-348160.5,2196827.07,2246439.86
tx323714363487207244,20260115,4.55E+11,86,UHZ,552389,20250414,291158,XXAU,17796989,Y,AUTO-GEN-6AS06EL9,90,560780,XP,50,-30579.84,207645.65,2872401.72,2860972.83
tx230412144654563561,20251227,7.30E+11,52,BGD,370760,20250819,335037,FRTY,92146045,N,AUTO-GEN-SRFW00PK,68,817577,YU,57,-725293,519855.45,3664909.23,3634008.16
tx591270065891845882,20260112,1.86E+11,98,QQI,441440,20250316,721311,GQJY,40744563,N,AUTO-GEN-WA1Q1VOL,90,945550,YG,73,-319000.35,-478448.93,2096153.61,2098397.38
tx623934878330841700,20251031,5.46E+11,56,DYI,104079,20250605,796424,UQWY,45772496,N,AUTO-GEN-Z2XJ1NEB,93,395460,WI,74,839665.43,-26092.04,1993589.16,1972803.41
tx306606472552951055,20251218,7.32E+11,27,HND,415716,20250618,516356,DFUR,39093026,Y,AUTO-GEN-VY7505LV,50,760508,XM,11,-96924.22,152157.78,148754.71,160020.43
tx722136212273642642,20250713,4.00E+11,18,DEJ,294904,20260126,450799,POJB,60277742,N,AUTO-GEN-6OLT9G14,37,116995,BJ,57,-400936.19,708001.99,2945944.63,2945999.15
tx658834258708822980,20250312,2.71E+11,81,ORY,459240,20250601,991897,WGOS,98638654,N,AUTO-GEN-H5FOTZ88,34,684115,KF,94,-552239.52,-706799.81,938724.78,960376.54
tx584487382474863736,20250316,8.35E+11,65,UFY,878903,20250627,544858,HBYY,39710604,Y,AUTO-GEN-4TE7RRIG,44,535874,ZB,54,241646.08,-854752.99,2870016.54,2899563.37
tx044466165059654055,20251008,9.32E+11,76,ICU,943586,20251206,571006,GPTV,73533068,Y,AUTO-GEN-ZXH03422,86,685260,PJ,94,-123378.34,-723551.46,3650752.84,3664319.39
tx344856756606267245,20251210,6.33E+11,56,JKN,625020,20250320,713842,LUVI,51261972,Y,AUTO-GEN-OAR09UB0,94,944060,YT,71,-673030.23,777769.89,4388265.25,4367240.51
tx117674566461618812,20251112,8.05E+11,79,MJT,910546,20250327,841629,WBNB,17151056,N,AUTO-GEN-68STMBBZ,25,383414,BL,38,-822437.97,514677.51,3035701,3046255.28
tx043726975637378372,20250617,9.43E+11,34,GLE,939912,20250531,231351,MWZU,32274925,Y,AUTO-GEN-TPMF7BXA,59,955181,ZQ,63,821959.93,951097.82,3463050.1,3435600.31
tx045677171339502462,20251113,7.95E+11,85,WKO,684613,20250329,311444,TTUE,25536007,N,AUTO-GEN-OAKWWJGZ,20,967889,IS,16,-438871.25,850413.45,702989.29,662169.2
tx948681298239465256,20251129,4.80E+11,40,MGP,372526,20250404,970985,SCDF,99693941,Y,AUTO-GEN-W56WY062,65,709660,JQ,91,870207.33,-821096.08,2608352.05,2638719.72
tx246646963669250736,20260202,6.37E+11,99,MYQ,907565,20260301,314896,FKLA,70663301,Y,AUTO-GEN-7SDONI1J,96,113900,JG,16,143753.18,487169.72,4971693.63,4967221.08
tx629471615566603980,20260111,9.27E+11,35,LNX,921738,20250731,301116,VFXP,55625428,Y,AUTO-GEN-NC1VYJLR,70,767222,IJ,54,122982.2,-140442.98,2020594.24,2000745.32
tx290847858255012896,20250920,2.09E+11,51,OYG,641557,20260214,151484,TTFK,58396544,Y,AUTO-GEN-1V4M2QUC,12,889863,LE,15,-172376.9,-985094.61,4081733.92,4046142.5
tx804687568906218281,20250628,5.65E+11,23,LCM,679932,20251113,588744,DDFZ,44115356,N,AUTO-GEN-DF22A0TR,16,637571,DY,83,582086.24,955338.94,4066248.18,4019883.72
tx040218029790097111,20260118,6.33E+11,83,WJC,264575,20251212,154101,UIDJ,99478001,N,AUTO-GEN-22TERODE,72,702070,TW,19,796426.39,428695.49,3493841.72,3527697.56
tx576485136712606044,20250920,9.75E+11,81,CER,692118,20250602,546360,LYYE,72311197,N,AUTO-GEN-BUHXQTED,77,513212,KU,81,-911315.63,484319.87,227758.97,256438.17
tx161701924643590344,20251023,5.95E+11,62,WKB,780083,20260114,766423,NFJZ,57332373,Y,AUTO-GEN-1J0H89K1,67,725404,OL,19,-783305.15,100028.12,4683689.68,4718684.33
tx690150720535447875,20251031,7.76E+11,79,PVG,871138,20260122,360232,OHNG,89562320,Y,AUTO-GEN-657TBV97,73,937856,QO,79,-85220.36,-911165.91,748418.61,776817.73
tx889563550301493849,20260118,5.25E+11,96,IKE,162780,20260124,179949,SRBW,88298146,N,AUTO-GEN-X2XT7IY9,94,989039,BP,65,835163.29,-542606.15,1213685.53,1227357.22
tx559415141747014012,20251001,6.66E+11,39,XPM,662773,20251109,255710,PRFP,62232006,Y,AUTO-GEN-376IBVUM,91,290421,MN,53,595459.16,-838052.09,4589094.98,4604588.13
tx118484864821872630,20260112,7.73E+11,45,IDI,619908,20260219,425325,WTUH,46453329,Y,AUTO-GEN-JO8PIGGB,21,310325,YQ,34,-322509.2,-266265.81,1868805.61,1858480.62
tx044155875026139534,20250529,9.49E+11,60,LKN,237601,20250823,391467,ZIEU,82517158,N,AUTO-GEN-Z3RV9JVI,53,153498,NN,33,12633.36,698299.68,2096657.01,2051647.59
tx341530625813299360,20250329,6.28E+11,85,RKW,743812,20251215,135348,GQNB,41540929,Y,AUTO-GEN-80EVPWES,44,557249,NY,99,405899.15,328159.07,604890.61,626192.1
tx697013193095669460,20250717,4.98E+11,18,KHR,383650,20260101,756303,UQPG,50748896,Y,AUTO-GEN-U4MOYRZA,90,590553,ZF,67,-384333.62,906774.76,505077.79,491759.65
tx025103783359448436,20260122,1.77E+11,60,AMT,538302,20251110,264350,NEQH,34258891,Y,AUTO-GEN-D3ULSM77,54,302587,HH,71,-898350.04,-916201.62,4134304.01,4164818.48
tx660477305769468723,20250620,1.67E+11,31,DDV,853653,20250524,983706,YKWI,42812060,N,AUTO-GEN-TM86D6OI,40,784810,HO,41,-70906.25,571271.14,4883951.21,4836553.92
tx396600757039662398,20250609,8.13E+11,11,VGQ,627930,20250802,447545,TSHQ,91545978,Y,AUTO-GEN-8RWH3FA4,20,863113,FE,50,718010.25,203673.4,573366.53,557021.32
tx026107555583513058,20260212,7.01E+11,59,JVC,520992,20260121,317421,ULCT,71525574,N,AUTO-GEN-MMANO05I,34,247704,JO,89,949091.53,-888390.28,268349.91,297864.6
tx473990733156763441,20251114,1.53E+11,25,XTO,623318,20250722,625804,ENWO,98565594,N,AUTO-GEN-68XJJPP6,49,599455,GG,89,-355604.79,-688936.65,3656184.15,3667440.91
tx574174001099608530,20250918,3.48E+11,21,DIO,728900,20250828,636671,LGXC,29311009,N,AUTO-GEN-6O9IDMPC,26,356507,MS,47,856530.09,676623.87,3695287.23,3684443.87
tx496414266363241459,20250914,9.60E+11,75,LHT,591933,20250701,304815,HKKA,74327728,N,AUTO-GEN-D96KAKH4,16,614006,US,23,-160386.39,5863.8,2875548.84,2897013.85
tx021712694903328766,20251119,9.80E+11,33,BBE,659785,20250309,730867,KJTK,99033280,Y,AUTO-GEN-FVFMN8L4,12,932402,HH,93,955978.64,-960006.54,1548744.28,1526479
tx839215436977286193,20250606,8.63E+11,72,CJX,377964,20250919,232292,ITTL,78346647,N,AUTO-GEN-CEHH5231,51,605634,TV,16,-74642.49,-430868.69,3697871.42,3724249.31
tx446064554396319436,20260218,6.29E+11,99,SYE,268882,20250804,168857,YHHC,68624619,N,AUTO-GEN-2306VK9R,20,360367,NS,33,475334.08,336837.82,3819881.61,3863766.26
tx099121858667476473,20251127,1.49E+11,80,MIM,715116,20260303,868501,JAMB,18925044,Y,AUTO-GEN-PP8JEN2E,42,788190,CO,49,65327.24,-157985.23,265361.07,267564.8
tx102268429190862350,20260302,5.91E+11,31,LDW,971539,20250610,312716,LUWV,17422109,Y,AUTO-GEN-8RLOIW3T,19,168247,RL,68,523922.64,-279219.82,1531490.33,1507717.24
tx627573445036635738,20250531,9.84E+11,76,MTP,723950,20250920,390372,FBHJ,93975623,N,AUTO-GEN-GBC6V6NL,11,214950,YV,75,-120966.42,-999854.15,3769171.7,3788223.77
tx721134538692886639,20250621,9.33E+11,64,USZ,589422,20250417,541198,FDUT,65424405,Y,AUTO-GEN-HYLDGL8W,24,638545,FA,48,-973184.44,322863.87,1889776.19,1897544.09
tx235016598730904363,20250829,5.04E+11,57,CNE,860305,20250912,297971,NXQG,14848772,N,AUTO-GEN-WYSRQK7R,56,860779,RZ,76,672756.67,-877869.15,4980798.85,4993072.97
tx404924276682806191,20250901,1.62E+11,85,NKZ,145538,20260218,985543,NZSK,38010400,N,AUTO-GEN-E40IT0QM,83,466401,RY,45,-589231.78,296955.99,306841.96,291889.24
tx554290770718384880,20250329,2.45E+11,19,RNG,126923,20250605,606295,CRXV,64649476,Y,AUTO-GEN-9D6OOA2Q,96,579857,ZG,16,-681274.91,689515.93,2387789.66,2377932.7
tx595421658379529346,20260205,2.79E+11,40,LWO,149515,20250806,530038,GQBO,70180030,N,AUTO-GEN-GDX7GEFX,44,565769,ZD,45,363493.76,566185.11,4774523.5,4745880.24
tx285801859253968133,20250815,7.04E+11,12,NYS,779871,20251006,751798,EILF,58428939,Y,AUTO-GEN-CQ84UTFH,52,872597,LG,48,-130158.07,268927.17,4471560.32,4519369.51
tx923853730080149598,20250314,2.27E+11,85,BTJ,758827,20250830,806028,LGGI,36538783,Y,AUTO-GEN-F1PC9ND8,26,285702,XC,27,-434354.1,846744.49,4501145.3,4467483.05
tx228704073858007382,20250429,3.80E+11,67,VYB,746845,20251014,709669,CKHL,12856664,N,AUTO-GEN-GL2C5YB4,67,451367,VO,22,827291.88,503318.67,1333946.79,1327720.45
tx323930878435466695,20250723,6.05E+11,15,ALW,751055,20251229,361758,WLYC,88292286,Y,AUTO-GEN-ID5Y0DAG,62,165680,KG,22,836859.27,-118566.38,4006567,4037398.03
tx039658559324811520,20260309,9.12E+11,43,PYE,684694,20250416,492315,VRAL,27857149,Y,AUTO-GEN-RVMHL7PE,77,475436,BN,47,-291899.77,507831.61,19823.02,0
tx598924364274195890,20250521,8.32E+11,93,YZK,894064,20250615,136254,DDPF,34210896,N,AUTO-GEN-0F6K97UJ,84,187314,TA,33,-815323.86,811106.69,3176704.54,3180773.59
tx285859692991075191,20260129,8.53E+11,49,RSX,397758,20250901,892108,VCCT,54970636,Y,AUTO-GEN-JJRGBNU8,24,207347,SV,64,-662285.6,315836.1,3833696.2,3878173.24
tx286273431447543333,20260206,8.89E+11,94,UTU,434970,20250810,878144,ZZGG,18294356,N,AUTO-GEN-AEE56MAC,84,478912,JT,21,373035.35,351001.68,4138686.83,4096721.41
tx754992571180861363,20250907,7.25E+11,48,ZWN,931056,20250506,753772,EHLR,66749414,Y,AUTO-GEN-B1MNF1DX,93,774978,FY,24,181202.88,291671.53,2027177.02,2047066.59
tx471302368600322632,20251110,6.92E+11,14,PMG,209793,20251020,608860,CUQA,28157870,Y,AUTO-GEN-HM5MYERO,10,522781,VE,96,320505.21,799361,4660634.87,4679749.66
tx292116540290803000,20251017,3.94E+11,51,QOI,938998,20260116,592353,ZNBR,60637169,N,AUTO-GEN-WEA675YA,10,220897,QI,61,-788697.8,586075.71,4123244.03,4165536.3
tx246254381898607344,20251028,9.52E+11,26,CZF,757528,20251012,724934,QGOC,70230035,N,AUTO-GEN-OU5IVI3J,15,528929,KI,74,-456768.61,-490117.63,1762895.94,1780787.29
tx118003643764835993,20250518,8.21E+11,27,GWB,969674,20250606,167321,ZYKX,96783587,N,AUTO-GEN-O8ETLQJ8,43,364032,VJ,97,268978.87,883153.66,4552340.05,4525494.35
tx663930684090597342,20250630,1.33E+11,14,WLI,609446,20250908,329253,WNVO,80712832,N,AUTO-GEN-VZCQ2XTW,16,240392,GZ,92,508389.64,293377.17,736033.26,735100.61
tx858808714369229171,20250820,4.00E+11,35,YJR,756320,20250521,938005,DPEC,51930293,Y,AUTO-GEN-O6YKAXIX,26,580971,OO,77,507614.84,-260936.2,2594123.28,2547454.15
tx321871591290200385,20250915,6.45E+11,16,FHK,156558,20251011,196725,IGEI,37374916,N,AUTO-GEN-EMLLWQQR,92,201137,HV,63,221544.59,741166.56,1019961.83,982305.96
tx411398939179949198,20260115,4.17E+11,60,RWM,657621,20260207,327938,TSQN,39127684,N,AUTO-GEN-BXCK912H,17,927428,ZH,43,-85328.67,-652536.44,81869.9,106713.44
tx162602522291125907,20250411,6.20E+11,61,TOZ,527405,20251226,586362,VKLY,56956183,Y,AUTO-GEN-VWX9Z65M,43,186059,UB,81,-127062.52,839100.98,1895979.91,1878323.15
tx006745863412361982,20250407,3.51E+11,88,MDU,720439,20250803,748435,TQHQ,50800175,N,AUTO-GEN-ZC08EDPJ,54,204336,AJ,63,-529606.48,651755.22,1119629.78,1158573.09
tx977945817663613025,20250810,4.50E+11,87,DVY,724189,20251209,345034,ALRF,84257584,N,AUTO-GEN-R81VTK1F,75,957727,MG,94,-245264.16,-469244.8,3938196.61,3892715.7
tx915778958407847928,20250409,3.08E+11,28,JWE,404260,20250409,373693,KWTG,51759272,N,AUTO-GEN-B29VWXDN,97,700950,DK,12,-883371.67,372461.07,4214402.93,4251147.85
tx644638287379059426,20250420,7.46E+11,32,JEX,696497,20251003,883987,JIPA,18560091,Y,AUTO-GEN-69E2N3YB,79,952752,ZP,12,-787916.36,421098.95,3661466.99,3652759.58
tx831661142732786231,20250810,6.00E+11,91,RKX,628130,20250403,923072,YZVI,16651975,Y,AUTO-GEN-RBOBMPW0,17,560925,ZE,84,-56551.63,187509.21,1990849.12,2003293.17
tx712394150680197731,20250701,4.75E+11,70,PQL,140271,20251105,805397,HZIR,26346460,N,AUTO-GEN-Y49QPF7A,42,109529,ET,51,-107114.29,746612.57,1103812.14,1075504.85
tx366695139116159457,20250325,2.31E+11,63,JPC,242608,20250615,790207,KKNF,74513730,Y,AUTO-GEN-E3D6CPYD,80,690850,YB,23,-269491.85,-958487.29,883345.23,840747.63
tx197726956010712908,20250421,4.00E+11,20,MPJ,956059,20251014,560898,BVLK,40883786,Y,AUTO-GEN-SS5W1C5X,25,758588,CH,65,555653.74,-694677.46,2035845.46,2005937.9
tx081304382721197479,20260212,6.40E+11,38,OUX,510994,20251019,822435,CHQJ,79909408,N,AUTO-GEN-Y914LRRN,10,316517,IR,66,-402095.55,663519.2,368330.18,346396.94
tx088135352345072349,20250424,4.12E+11,96,WKD,230110,20250507,161386,HXPW,31837697,Y,AUTO-GEN-7EB5B700,32,856485,GS,73,-102823.45,-425033.12,4259980.35,4274418.02
tx806561681602075945,20251014,9.40E+11,56,PDL,128384,20250901,851403,ZKDX,28532165,Y,AUTO-GEN-0S438Z0U,17,409113,JT,18,-513610.27,-287062.72,2998622.08,2967076.11
tx079427669673021529,20250421,3.25E+11,85,CHK,937190,20251104,782796,AYUH,72737114,Y,AUTO-GEN-TSXKYT88,38,713569,HR,13,443709.88,640954.81,2597846.06,2548732.8
tx810780501596135158,20250324,4.97E+11,36,HRD,636408,20260105,440357,UPPS,47470287,Y,AUTO-GEN-9E54OWQX,47,567813,LJ,63,553484.96,449136.72,4862901.38,4902578.37
tx069111150343544530,20250927,6.77E+11,87,DAW,322445,20251212,617956,OUOF,53432176,Y,AUTO-GEN-4JNKO4B9,86,671847,TP,25,214214.7,746079.72,3159069.99,3140447.95
tx598182425588365050,20251009,7.20E+11,26,OFD,492709,20260205,151741,UNUO,40431833,N,AUTO-GEN-WWMKUH6K,96,733863,KP,28,355485.27,-800125.21,4665138.87,4648179.46
tx538270240871074942,20250908,3.80E+11,64,OKI,338260,20250811,339128,FVTJ,84312366,Y,AUTO-GEN-QVU1I2CC,79,830312,XO,55,763425.13,-210809,3284109.82,3297978.24
tx087282174645083857,20260304,9.17E+11,84,JHZ,400994,20250529,862571,UCDS,33875745,N,AUTO-GEN-18MG5PTD,53,117920,RN,94,-589761.04,539008.95,2781821.65,2754669.13
tx020444816247322008,20260118,9.61E+11,55,GOR,597398,20251004,405586,AXHN,37968880,N,AUTO-GEN-U64XRU20,88,840473,CS,56,-683814.41,437313.11,2144117.63,2169063.87
tx096599437981455519,20250723,8.67E+11,93,SVQ,278174,20260124,521600,UQPV,97580921,N,AUTO-GEN-WD8YUEMG,91,270830,ZM,15,187984.72,634084.95,3308247.8,3349079.76
tx182718928399202683,20250720,1.92E+11,90,QQQ,670087,20260213,719051,XKPC,99599545,Y,AUTO-GEN-6VYT2BYR,61,166896,DC,11,-578077.58,156344.58,341951.02,339484.12
tx342921030033697495,20250330,8.45E+11,58,KIQ,290300,20260309,477528,FBSA,97787182,Y,AUTO-GEN-5H76G14Y,36,361468,CH,64,988938.25,-703081.84,2008454.85,2048785.19
tx278746011189319283,20250615,8.63E+11,71,QDG,928317,20251118,722842,SBRX,91222781,Y,AUTO-GEN-OPV2WZO2,21,223712,ER,14,-926582.37,-128343.61,1210231.95,1242239.75
tx086436285959261937,20251024,4.66E+11,39,JIK,302681,20250819,624807,EJPB,53550750,N,AUTO-GEN-DSEJN691,67,471264,LE,46,812919.1,29154.78,1343067.71,1378816.03
tx120740332490452269,20260122,4.16E+11,42,YZJ,770958,20250908,627465,USKP,83856790,Y,AUTO-GEN-FVF673GN,57,352714,PW,71,665755.08,578110.56,4037675.62,4055351
tx803586958797114862,20251023,7.98E+11,27,LII,392008,20260121,388362,JRRL,55199224,N,AUTO-GEN-48VV7I1X,25,461676,HS,33,-578331.19,-314756.04,2868181.93,2848534.17
tx268060970650186879,20250531,2.54E+11,79,ZZZ,546585,20250920,967125,YURH,83207821,N,AUTO-GEN-ZX9IGS8K,72,237596,UD,26,44742.69,-126930.36,4557462.55,4560095.23
tx537717298113476887,20250616,3.59E+11,86,BWM,209231,20250627,561942,OCFK,85397742,N,AUTO-GEN-PIQLHRYU,85,782491,ES,15,518909.32,543872.73,752390.67,753125.59
tx927172800345721016,20250511,4.36E+11,93,XWL,697901,20250703,288492,SKIF,69895651,N,AUTO-GEN-FDR6XXUO,31,122606,HA,72,143250.4,265169.58,315717.8,342041.69
tx918609907758151951,20260204,7.24E+11,12,OBK,393105,20251028,950668,HHMM,56461409,Y,AUTO-GEN-WW49X2SC,71,673897,OA,71,-17980.57,366334.89,3003750.6,2980033.37
tx850352403161897345,20250808,3.52E+11,59,BAF,308459,20250421,767242,UJNA,17789363,N,AUTO-GEN-I9P4NWNC,16,127729,BJ,56,767483.11,989590.73,2930208.8,2974385.24
tx567885663197598735,20260223,8.98E+11,36,OIY,605374,20250620,862419,EESW,13244152,N,AUTO-GEN-5ITL7A7L,99,848111,JL,88,157049.34,-172704,1642194.6,1597382.88
tx205333871221376581,20250506,5.32E+11,54,ONK,849459,20251119,864139,ORJZ,16282937,Y,AUTO-GEN-HACM7398,44,592180,WN,42,-852075.31,599755.24,246819.57,278719.42
tx682739130107025944,20260117,5.63E+11,64,HSV,866304,20250607,394182,TLAY,46277241,N,AUTO-GEN-T0UWETA5,61,297074,SS,43,912633.57,49376.64,2056608.59,2049481.79
tx843476974712538774,20250503,7.10E+11,41,DVI,596924,20251120,685149,IMSQ,39054656,Y,AUTO-GEN-AHTL5GEX,51,752459,QI,66,-194645.57,74284.6,327459.01,317377.42
tx906203398832975998,20250609,5.88E+11,84,VEK,260547,20251130,589202,WEMI,90297961,Y,AUTO-GEN-3WU89LSU,52,539889,EB,99,179838.17,160881.56,4591092.2,4600703.65
tx023288416313634129,20250614,5.61E+11,13,XOH,434240,20260309,552040,TOUV,20700202,Y,AUTO-GEN-14DOH9BK,24,899036,EN,21,40373.18,410756.5,1456834.44,1488607.69
tx261364599001081007,20250728,5.15E+11,46,DHE,630889,20250824,360698,GWQN,34649431,Y,AUTO-GEN-NS1KZQSW,62,614682,IS,54,-284532.93,-948746.27,3442720.45,3455853.82
tx741852892348494632,20250727,5.18E+11,59,RNB,900887,20250612,532638,NZWH,63985962,Y,AUTO-GEN-N5YH92AZ,61,591068,SY,13,410600.45,-342388.54,2417244.83,2367823.44
tx893895135114029722,20250730,8.94E+11,48,NRQ,482147,20250624,253995,BIJE,45172677,Y,AUTO-GEN-RRM72D2T,55,291352,FA,40,-302284.08,536094.61,221940.94,180158.68
tx975220734285049042,20250915,1.81E+11,26,QHJ,623518,20250906,735210,BMSR,82122256,Y,AUTO-GEN-EEA3FLDC,68,103354,CR,23,-809588.38,11696.3,764281.01,715769.7
tx645425653402837414,20250727,1.52E+11,13,PNQ,300887,20250505,884934,OJYO,44293309,N,AUTO-GEN-FKH22WOJ,55,623705,II,96,425578.96,-781831.86,3851595.12,3802931.86
tx648310275903363545,20250509,1.36E+11,49,FRY,644319,20251208,931178,ELDX,48931030,Y,AUTO-GEN-XAM00MHL,74,280614,PS,16,-722632.82,-909628.6,4201276.77,4217739.76
tx456281124671827445,20251014,6.85E+11,13,OLK,299598,20251218,221177,ZKKA,53549428,Y,AUTO-GEN-ZUMTEE91,62,696798,EG,47,-849488.91,821575.63,3657880.94,3652322.61
tx557547662583359714,20251024,2.12E+11,30,YRZ,256266,20250626,970291,ROWW,48175747,N,AUTO-GEN-7BH2AGI3,56,329788,NT,71,216799.12,-99984.09,4060182.01,4036940.96
tx321980027640569431,20251210,3.17E+11,53,PHX,466274,20251201,300483,RYHS,30487649,Y,AUTO-GEN-SPTN4Z15,21,951715,TF,21,-658335.77,856775.88,691597.36,649023.13
tx294125013342943829,20250920,3.35E+11,51,JPL,283575,20251229,181170,GNCJ,53864185,Y,AUTO-GEN-RVTVHSXI,57,929115,ZE,17,532272.96,21828.66,2325162.1,2288058.05
tx668696833222148512,20260305,7.09E+11,20,HQY,697690,20250906,910828,YKSI,63215745,Y,AUTO-GEN-S47ZZKNF,57,891343,JN,60,-526805.41,486536.56,1606132.98,1636748.97
tx691550115747324452,20260201,7.49E+11,33,MTQ,267005,20250405,191008,FUST,65485274,Y,AUTO-GEN-FUQLCEWO,45,296686,TS,95,-561195.16,407861.81,43216.13,33887.82
tx382084050692129857,20250326,2.85E+11,32,HDZ,784327,20250531,412233,NLSH,41690620,N,AUTO-GEN-9OPLK8Y0,89,761529,SY,75,-98980.73,-840390.31,3959820.92,3910872.52
tx930259879249475571,20260120,8.09E+11,29,WJO,972791,20260202,149165,IJJH,97027348,Y,AUTO-GEN-GBX4U73G,17,170972,XY,78,658249.56,508659.24,1321792.52,1334124.2
tx718325682279187780,20250513,1.33E+11,85,GAE,198460,20251006,836327,LLBI,34636136,Y,AUTO-GEN-T5I1TNXZ,43,399045,CP,27,-440346.71,-195942.87,3017480.9,3002244.46
tx975007038285982915,20250409,8.93E+11,52,TGZ,363684,20250507,561078,ELMG,64443362,Y,AUTO-GEN-199LMY0M,24,802239,ZR,44,38048.85,468142.46,414159.92,418762.77
tx043116985724294081,20250602,3.10E+11,73,ADD,168759,20251109,963729,DJYH,73109210,Y,AUTO-GEN-93YBHJN9,49,737437,XS,26,-842086.32,-576603.05,2232543.1,2251749.85
tx944817735409962429,20250419,3.84E+11,36,CYY,835985,20251228,215891,KXMK,13898835,N,AUTO-GEN-S5A100VH,26,728092,WB,57,472930.51,958335.59,107061.39,84001.41
tx882363280709012567,20250822,7.90E+11,43,KQY,650228,20250322,760432,ZNUX,62012158,Y,AUTO-GEN-JXBYXE5K,60,801037,JH,65,-209609.92,-458392,269541.84,284922.27
tx569688165787522378,20251118,9.58E+11,12,SLD,439670,20250526,207614,DICV,95623411,Y,AUTO-GEN-62N45UYR,81,875546,FY,29,-887349.29,296780.27,1684680.97,1669852.98
tx951944008970100201,20250915,2.52E+11,15,RMN,568886,20250916,738924,NRFE,72865328,Y,AUTO-GEN-GKT1EP46,32,972511,KE,72,742403.01,-863805.42,4877699.88,4879400.91
tx365587438382288057,20250603,2.17E+11,28,QJA,347501,20250328,965602,HJZK,12555733,Y,AUTO-GEN-65206Y0B,51,913559,GI,72,791106.15,-591970.37,760204,790938.42
tx532927387413420399,20250922,4.94E+11,46,KTG,199212,20251114,363351,GDJK,81277385,N,AUTO-GEN-WSIZRUAE,99,180952,YZ,74,252878.28,427543.66,2043103.4,1997483.66
tx162421387166736801,20250512,7.28E+11,13,LSE,690800,20250721,779734,ELZX,56468577,N,AUTO-GEN-D5LCREEW,83,643907,GF,88,-148078.81,-698518.87,2483815.86,2486927.66
tx205111327557149679,20250618,8.15E+11,91,QCH,470301,20250409,362258,FDSG,46963397,N,AUTO-GEN-QOYFYOTX,71,928696,OH,19,-595059.38,-719170.64,2795251.62,2834582.79
tx845011662445239423,20251221,6.06E+11,81,HYJ,258397,20250430,454026,OVHY,65664878,N,AUTO-GEN-O4W11HEQ,50,284955,DP,91,-444629.05,-305185.54,3009319.33,3051014.78
tx672107788020625590,20251018,5.53E+11,86,IVX,315328,20251110,101676,WQUW,57666522,N,AUTO-GEN-AVW9V4WM,93,973762,SS,14,478181.19,465324.63,4270146.47,4305888.7
tx719898248887894902,20250828,6.98E+11,48,ZCV,290378,20250519,140224,DROP,59386500,N,AUTO-GEN-GEMDWVHP,57,243845,RW,60,-192255.23,-931026.9,283857.58,241686.2
tx129452801111178250,20250822,3.38E+11,28,QXY,952332,20260222,542213,IHOL,93957607,N,AUTO-GEN-CVTUJSE6,39,623916,PI,97,979612.14,-281256.11,4168882.26,4196554.92
tx551914472005621846,20251215,3.14E+11,67,YKX,206592,20250815,938742,EMNT,10015618,Y,AUTO-GEN-GPQCFT4N,25,366015,NA,37,-884901.84,195537,1638263.92,1661010.53
tx331472718489663882,20250728,3.99E+11,37,JKU,778086,20260121,969428,LTAN,45467114,Y,AUTO-GEN-K4GZ5TPQ,79,807240,MJ,99,325474.75,136348.58,1878320.98,1840198.45
tx554891028931534280,20250328,6.84E+11,42,XII,254587,20251027,600529,WBAG,37253976,N,AUTO-GEN-MOYJRDXE,99,724672,IG,23,-415699.99,973127.51,995680.1,996804.96
tx437219263703220133,20250805,9.75E+11,71,TBJ,533589,20251011,846506,POYN,88602672,Y,AUTO-GEN-DB701JN0,14,182356,BH,86,520185.98,-244392.95,3730237.41,3691960.49
tx523745412513309026,20251016,5.24E+11,99,HGF,377063,20260225,626073,NCOH,37769090,N,AUTO-GEN-8FH4HJF3,51,554519,EA,69,-195407.82,50084.45,4447262.04,4421657.57
tx213449318831148184,20250315,5.09E+11,74,EDZ,631939,20250525,396194,HIMY,61594385,N,AUTO-GEN-46A5FEHA,34,558795,IW,26,619097.17,454275.04,1002098.42,1018111.14
tx715017598411197692,20251220,1.43E+11,12,THY,909955,20250818,724305,MOHY,15932287,Y,AUTO-GEN-S6G4F5V1,44,698658,FP,59,549811.09,827740.32,572937.13,607628.47
tx270530948356431998,20260106,8.65E+11,78,IFQ,356103,20250425,277608,TQJA,14601040,Y,AUTO-GEN-KZIFFFSK,34,469060,AD,40,728834.73,-908822.46,3430291.18,3476922.16
tx461634163998373769,20250312,7.70E+11,64,ISD,741199,20251114,338278,XSZQ,78216656,Y,AUTO-GEN-A7NUADAR,81,780841,IO,57,-383133.93,201793.87,69529.37,33821.88
tx351525734171974587,20250805,1.69E+11,42,UAM,300674,20251211,412182,KIRW,65310749,N,AUTO-GEN-B0YRMR9K,87,531642,EU,64,288349.5,-751235.63,3960421.04,4008119.07
tx145889394713587755,20251031,9.49E+11,96,QKD,511351,20260106,936901,TOLJ,51709978,Y,AUTO-GEN-ZWE66ZSS,94,339317,AZ,61,-425473.48,-825448.21,3414317.79,3439770.4
tx920276789714785845,20260107,2.96E+11,20,DZJ,749772,20250505,829731,KVJT,46628611,N,AUTO-GEN-CXVVQX2P,97,441376,GR,63,587230.92,-857092.1,3590869.3,3613537.43
tx632911553344947984,20250616,8.48E+11,21,YLD,596567,20250811,294751,PELF,77006756,Y,AUTO-GEN-VU0JKFM8,52,986503,KD,91,644789.7,243487.09,4413217.99,4452351.91
tx909531104607640226,20250825,9.43E+11,20,FPO,428387,20251125,381936,MOKB,89205818,Y,AUTO-GEN-O2BP81NH,75,470752,WJ,35,-353033.01,-910103.31,4778572.26,4814210.95
tx518056149322035871,20250402,7.14E+11,71,ORB,986617,20250721,653363,NYRQ,57367252,Y,AUTO-GEN-0BWSX5Z0,47,578766,HL,60,-362875.43,599619.11,2528614.09,2542801.73
tx667112216497317594,20250805,7.92E+11,46,ONS,735708,20250910,652628,XYZJ,74931557,N,AUTO-GEN-A0SS5A9U,36,602857,AZ,44,756918.86,-207626.64,3947903.33,3907329.45
tx030365120925487787,20250730,1.31E+11,85,UFF,695917,20260207,785102,AMAV,64095882,Y,AUTO-GEN-I6X5ERVH,26,170014,WT,57,-621203.24,676685.29,126416.36,140242.18
tx798636576326712467,20250808,7.17E+11,98,HDN,610160,20260220,180633,QLHW,25336339,Y,AUTO-GEN-A2BZPEDM,76,767626,ZS,28,-47733.35,706374.62,3990678.95,4030383.59
tx209672845765274062,20250310,4.72E+11,31,RXY,702192,20251112,635382,MPTR,44947800,Y,AUTO-GEN-KWVKQ0Q2,91,606365,HP,63,343353.34,-581963.63,4413778.3,4417318.63
tx725056084989105316,20250604,4.19E+11,10,QJA,737851,20250512,794325,WXIK,62583007,N,AUTO-GEN-23X1MWHZ,94,250386,QK,65,-652080.1,-845924.39,3113327.28,3162796.88
tx602095410535704909,20251008,2.12E+11,71,UVY,892689,20250921,200064,XTDZ,25727175,Y,AUTO-GEN-NA52V2DF,84,498569,GJ,59,-622556.65,-520358.63,1387771.03,1426574.88
tx372462263972140248,20250412,5.08E+11,24,VXI,217384,20260113,360139,QLAD,81531419,Y,AUTO-GEN-LTYJS0HY,53,439857,LT,34,87919.53,-940017.25,3700009.22,3722483.66
tx279091864663564772,20260128,2.82E+11,80,NKS,760105,20260309,361754,RNQT,64899835,N,AUTO-GEN-K2GDWW94,66,935516,WD,10,-529100.49,-60815.14,1732410.01,1711648.75
tx103399865154282514,20251012,7.88E+11,24,CFI,600572,20251103,968252,ADRI,78464201,N,AUTO-GEN-S8CRGRFK,15,743070,DG,44,919125.31,92600.37,2361663.53,2376916.11
tx675978691637437372,20250916,8.35E+11,65,TXR,992208,20251112,190279,HOGD,82224395,N,AUTO-GEN-TVH3FTNW,81,322454,HA,58,-394004.54,-693521.08,1098512.07,1049017.8
tx792485658545761930,20260203,7.59E+11,82,CWT,589228,20260224,269637,STWJ,36310373,N,AUTO-GEN-6ELG7273,81,245336,GU,32,-246245.13,839362.46,226480.34,202024.45
tx001490367777972476,20250628,1.53E+11,37,AQM,311623,20250504,507025,SJMC,70062885,N,AUTO-GEN-YPS0I3J2,47,519799,QN,46,465529.25,578056.43,1594348.16,1599422.79
tx609883407437785052,20251201,4.79E+11,55,HYM,869259,20260110,966203,LKOO,31526857,Y,AUTO-GEN-6HJU0FC6,77,332432,SE,60,-236039.41,871050.06,4367112.55,4366496.26
tx422275346214788457,20250814,2.71E+11,75,TVW,681163,20250513,687358,DNMT,64254779,Y,AUTO-GEN-OKAT5B4Y,14,399439,FQ,13,662956.33,-152234.9,61300.42,52809.37
tx280436416576439665,20260309,6.70E+11,58,OFG,184395,20250908,683510,QLBM,27197582,N,AUTO-GEN-90RNEWFU,57,810766,HA,70,-750055.95,-579106.52,1619033.87,1578539.75
tx291826497396120658,20250629,8.37E+11,66,MAM,221047,20260210,417440,XLSO,81390414,N,AUTO-GEN-PXLKY1Z9,54,631928,FN,85,-866870.84,-847077.92,1668748.5,1640947.44
tx967178812663348534,20251128,4.96E+11,91,FRO,415790,20250928,687521,GTCB,44606578,Y,AUTO-GEN-PHK26YR4,29,639413,HG,23,-16853.18,-494206.83,4113128.88,4155370.86
tx297797465209634321,20250826,5.86E+11,72,IUH,891137,20250910,449367,PSOV,82662138,N,AUTO-GEN-JDCRZIQM,64,886162,FX,19,-124237.2,220158.78,2818283.28,2791573.38
tx610689556119702264,20250825,9.93E+11,39,XLA,728121,20250327,962888,FSDE,96775415,Y,AUTO-GEN-OCML8Z5J,16,473212,GR,11,-545959.47,866991.46,809578.37,786342.5
tx938981423263090986,20250917,9.16E+11,27,OXF,864946,20260217,658030,DROB,99739021,N,AUTO-GEN-W6M1TSD2,39,842602,ZT,20,800769.52,-81403.33,4343311.61,4309596.15
tx044134683793172858,20250505,4.65E+11,87,SRB,878614,20251213,436359,JFME,60281787,Y,AUTO-GEN-S7565PEH,13,831154,AK,46,428732.63,822385.29,3063223.68,3099222.66
tx461991841726646694,20250913,2.98E+11,71,DKM,218083,20250830,267372,VCWV,79920349,N,AUTO-GEN-O10ZC4SE,52,347430,BP,58,-64164.62,-391025.1,4740108.17,4692126.87
tx151061683069478636,20260109,9.14E+11,24,NOP,895285,20260219,543419,TQMV,67415218,N,AUTO-GEN-AJXJU563,57,610970,AN,53,14217.58,-657246.16,2604062.53,2570493.94
tx448796053183641952,20251030,3.93E+11,18,BJE,198576,20250316,755403,WXZF,78738693,Y,AUTO-GEN-O840J3W4,57,505780,RP,71,178846.18,13853.44,2489208.12,2478485.55
tx812760384982008345,20251121,1.85E+11,76,AZB,966082,20250514,454427,VYHV,48884442,Y,AUTO-GEN-CHKX9BCO,74,318152,CW,39,378563.63,-101047.94,4363266.69,4404274.96
tx531823949308675422,20250827,8.88E+11,25,TQC,865289,20250518,648348,YGAD,45561689,Y,AUTO-GEN-Z473IK7N,35,557406,LO,99,-242523.32,150264.12,2240621.6,2235107.36
tx629696894230570976,20260309,7.86E+11,52,IYZ,130718,20260218,113972,OAHE,75329444,N,AUTO-GEN-XANR1FWS,57,284393,OY,23,20401.74,867284.04,2999824.31,2977611.23
tx462084633685856693,20250812,5.39E+11,75,HYW,265734,20250630,914932,XLOH,34834812,N,AUTO-GEN-ENFU5VHW,95,889584,TW,21,-175402.88,655809.26,3460631.12,3479997.93
tx993040461976401635,20250822,6.28E+11,76,GWQ,524199,20250323,177139,RUBS,10988121,Y,AUTO-GEN-GZG88FBR,64,865258,WC,94,558223.73,890661.19,3287970.59,3266624.27
tx819476034029016389,20250802,2.42E+11,52,GBB,307155,20250824,634299,XMEL,33433230,N,AUTO-GEN-A876BIHU,74,615226,ES,49,716723.77,880135.94,63593.39,107603.85
tx319244502652948709,20250826,4.16E+11,93,AOW,473558,20250817,642392,DMEO,84394224,N,AUTO-GEN-W0ACAYFN,49,930233,MV,52,-570164.81,380280.22,2532294.07,2544084.78
tx182161511931082254,20251029,1.53E+11,33,YFU,592076,20260303,158577,GRSM,44945116,Y,AUTO-GEN-MT7SZQ8F,30,909247,WD,52,295890.64,-757426.82,2853396.68,2840909.13
tx990585266762602511,20250812,8.87E+11,73,ZHE,202336,20250313,589430,JBRY,54625322,N,AUTO-GEN-S18U5SUV,43,794968,CZ,30,-708059.25,-233379.94,1229313.4,1222103.92
tx530155451199450956,20250423,2.71E+11,76,FZH,998283,20250706,170505,SOWS,73839779,Y,AUTO-GEN-HZAUISC8,29,764858,PV,36,705290.51,-552296.27,3514450.25,3506934.87
tx248271798966220155,20250310,5.03E+11,55,MIW,273802,20250925,404001,HUJV,98683029,N,AUTO-GEN-MT0NGE0Y,61,900362,OT,58,893274.22,-913288.66,1288533.89,1301593.49
tx544237017355197561,20251024,9.33E+11,31,JTB,600671,20251031,201524,HJUZ,46028280,N,AUTO-GEN-7EPZVUN0,46,192422,GN,47,-954139.51,-317481.34,734470.85,759157.12
tx489599920187231969,20250504,9.28E+11,60,DBQ,656974,20260130,470284,TDSC,19517388,N,AUTO-GEN-PX0ZFP1U,21,808835,FE,19,610189.04,87679.73,3772495.24,3791644.4
tx776241239021781858,20260304,7.70E+11,71,BMO,596524,20250314,956709,PXKA,34885767,Y,AUTO-GEN-SBZORNND,85,496227,MV,37,-199213.59,-763802.94,575586.83,542249.8
tx071175402828234401,20250708,7.14E+11,60,CDZ,364481,20250405,259468,XMLJ,67614766,Y,AUTO-GEN-0JIVLC2I,55,296613,LK,72,435775.63,549352.28,93900.04,102272.3
tx683310120135088059,20250510,9.09E+11,65,EWK,651192,20250802,856273,IFNR,89457917,Y,AUTO-GEN-MX2Q83RT,32,623151,AV,96,-504465.4,914902.96,840164.36,872663.63
tx236979551179456547,20250309,6.74E+11,91,NVV,952597,20250916,290854,IDEA,36346336,N,AUTO-GEN-1TZ7OON1,70,870137,YN,85,909198.69,226565.22,468916.58,481203.39
tx104647911407473626,20251002,4.18E+11,94,HDJ,289108,20250520,909289,ZPAQ,39541744,Y,AUTO-GEN-24ETC4HN,84,583659,VV,26,-659136.2,126285,2384432.54,2378705.38
tx220359424080012866,20251106,7.14E+11,38,RRC,557439,20251026,620303,SDZQ,46744754,Y,AUTO-GEN-GLJ2YG7T,19,515263,XK,13,309642.4,-577214.01,2517598.2,2566383.53
tx188267780290101842,20250630,1.53E+11,18,DXE,884825,20250403,543770,JXRW,65811296,N,AUTO-GEN-YL0CABUV,86,549268,FC,48,650593.71,-415966.82,4940849.1,4918980.28
tx068250741245165479,20251222,4.71E+11,51,OLB,523358,20250406,793380,CROS,78264874,N,AUTO-GEN-55HU6JWO,86,780600,BU,77,495456.44,399193.21,4345769.64,4339856.85
tx728626970163367104,20251204,7.37E+11,80,YNJ,792179,20251013,576516,MVTM,30272557,N,AUTO-GEN-G4ZMCKI5,25,938880,XJ,80,23626.83,732747.2,2495948.13,2467169.71
tx145580212314609693,20250920,6.40E+11,86,FXG,919149,20250830,304877,DGPL,18735901,Y,AUTO-GEN-IZ3B29BY,15,636744,AW,99,-637099.21,930828.04,3147874.33,3141846.04
tx909751368510325590,20251020,5.78E+11,10,BEV,198495,20250520,146454,FQTC,74127500,Y,AUTO-GEN-QHRUYLGX,87,231978,FG,99,275416.25,491816.17,4858618.01,4884293.59
tx092961495961228622,20250712,1.40E+11,30,DVQ,761111,20250621,756070,EBSP,56019577,Y,AUTO-GEN-M6X5T3VR,32,970416,BL,88,-176.1,-178750.1,2638027.98,2638935.23
tx713900677722412195,20250930,4.47E+11,33,MQC,126908,20251102,459315,DOTO,14471536,N,AUTO-GEN-B67MJLU5,98,522359,SN,45,332216.74,-106405.33,924544.13,952851.79
tx362340618870644702,20250719,5.06E+11,91,HAY,704598,20250511,770196,GSLZ,39279880,Y,AUTO-GEN-6NQ76AV5,33,278622,BO,85,-355448.8,-92236.68,3417998.2,3445456.4
tx595867160866292521,20251220,4.63E+11,36,QQD,981784,20250531,625509,ZHBT,33735009,N,AUTO-GEN-ZYM5GKLR,90,244752,RL,18,-734707.89,-380614.54,4287982.2,4240547.95
tx057608507698703928,20250723,4.59E+11,67,ZDV,325219,20260213,679825,DPDW,98770977,Y,AUTO-GEN-RY35AUNC,27,916571,JN,54,235504.06,-735770.26,4059875.97,4074471.89
tx642324493887401657,20250403,9.21E+11,46,MGP,593195,20250711,843205,PYAT,51617908,N,AUTO-GEN-ZMQN9C6R,39,888386,SN,18,-588166.21,-223186.61,2895266.85,2880846.51
tx634396951095507424,20250815,1.33E+11,50,BGA,235182,20251217,168575,WTEK,65618639,Y,AUTO-GEN-UXO4H3N3,98,607717,RT,57,-489828.04,-301898.99,3265019.19,3280374.83
tx038641730303590518,20250923,6.66E+11,84,NOM,643942,20250317,608503,ZWCD,85967880,Y,AUTO-GEN-BB02CBRO,36,236523,ZG,28,-867682.59,845054.48,259799.67,295515.5
tx805059396830381515,20250528,1.95E+11,71,XLE,142561,20251116,556114,PZVY,53965941,Y,AUTO-GEN-O1WJ757U,32,423236,SM,99,-907305.58,997044.72,86271.26,101046.79
tx157511386273732290,20250415,2.90E+11,88,GVD,688840,20250715,516846,CTGR,84925011,N,AUTO-GEN-83BVZXKZ,63,306636,LL,20,-773463.8,-67753.38,4528558.64,4555391.71
tx379204057750613445,20251109,8.60E+11,30,RFJ,811696,20251023,373598,QDGE,10959076,Y,AUTO-GEN-HSHTXEL9,53,319925,RD,51,817678.95,21368.12,2372263.38,2331125.71
tx761109536371551598,20251015,6.69E+11,20,HKD,204612,20260122,551996,RZKX,71309806,Y,AUTO-GEN-G17KASL7,91,768530,CD,68,-56551.46,414801.86,1740514.64,1734782.79
tx525694329083750731,20250810,6.29E+11,61,KFB,778786,20250604,967430,CFQU,19682390,N,AUTO-GEN-5VFDJ3WO,49,181257,LS,32,155397.2,-805878.69,2399868.03,2382061.84
tx898141768791098730,20250723,4.73E+11,72,DPQ,397766,20251007,338564,QXMC,24907934,Y,AUTO-GEN-B9KTK3T2,65,770668,NU,43,-485076.63,694484.14,95843.21,108406.04
tx467179867286676536,20260304,4.70E+11,23,UVO,183895,20260219,256136,UJJE,98435005,N,AUTO-GEN-1VS4Q6MO,56,420082,KQ,35,-952979.18,864864.67,3118429.78,3145054.34
tx433980332934076250,20260115,5.77E+11,86,RFT,887329,20250309,184055,IVQM,71505180,Y,AUTO-GEN-DX9OOS67,60,801299,DL,98,143776.78,-310562.29,774308.4,783251.31
tx139040948725583373,20251001,6.23E+11,15,KET,821881,20250311,824395,HPJX,39018462,N,AUTO-GEN-EP0FOCB8,28,356559,JV,42,-586293.62,234143.34,4285359.24,4332592.7
tx631853226199497944,20250515,1.70E+11,31,MKF,830885,20251221,493364,KVUD,19082465,Y,AUTO-GEN-UPF37HXM,30,120924,PA,24,599465,957301.58,3437203.47,3415307.31
tx969474040289204662,20251217,2.65E+11,89,HPO,296943,20250923,259678,GYPX,32091128,N,AUTO-GEN-TBM2C12I,76,736007,DG,61,122611.52,-647176.95,3347140.44,3333530.38
tx400975418678304455,20250610,5.86E+11,74,XNJ,787234,20250912,687201,LKIY,83747163,Y,AUTO-GEN-DP5O7KLE,88,555218,QG,90,518084.43,61844.39,1887550.09,1866768.27
tx149547170965645269,20250701,2.80E+11,77,SJZ,684020,20250909,412124,DBOC,83277020,Y,AUTO-GEN-2RJ4UKP9,38,647409,UW,55,617206.01,31635.13,4108685.07,4116854.21
tx869274328831216011,20250807,2.99E+11,34,YXN,959879,20251005,285920,KOZN,20228767,Y,AUTO-GEN-C7NFMTB1,64,400991,GG,81,-8635.41,-514659.41,2766760.56,2766126.07
tx251016418809740232,20250401,6.35E+11,19,MFK,299941,20250509,639732,GLID,58505222,Y,AUTO-GEN-VNFMRM86,15,620029,RP,93,734762.35,-194853.53,4551204.72,4549080.7
tx119148878490264675,20250531,1.81E+11,61,QMZ,553780,20250921,246709,EOQX,37591123,N,AUTO-GEN-2FNR7DTS,84,739771,JD,86,151295.46,-947504.7,2377054.88,2424225.74
tx307032356281927225,20250812,2.78E+11,95,WAX,215790,20250321,496723,VGWY,16068240,N,AUTO-GEN-9QS6XE34,39,878582,HS,27,773914.57,421414.34,3138164.42,3152522.27
tx086899331237187418,20251206,9.32E+11,98,VRO,147044,20250401,647658,ZPAO,14763405,N,AUTO-GEN-TP8KCEAC,12,425040,SW,74,-593452.28,-213825.3,1940673.35,1954569.41
tx445572734689246809,20260206,1.51E+11,29,LFV,496155,20251104,565215,RLWT,97047121,Y,AUTO-GEN-EEFBGD95,71,287777,FN,96,-653263.12,100463.06,630257.4,674374.26
tx293325075649521604,20260222,7.24E+11,42,FXN,718755,20251222,275763,IPRS,86737611,N,AUTO-GEN-SSPI40IB,61,924425,OF,32,682689.97,-42140.93,1304902.21,1348948.88
tx303315695528290407,20251213,1.80E+11,87,BXE,232068,20250501,534874,TFLZ,77845640,N,AUTO-GEN-Z8YDCOMS,26,817953,SH,20,-484176.74,225267.41,415038.41,392794.61
tx758073265683801198,20250711,5.99E+11,60,BST,652519,20250815,654858,FQNM,18035675,Y,AUTO-GEN-HFJJ2WPN,15,422124,ZF,87,380986.14,94081.52,3923732.93,3934089.68
tx693359765576872359,20250505,3.95E+11,13,RFR,569331,20260101,268106,UOKZ,86883587,N,AUTO-GEN-E7YCASYI,65,842395,XD,78,-482278.37,-869829.58,701923.37,692369.31
tx796776972282241449,20260216,9.53E+11,31,IXT,386818,20250423,166235,ONUO,88793807,N,AUTO-GEN-VWXVHRY1,36,538125,BR,67,-287237.95,382486.93,4257298.23,4290175.23
tx281828231048131830,20250702,3.76E+11,22,EWW,505938,20250527,409940,SANF,85527124,Y,AUTO-GEN-J5T6FCR7,15,455055,KO,12,567628.52,-252186.46,3556315.91,3595583.55
tx018272744998880027,20250812,4.75E+11,20,YVW,458480,20250620,871853,HNDO,70699249,Y,AUTO-GEN-UVE2O3IR,67,398646,UT,72,-614178.7,-592253.03,844673.73,869374.82
tx341614073796966886,20250816,3.95E+11,63,CJM,776181,20251205,910260,AADX,56482129,Y,AUTO-GEN-RD2OYMAL,60,621545,FP,67,-2113.53,658428.1,460968.32,464303.47
tx010453268448894778,20260302,4.67E+11,45,MVS,754684,20250807,664597,AGNH,44255529,N,AUTO-GEN-LUK2NA91,23,550110,QN,63,-686413.13,-692602.14,1536957.23,1493749.05
tx210940667306463307,20250810,9.84E+11,45,XLJ,569145,20250503,637413,IBUD,75562603,Y,AUTO-GEN-KQXIH3Q6,17,978228,EG,28,-277043.42,241997.05,3486149.7,3449761.02
tx400048945965246880,20250619,2.78E+11,32,EMW,470778,20250325,205137,XDTW,48248971,Y,AUTO-GEN-W6U5KHR6,12,272759,PM,75,-589863.5,-842131.09,1377540.21,1353658.4
tx434456011158235965,20250714,1.88E+11,19,TST,632343,20251102,736084,SUIO,11329932,N,AUTO-GEN-PPR0FI1F,66,746877,UZ,97,-478533.18,312015.58,586406.85,613616.02
tx346404318917937867,20250831,2.63E+11,16,WCM,629853,20260119,638968,JBHB,26257059,Y,AUTO-GEN-IYEU3K8L,68,886782,YY,96,-525525.95,567499.96,1344976.25,1365487.89
tx828940249622986339,20251117,1.79E+11,98,IRE,614360,20260207,315080,QRTX,49210496,Y,AUTO-GEN-OITC5YVX,73,378489,XQ,46,394459.01,395046.47,2778762.05,2783910.99
tx669408318632463344,20250727,4.70E+11,65,GAS,857823,20251222,505571,SYMP,57196324,Y,AUTO-GEN-LHMJECVH,17,408273,UN,33,158402.32,319062.09,1856388.25,1868432.3
tx698911016504770864,20251028,4.65E+11,78,OBC,259340,20260107,329467,ZLLZ,88753006,N,AUTO-GEN-7MWPKAA6,83,595703,IJ,51,641009.72,169243.79,3383208.08,3344898.93
tx160688932751142172,20251011,3.10E+11,85,LHL,174170,20251206,588072,LSBK,97906270,N,AUTO-GEN-5W5GFZDX,83,632706,FA,33,545874.66,587714.8,4776714.64,4727522.47
tx398932105507666620,20250430,4.24E+11,43,FFD,540047,20251004,988000,MVCG,48808798,N,AUTO-GEN-ZZ0WJ3NC,64,741547,ZF,13,902041.92,-624772.23,1666263.53,1663423.35
tx188190078522367703,20250511,8.94E+11,34,LFB,538027,20250318,165998,XBTD,28331607,N,AUTO-GEN-UM8D6NHS,63,565351,YF,66,-214024.37,599404.37,1423300.46,1409938.02
tx060552443133064465,20250808,1.93E+11,14,KCU,168900,20251020,376205,DEAJ,24039564,N,AUTO-GEN-LG9661NJ,78,338309,WG,20,115506.52,172965.38,1526784.79,1571664.59
tx110601865058162528,20251003,4.36E+11,36,XJH,298166,20250911,988359,MYXJ,40792779,N,AUTO-GEN-EQK42LN9,67,896404,FS,22,-995067.57,815985.58,3568015.39,3555969.38
tx782428568733719335,20251104,2.80E+11,74,BYX,768084,20250810,434936,MFFD,45238435,Y,AUTO-GEN-9X0DDIPK,99,290726,IV,28,-491854.49,-367285.47,1292945.16,1311573.41
tx949747223972956661,20260123,5.82E+11,86,CDG,813605,20250814,647136,CQNP,22463938,Y,AUTO-GEN-HL74FVNH,33,826177,LE,12,-401141.62,-74554.12,3260922.73,3294176.94
tx452909284845994913,20250601,3.11E+11,88,SBA,869176,20250603,770859,LVQX,10387921,N,AUTO-GEN-VJ3046LY,35,680553,CT,42,-643384.67,486784.54,3067292.85,3098733.85
tx935197506331075072,20250713,7.01E+11,49,FAH,864554,20251104,626781,QSKL,47098489,Y,AUTO-GEN-FPCAGRAG,62,134681,UI,51,396408.25,354620.25,1693843.27,1732822.79
tx933664483461851590,20251014,3.46E+11,33,CPH,955984,20250602,334811,BNCU,88747689,Y,AUTO-GEN-HJEHZ8F2,73,662011,KX,82,-45742.05,785241.35,292233.4,292153.81
tx626437330117241211,20250321,7.67E+11,29,VCQ,652997,20251123,884618,BBQS,32722402,Y,AUTO-GEN-5F03H1Q5,36,643967,JI,22,344321.48,695116.76,4765877.29,4720477.69
tx537250521532957446,20250814,5.88E+11,88,LWU,706054,20251025,351414,RCFS,87932704,N,AUTO-GEN-96DFH8YN,61,234917,VL,92,906932.97,-182992.5,623308.47,645376.26
tx153742612181464378,20250528,9.70E+11,99,KSX,255114,20251111,886055,RVIQ,62484257,Y,AUTO-GEN-7WRATIQI,52,503767,AO,17,-807956.07,803168.55,3405845.22,3425708.39
tx162730320984605893,20250618,8.73E+11,21,CQF,123472,20251019,238533,XBDU,63058594,Y,AUTO-GEN-R06ZHYZ8,48,327244,XO,11,374494.34,137004.26,1667296.89,1712728.98
tx962951051588757699,20250309,1.96E+11,59,LIS,687047,20250505,124115,GAHM,61538067,Y,AUTO-GEN-GL3ZW39F,17,298018,AW,14,-119735.98,483371.79,4084743.04,4055648.52
tx112917423986771085,20250825,7.26E+11,55,YVU,583006,20251203,161387,KCFH,12452434,Y,AUTO-GEN-OM3T4B0V,30,895825,SP,94,854582.02,464636.7,2973859.42,2979432.48
tx715750367644437179,20250713,7.41E+11,90,QIS,392288,20251110,478144,HEFP,28930445,Y,AUTO-GEN-5I5192UR,17,274600,FT,49,-784015.29,-235348.19,727027.54,737834.32
tx365270362183519863,20251228,6.02E+11,17,FEE,107691,20260221,789159,AQRT,26842782,N,AUTO-GEN-LIL2W5DB,81,949956,XE,32,-884656.43,-226709.15,1783294.88,1776475.29
tx948746708339645423,20250923,3.22E+11,14,QYT,736623,20250824,471553,LBSI,55329518,N,AUTO-GEN-D8GW31KY,51,591596,PD,47,426655.75,239209.52,2241208.86,2288335.19
tx232519325480211118,20250823,7.99E+11,30,EZN,532710,20260130,421630,LQCT,24213834,N,AUTO-GEN-ZY4VUMEE,85,673257,ON,89,800026.68,445080.05,4018400.35,4036215.59
tx442663118006139114,20250502,6.75E+11,83,OYY,527338,20250626,458460,SPXV,64105768,Y,AUTO-GEN-LYLP4BIG,58,132328,VO,36,-426201.98,431357.44,2586774.23,2569525.88
tx470534393400646087,20250902,1.30E+11,82,NLR,222864,20250605,273287,SRWE,52554287,N,AUTO-GEN-DEBGT70C,60,732130,JM,33,842504.87,-231138.63,4775029.09,4757121.14
tx134078701249368220,20250417,7.01E+11,19,LOY,816288,20250408,772785,XVKG,83009443,Y,AUTO-GEN-YNZHKYIJ,17,675104,OV,44,251298.25,42784.34,3649106.02,3674644.35
tx197248331370234106,20251007,6.85E+11,66,GHN,989658,20250823,574339,HENU,32183620,N,AUTO-GEN-0PE4JMD6,57,300565,NS,58,-942374.64,324838.16,1821592.77,1866585.13
tx779021695015632646,20250804,8.49E+11,82,RLE,827593,20260218,574050,MOFU,81987771,Y,AUTO-GEN-A1TKF9ZB,10,831664,JV,42,-328883.59,809403.95,4028378.34,3993900.68
tx403957476421413992,20251130,7.02E+11,43,IBH,653151,20251108,800951,HOWS,76589434,Y,AUTO-GEN-7QYI3V3U,39,692845,QP,23,381097.33,555662.45,31046.22,72558.04
tx259202160274466945,20250424,3.68E+11,92,PBG,615258,20251122,384504,QBYL,29553965,N,AUTO-GEN-3575XA5E,91,749746,JK,49,-4239.59,450167.65,2510920.81,2474242.73
tx818768273321404547,20250912,2.53E+11,55,IUG,125381,20250917,559400,AWAT,10621148,Y,AUTO-GEN-ZBTLT0FL,39,150934,GX,23,-425710.8,-942341.67,2325973.23,2342278.9
tx796393295192214908,20260205,4.60E+11,33,EZS,222533,20250529,897632,AFIS,49605666,N,AUTO-GEN-95Y3X718,34,133342,YU,57,-782042.37,-305253.49,3616402.5,3574593.82
tx786888579348498569,20251203,1.95E+11,47,RQA,129510,20250603,825444,SGDL,65366933,N,AUTO-GEN-9NAWKOER,12,626955,MI,97,6267.61,-391137.72,3969399.62,3974423.9
tx379640560687571873,20250802,8.51E+11,36,EOU,490285,20250407,199761,QEJY,51973420,N,AUTO-GEN-W8746N4Z,92,856318,PC,27,272715.69,-782117.02,3715172.15,3752641.6
tx839952157934160048,20250622,1.65E+11,63,RSB,460523,20250703,571330,PKAE,34089816,N,AUTO-GEN-R8HA2KUW,74,288338,JY,66,-477265.05,-569674.95,722774.11,763621.08
tx051385455801297205,20250527,6.07E+11,96,SON,831742,20250928,859978,TDLM,49319195,Y,AUTO-GEN-NM7W3GAA,47,854825,MZ,53,-98729.68,-963603.01,1934253.2,1937499.58
tx903145686980218428,20251023,5.54E+11,81,MNV,900858,20250309,333343,BYNE,20196410,N,AUTO-GEN-U9SZGXT2,34,836456,UD,11,109776.72,-804341.25,1398678.36,1417331.9
tx790972663867358867,20250823,3.16E+11,56,HLO,639885,20250426,667251,ZRDG,49187942,Y,AUTO-GEN-J3RY7BC7,71,790732,DH,57,-721153.08,751938.07,2674951.12,2639689.89
tx081308559073110806,20260130,8.76E+11,54,SYF,887270,20250504,771417,TIKW,47263382,N,AUTO-GEN-K10U6WFH,41,345455,AV,18,661127.84,753442.66,4986671.36,5033024.88
tx331644258233107328,20251006,2.05E+11,17,QYN,311686,20251005,659501,PVXQ,66143708,Y,AUTO-GEN-MXGLFOET,62,747477,XA,64,-785100.07,-161290,376443.21,399165.28
tx311185835611462326,20250604,7.41E+11,44,MRW,232298,20260109,505735,YIQC,87457153,Y,AUTO-GEN-2ABBX6I3,39,284279,HC,51,871366.59,457882.85,1778394.96,1763351.24
tx107918146259059098,20250408,7.85E+11,52,DCB,303410,20250309,559293,JICG,92584366,N,AUTO-GEN-U9NQCW8E,46,156282,QS,90,-197280.79,960375.42,251519.01,290069.89
tx747506105262832667,20251220,6.06E+11,19,ETQ,876339,20250906,465713,NBVK,52336329,Y,AUTO-GEN-WSBDBI9Z,22,646788,ZJ,95,-427562.74,-227208.16,2551742.39,2502137.33
tx829088427045381236,20250726,7.00E+11,65,BTF,992860,20251128,508769,BITM,23342019,Y,AUTO-GEN-U0AUNUSX,75,122650,PU,88,-627424.69,-955742.34,1304283.66,1303113.81
tx035800766499262955,20250328,4.23E+11,79,MNA,903379,20250501,740981,INVM,68054753,N,AUTO-GEN-J2I170AO,17,158910,NQ,21,211759.73,-352176.18,3244552.85,3207178.11
tx723982434286580823,20251208,9.17E+11,25,YAD,293992,20250313,470189,WIMK,55233268,Y,AUTO-GEN-0OI1YS6O,66,857409,UN,89,-648198.37,1477.74,4269972.7,4300629.35
tx824793585586839356,20251010,5.98E+11,66,RBW,771601,20250916,302335,RSQX,99182730,N,AUTO-GEN-60AOAD0B,52,133673,IK,65,-700210.43,-113485.43,3387010.55,3386932.74
tx613556881384628919,20260301,9.33E+11,77,XAA,328832,20260115,931006,ZCXO,98702113,N,AUTO-GEN-JVGK9C63,24,322841,TF,96,-295981.47,756767.72,3339042.67,3364441.28
tx535102962905500091,20250323,7.05E+11,60,QAX,367167,20250628,882665,CZZZ,95696879,Y,AUTO-GEN-PMTB9SCF,12,257543,DL,89,902907.82,-48286.75,4376988.66,4355648.57
tx065747302650064817,20251230,2.87E+11,99,VOG,751964,20250828,557708,IRDW,17507842,Y,AUTO-GEN-GPVBRSKS,82,807738,NQ,56,-479630.33,608011.35,1595977.26,1625378.78
tx621476876298065760,20251223,3.48E+11,35,XRL,739029,20260124,752164,UKFK,88231308,Y,AUTO-GEN-HYRP9I8H,39,974879,VG,98,956546.59,309349.07,4765337.46,4804045.41
tx684932691333297095,20250326,2.21E+11,57,KSG,306680,20260106,527310,DAZW,97125544,N,AUTO-GEN-2JIFG4D1,59,958253,TS,94,480529.98,293459.96,3894492.7,3920003.14
tx733566072241731914,20250314,4.63E+11,15,IFD,974600,20250725,650232,DVWZ,31505360,Y,AUTO-GEN-T34PUUS2,50,229458,RU,30,863705.09,-986443.81,3970419.3,3931615.83
tx814681904530996740,20251231,2.58E+11,26,XDG,899992,20251218,219772,IZVG,61210079,N,AUTO-GEN-9PU3DTWP,15,645401,IK,81,-170430.63,996092.78,783427.43,784294.84
tx935486583251174991,20250509,4.72E+11,97,UGA,481114,20251011,800798,WJGV,44277794,N,AUTO-GEN-B5HKYUAD,12,499472,UY,88,-521539.41,-953429.05,2975456.48,3004734.36
tx956936443799266436,20250604,5.39E+11,28,GHW,861676,20250506,696309,YESH,10252646,N,AUTO-GEN-J6ZUW14J,10,431142,QN,69,-388369.17,-325419.15,1569469.79,1605392.07
tx289627934835435920,20260116,8.42E+11,84,DSH,924534,20260121,293737,UFSM,33575253,N,AUTO-GEN-6MVG5HB5,85,638980,MA,48,-218586.38,-913750.82,254933.48,245316.84
tx767920342383231634,20250522,6.26E+11,64,PAS,715720,20260223,345776,CQXU,34166447,N,AUTO-GEN-MUP4NCWI,53,715984,GX,40,972637.39,141754.33,4715444.22,4755489.47
tx839310607624546335,20250519,9.43E+11,34,AOM,335928,20260105,102297,FJEF,78913984,Y,AUTO-GEN-U76V3J6O,75,894268,US,83,539260.07,839630.68,2504713.78,2542915.96
tx341843653542051188,20251028,9.10E+11,18,ZSN,147216,20250317,954917,JIQU,69319735,N,AUTO-GEN-YEFNEIOD,61,692988,NO,39,-707752.25,-638936.04,2975268.18,2929997.85
tx342814480047088642,20250717,9.40E+11,12,LER,588953,20250824,260382,NYLH,24164350,Y,AUTO-GEN-0TY3GBNQ,11,870169,RD,19,-405491.12,255213.86,1511661.64,1493425.24
tx548129147179242877,20250530,6.62E+11,92,MCX,588965,20251107,686710,ZBKK,62533601,N,AUTO-GEN-GP7JHD1B,86,556392,KI,17,-730041.42,-106483.87,3166955.43,3210317.03
tx165855244064159666,20251231,9.88E+11,16,JSA,976775,20250411,372472,HHNY,83105137,Y,AUTO-GEN-LNWLJCVC,43,181771,OA,19,327770.74,-932110.9,3632460.47,3623066.82
tx223413523306778111,20251012,6.48E+11,78,DVA,803845,20250904,901703,OMRH,87822665,N,AUTO-GEN-EBK0W5MG,26,268361,RP,87,-109410.46,-116729.26,2780458.46,2806233.69
tx857501855840046914,20250721,9.93E+11,83,FRL,663444,20251017,318351,XDRF,67070476,Y,AUTO-GEN-OD1PMSJI,93,118691,JI,96,-572872.56,757181.12,839297.41,821627.33
tx302765653125064896,20260205,9.18E+11,68,VBF,118308,20251201,147602,NMYT,92172375,Y,AUTO-GEN-0P4BDHMF,22,201466,FB,37,610631,525863.67,1304335.45,1320863.82
tx975650876862253909,20250528,4.70E+11,94,FFP,278146,20250821,771669,IRLE,23489661,N,AUTO-GEN-P9EZUJ0Q,53,278221,OR,72,-69419.08,-792513.53,777930,796694.8
tx147245789236328258,20250912,4.30E+11,47,UAI,698882,20260103,557759,XPQP,16413151,N,AUTO-GEN-6KDV28AH,85,408404,GL,23,-476914.02,-880653.65,4018920.49,3983408.22
tx893207564430240743,20251012,9.53E+11,90,DWG,643845,20250513,222223,BIYY,67413188,Y,AUTO-GEN-K0UVZPB0,36,106336,MB,28,562447.81,-728847.61,4318314.65,4305445.52
tx574581805623493515,20250424,5.43E+11,68,GIX,996459,20250909,692267,GDJB,83705121,N,AUTO-GEN-ACSLXIFT,49,193000,QD,16,110005.14,117803.03,1612951.37,1654870.11
tx840723626985873780,20251017,9.96E+11,46,TFP,575881,20250824,102993,CIKE,75060314,Y,AUTO-GEN-4O2QC2ZZ,49,584470,QH,68,816574.09,-881556.02,423328.37,377124.74
tx469078694365143637,20260221,2.83E+11,32,BCS,166817,20250513,756569,RVLW,69155282,Y,AUTO-GEN-N9REWNDW,92,304322,YI,65,512524.49,-581058.11,2481162.46,2493687.52
tx734062754712424549,20250526,9.05E+11,52,YIJ,753996,20250719,722506,CXZM,10384765,Y,AUTO-GEN-NLGB6SDE,79,514483,IT,18,409938.85,-744897.12,4075688.7,4091314.07
tx503237841408446965,20251219,5.36E+11,36,PWY,232617,20251018,795440,YYVR,81041929,N,AUTO-GEN-61TRZOWD,19,880079,YN,57,-907286.75,650179.49,459673.76,427747.33
tx327176769219227306,20251016,5.29E+11,70,CVU,233716,20260111,261377,KHII,48222845,Y,AUTO-GEN-O6TXFGZB,46,180839,PO,26,-120011.77,-425705.17,1895494.86,1853624.38
tx768356148018638172,20260209,1.94E+11,55,LXA,497450,20251102,862292,BILP,88130223,Y,AUTO-GEN-I3BI2ZIC,13,361913,UT,13,818806.86,-130287.05,3590022.57,3582314.03
tx884886194146459483,20250802,6.31E+11,86,UPS,549811,20251126,376266,EWGP,27200243,Y,AUTO-GEN-MOLF30ZF,89,581126,OP,16,810451.04,-194179.26,2387951.3,2412803.87
tx005857191351117209,20251031,6.41E+11,21,GUP,918629,20251002,423949,OKNW,94036653,Y,AUTO-GEN-KC5A588H,19,547697,CW,17,413536.94,-606678.7,2846804.1,2864037.92
tx757320428117917173,20250504,8.67E+11,93,ELY,905280,20250916,286621,OFWU,94603112,Y,AUTO-GEN-ZKH313E1,67,828689,BK,43,-752505.79,-760457.09,2973865.85,2932428.04
tx603946906189579635,20250701,7.51E+11,21,KRV,983400,20251128,856761,SITI,78494829,Y,AUTO-GEN-A2GBAO0A,98,803500,SF,59,-304847.99,-944861.3,3669036.26,3668438.76
tx172324295272809276,20251115,3.47E+11,76,NEL,514002,20250815,307528,DBMV,92076683,N,AUTO-GEN-ZCB291D2,63,973350,DQ,55,174534.78,768677.81,4847692.13,4867191.86
tx831846915771141116,20250905,8.87E+11,29,RUU,736133,20251004,801316,UGDM,51650083,Y,AUTO-GEN-1U272GX8,44,800113,LN,44,-976961.52,-544237.33,3396994.93,3442380.27
tx713547038528213741,20251027,9.70E+11,49,ZRZ,409162,20251214,586856,FSAH,25025064,Y,AUTO-GEN-XPU8MQLL,52,432500,QL,27,272576.11,753784.93,3923486.55,3969060.65
tx933203226363144596,20251009,1.33E+11,74,OCJ,711981,20251022,358178,DBYU,25773635,Y,AUTO-GEN-0XR67TQ9,90,433705,UP,12,-289219.65,-76538.7,1784415.61,1744217.84
tx137060405326561749,20260127,1.35E+11,25,XJQ,587273,20260306,438135,UXVX,91138791,Y,AUTO-GEN-H1QS6KQO,44,962540,VM,53,923782.81,-623184.48,185363.87,207466.88
tx733137689456415986,20250720,1.11E+11,44,LHZ,390546,20250919,243645,OTWA,72167959,N,AUTO-GEN-PIV3MTHL,90,510732,AS,86,997320.03,-28040.97,586580.04,594701.92
tx944709301900271177,20250315,2.38E+11,14,KXH,454398,20251009,925636,DQFN,19221139,Y,AUTO-GEN-B89MCJT2,29,464529,BZ,86,-286614.09,-323510.3,3456654.97,3411426.54
tx342355022333462040,20250708,3.60E+11,29,GQG,765210,20251105,507097,YHEN,94981806,Y,AUTO-GEN-SKNDU862,54,662557,VH,86,219213.19,-977017.93,3454946.4,3448582.7
tx793289877636249837,20250504,1.46E+11,86,ZLN,744685,20260308,274489,SBFI,57330257,N,AUTO-GEN-RM1MCNWX,80,538105,EW,40,-291726.65,963868.18,1301617.3,1319146.88
tx688646933504740649,20260216,1.19E+11,95,UAU,723853,20260122,625861,QSEL,99500986,N,AUTO-GEN-W1M9S2G3,17,949742,JL,85,-949469.08,665498.36,842161.94,891358.53
tx991352189146770884,20251213,1.56E+11,46,CUO,175056,20250716,237624,ADSW,60796476,N,AUTO-GEN-B7P98IYE,67,391120,MG,38,-74925.31,540226.12,3562463.21,3537262.25
tx076925481358141638,20260116,5.16E+11,67,RSF,784910,20251022,215894,EEOP,50905565,Y,AUTO-GEN-K868O5BW,67,917559,MA,59,-985749.07,908455.57,342846.54,336432.05
tx489410101502514541,20250522,3.03E+11,18,TKR,240455,20260120,907496,DPTE,83459963,N,AUTO-GEN-049Y4MZ6,29,822401,UA,45,-508110.74,-253188.46,4291105.37,4275319.87
tx032545121764531689,20250319,5.70E+11,60,HPG,538652,20251102,375153,XXBC,44935371,Y,AUTO-GEN-D5Q2BX2I,73,219423,GJ,10,-47143.46,-663000.49,439750.93,405023.04
tx309177751467623828,20250807,6.88E+11,22,MIK,701586,20251114,841987,FNVC,79819256,Y,AUTO-GEN-SACFA3SY,64,142877,PE,10,-47164.83,213508.21,1190322.15,1200777.38
tx202627876613372875,20250607,1.43E+11,73,YCV,892019,20251227,880476,OQBB,82812687,N,AUTO-GEN-V3N0RSPN,23,719698,QK,96,-206945.82,260970.12,3189470.83,3163703.78
tx328841296021565259,20251109,7.32E+11,35,LJN,954778,20250909,372692,TKUU,12771347,N,AUTO-GEN-SMI4ZNE4,95,803723,OX,99,-362712.66,-451190.14,2678120.42,2692944.83
tx377044557380190118,20260120,5.36E+11,31,RGB,631589,20250727,454345,IHUK,61333777,N,AUTO-GEN-UIEVUP65,50,865361,OU,49,-351241.67,246465.18,4356850.9,4308505.28
tx041692032737894732,20250413,4.22E+11,94,PLQ,976227,20260116,646423,VNZL,33983984,N,AUTO-GEN-UZRNWQEC,61,503148,RD,33,791776.34,489122.16,1680943.36,1695279.28
tx203874523254643659,20250907,3.56E+11,35,OJO,453392,20250717,749732,HRWT,46882138,Y,AUTO-GEN-JM7JSRNE,73,758730,TB,10,-143261.51,56475.7,1054693.76,1095193.78
tx575746657268220457,20250423,4.62E+11,97,NBP,668937,20250724,817147,XULN,89890046,N,AUTO-GEN-1JVU2HNY,40,854745,LA,99,530566.13,168337.33,1945574.17,1913068.66
tx845888535228824419,20251112,6.02E+11,38,VTO,150659,20250829,825079,YVBD,82267875,N,AUTO-GEN-LBYVE4EW,62,395742,AE,57,895148.68,934079.89,2234552.38,2213411.12
tx380885748727309827,20250916,4.53E+11,97,JRG,916270,20250919,354426,EBPF,96935074,Y,AUTO-GEN-NWCASTB4,40,659033,DK,27,-364787.12,-999612.55,320110.67,358803.18
tx320903348564686691,20250620,9.19E+11,75,ECG,676695,20250702,541397,CRRU,38057273,N,AUTO-GEN-5VVS85RB,83,363849,MZ,43,-697941.12,194256.02,4280423.91,4271751.8
tx575265867274656668,20250703,1.21E+11,56,YAO,993713,20260213,989110,AWMY,16117736,N,AUTO-GEN-W0IWJCTW,88,145697,PC,99,774508.19,-342223.06,4112636.79,4070373.39
tx276652006903292619,20250720,2.41E+11,61,GQZ,464377,20260214,427307,ZTDT,80986439,N,AUTO-GEN-5NKXLQKA,14,498558,KZ,56,-230773.79,-202743.47,4568120.27,4538221.85
tx074188551253450808,20260307,5.67E+11,57,OXC,310867,20250930,264191,MOAU,38960925,Y,AUTO-GEN-46EPIOC9,36,246722,GF,85,297079.8,-216067.31,1370125.33,1331992.06
tx290681413964024913,20250429,3.70E+11,43,HMB,771495,20250709,929740,WKZJ,61489324,N,AUTO-GEN-STY2PZV0,36,709704,NR,81,577135.21,-263603.91,2211538.11,2222798.48
tx733598138428359349,20250812,9.20E+11,85,UHG,787802,20250830,397227,NSAX,54730318,Y,AUTO-GEN-MDBV3JKK,48,153879,NK,18,-470627.24,-211279.01,472635.59,484556.37
tx059109016190213757,20251020,9.41E+11,22,FUF,162252,20250317,688058,PQQU,59815123,N,AUTO-GEN-XPKMGKDC,60,115022,BG,80,-752269.14,-999477.38,3818552.79,3788133.52
tx195615328539748545,20260129,3.23E+11,41,RSN,820653,20250506,324461,NPRC,90596252,Y,AUTO-GEN-L3YPNONK,93,223795,TC,94,-261109.18,-556061.4,4573859.38,4569461.68
tx920214406023052898,20251201,3.93E+11,77,WTH,258562,20250421,886709,QPMG,88522870,Y,AUTO-GEN-444UJ9E9,71,624328,TT,41,-176273.7,579411.58,3076128.14,3091518.65
tx545188524797377577,20260308,3.23E+11,64,TUD,182358,20250416,336629,LLAG,53638038,N,AUTO-GEN-KAQFSEBI,46,309133,QP,40,655217.55,347971.92,745637.48,717968.25
tx350756497313355273,20250525,1.57E+11,27,UTX,326408,20251007,368888,IEQM,13876699,Y,AUTO-GEN-VYOIGP1E,48,143791,MO,98,-213907.65,-850636.13,3372373.49,3400248.1
tx496191910550855841,20260211,3.23E+11,51,ETE,305713,20260115,288570,UWQW,95866521,N,AUTO-GEN-94OEP7J2,67,658327,ZI,89,-236143.08,-244977.38,4894871.07,4906609.23
tx394221281101250041,20250527,7.89E+11,10,JNS,855721,20251122,276777,KVQV,84821044,N,AUTO-GEN-XLSIODQI,35,122857,KR,17,-270128.62,715246.72,1851651.97,1883782.14
tx209852485763641678,20250826,1.45E+11,71,TAH,185086,20260102,741202,NWXG,79088221,Y,AUTO-GEN-S4PHVFN6,96,183651,XI,62,-25141.67,-969042.93,4281705.95,4242182.28
tx261909165777221168,20250508,5.58E+11,87,HZJ,140571,20260107,340874,FZXF,18104565,Y,AUTO-GEN-CKM8CWZ2,72,625929,TV,52,517809.03,399443.88,3867255.92,3904069.94
tx076825339206198433,20251007,8.33E+11,50,YWT,818135,20250723,644549,CPGJ,74751148,N,AUTO-GEN-JNL89QNR,26,603737,LO,37,783747.9,-538887.64,4023178.13,3977496.03
tx805362187678869317,20250826,8.05E+11,63,EWX,982927,20251031,894981,GMUD,46926087,Y,AUTO-GEN-2KLPMYUU,96,506493,JW,39,615471.86,145339.2,3341784.04,3297508.6
tx403852270916334890,20250817,6.13E+11,18,RVX,755174,20250616,224138,SKWM,77823510,Y,AUTO-GEN-3JZA383S,13,472993,AJ,10,-472186.16,-400617.11,3148900.53,3185000.86
tx965156229132640785,20251217,1.46E+11,43,EWY,962998,20251229,384932,XIXE,36260703,N,AUTO-GEN-2N0ZXTHW,56,942419,PZ,55,137796.69,-469314.46,1678490.16,1678665.25
tx048064243324845767,20251007,1.66E+11,10,ZLF,412884,20251223,203619,DUWB,56704521,Y,AUTO-GEN-Y0IOPO0H,54,207159,RB,60,625885.39,657892.15,4958453.6,4986509.26
tx505556110002907651,20251019,9.41E+11,34,NQL,758590,20250519,363238,INAA,88318068,N,AUTO-GEN-EI7RPY2U,13,311354,NA,34,-824730.3,923050.71,1100966.66,1115641.19
tx757221502827767971,20250317,9.94E+11,60,WCH,242057,20250929,559570,DFOS,38566340,Y,AUTO-GEN-6ELRE676,60,961041,SC,70,-322296.92,837388.06,1365753,1327569.44
tx589358220955717676,20250619,5.44E+11,67,YBK,639288,20250731,939659,WHVM,16590092,Y,AUTO-GEN-K293JIAC,42,675652,DK,53,988241.15,-137740.75,3803360.52,3782427.61
tx181889955107924711,20250507,8.37E+11,74,MPU,568063,20260215,951870,RJBS,70998743,Y,AUTO-GEN-H551NY4W,35,903810,MA,21,759125.44,804713.83,1711857.2,1759752.83
tx995107225532917510,20260307,3.21E+11,11,ZXW,986122,20251215,984219,XSVM,14900545,N,AUTO-GEN-6YZFJKN3,78,126014,GY,87,-134935.77,-407345.56,4320715.59,4302982.46
tx686969940804612597,20250801,2.26E+11,21,ZVC,901509,20260226,659218,PCCQ,47567651,N,AUTO-GEN-S9DD1X9Y,66,370786,JS,36,-832267.67,137301.65,585549.8,542741.34
tx619920345058577985,20250325,1.63E+11,58,IBM,387707,20250311,400758,FTLM,24282003,N,AUTO-GEN-DYVAB36A,97,398821,PP,28,559088.88,750603.99,4213565.41,4254497
tx869228477796573066,20251019,2.34E+11,95,OOE,965583,20250825,906816,GENU,20597006,Y,AUTO-GEN-424D25GL,11,999026,QC,93,-295957.64,590481.72,3470342.3,3512455.12
tx022532152891134133,20250925,5.12E+11,48,VQP,685116,20260304,897951,GBVG,99456114,N,AUTO-GEN-S33U17FU,47,307058,VT,15,-103815.53,-555522.74,3337262.71,3345290.57
tx798142586064822229,20250912,5.69E+11,19,SYP,767816,20260225,551085,GNJI,41409592,N,AUTO-GEN-FLNM0GOR,16,556774,BZ,87,333406.79,-121889.22,4547189.17,4566773.87
tx340242316359604265,20250702,5.84E+11,95,SIX,304967,20250512,562026,DJHZ,31619725,N,AUTO-GEN-ZYUM7X0L,35,980744,DO,99,634168.11,-731067.5,2445521.87,2421305.67
tx806640439234852525,20250418,7.31E+11,74,GDK,461645,20251103,961665,KREO,69276756,Y,AUTO-GEN-SYRZL6CH,76,546601,UB,58,866867.13,-566361.2,4869261.59,4911741.72
tx634351475568687891,20250603,3.18E+11,54,DHJ,225210,20250401,955886,STTG,38253336,Y,AUTO-GEN-SHSCCPEC,30,308690,FU,46,455391.07,697424.63,3107234.11,3146163.07
tx054109049721532541,20250710,2.30E+11,50,RFP,231674,20250529,395255,XHKN,63900551,Y,AUTO-GEN-G31NDSFW,37,924561,NC,75,-137274.56,303865.79,2151342.08,2142555.71
tx158554647010404316,20251212,7.75E+11,35,UCQ,538168,20250504,184811,HJLB,19847345,Y,AUTO-GEN-370W8E2L,40,905442,YK,54,-608450.8,-943394.89,3876539.43,3845568.96
tx003094607906907906,20250520,6.00E+11,66,ZOC,629700,20260126,836262,MLMQ,42950504,Y,AUTO-GEN-LJ58GP4F,76,940610,HL,18,-362296.83,-626442.51,3320200.64,3308773.69
tx796041631416425852,20250625,5.29E+11,26,ZNJ,877291,20251227,741576,SJUQ,15322496,Y,AUTO-GEN-I2UIH916,68,927663,KF,74,-62332.04,648858.82,4067714.41,4079832.55
tx374827257470823661,20250417,7.72E+11,98,UWA,282999,20251019,510434,JDBF,55806386,Y,AUTO-GEN-28559NBN,76,926921,EU,79,443485.51,-114067.84,1619993.61,1570440.72
tx387312630231246434,20251219,4.03E+11,35,CZC,150397,20250913,444993,AHLW,62679510,N,AUTO-GEN-M8IDX700,84,180041,HM,19,-43371.84,-105027.81,3620462.15,3589454.01
tx369938989518643498,20250411,4.75E+11,40,AUJ,618009,20251221,444099,FIFN,79096652,N,AUTO-GEN-1OBIBIFK,85,144068,EB,26,-248052.73,-334125.3,3856717.55,3885789.85
tx467379872113730031,20250605,9.77E+11,97,PPC,890345,20260129,911088,VCUN,44643700,Y,AUTO-GEN-3T80UIQN,48,860799,RB,88,-961942.87,-831565.46,2377538.56,2332122.83
tx851942610451400480,20250613,4.31E+11,50,ETR,733940,20251114,552073,BIZO,42760251,Y,AUTO-GEN-DRUFI9NO,64,132371,NY,64,628616.14,-566407.12,619685.02,638172.12
tx261467807901660785,20251118,8.40E+11,52,UBI,127966,20250623,503409,YOPW,63162587,Y,AUTO-GEN-RQMB5I5K,84,271067,JT,29,272145.18,-132661.66,3249859.08,3227498.68
tx275958519789962834,20250908,9.78E+11,54,KJK,669265,20250908,302623,GSML,21020717,N,AUTO-GEN-FDVTTQW9,90,499474,KM,80,-877923.95,-82234.45,4121714.91,4075632.36
tx564915510938639007,20260211,5.40E+11,39,HWR,950751,20250423,270583,ALQD,41078209,Y,AUTO-GEN-5DHQI756,21,553874,LC,38,876520.76,564163.55,1670669.48,1702058.68
tx527394758351620371,20251208,9.65E+11,45,ATC,808944,20260218,352482,ZXWE,70646835,Y,AUTO-GEN-4VQ4SIF6,66,688551,WW,73,857471.96,89609.76,1429672.67,1389707.12
tx094784580843385756,20250608,3.81E+11,35,HLE,740319,20250317,650494,EBBV,75193830,N,AUTO-GEN-7F8VLOSF,29,492615,GK,99,-832772.97,-28560.83,604417.8,638035.12
tx890092110421237287,20251221,4.88E+11,14,RVB,581960,20250815,688058,VLXV,95845049,Y,AUTO-GEN-A8QVWURR,38,554002,YN,60,632772.32,1714.66,1705898.15,1740408.12
tx030315422837349304,20250907,5.72E+11,57,ZGX,408852,20251110,680276,KVEM,22928745,N,AUTO-GEN-96R6JYG0,69,888463,NR,19,98869.06,-990800.58,4632449.97,4640848.12
tx618084147185707187,20251219,8.85E+11,22,DUS,575571,20260223,547061,RTQF,19797761,Y,AUTO-GEN-U8OWQIAM,44,710723,FK,47,410222.81,-438654.69,952072.16,987730.48
tx080331492134693051,20250612,3.79E+11,64,FTZ,968866,20260118,229942,SKMP,40403106,Y,AUTO-GEN-WWEC0WEL,25,271656,KY,10,954099.45,562731,4285435.74,4306284.55
tx393542192271903822,20250531,8.08E+11,81,FIA,311016,20250814,550661,WSYQ,15322495,N,AUTO-GEN-EBYEIOVL,99,912524,CN,77,976289.47,-714704.24,1143998.25,1106228.86
tx721897499395403021,20250923,7.81E+11,98,XGW,511486,20250929,779343,AFLB,26856176,N,AUTO-GEN-KCPARIXR,21,365960,OW,56,-257585.43,361217.82,2243179.1,2288934.15
tx815959490025848293,20251030,5.33E+11,39,ISM,193056,20251130,987622,CHOT,25929117,Y,AUTO-GEN-H52CU99G,47,778454,HM,25,390278.53,-119367.36,3086958.52,3054345.03
tx762059204884495738,20250927,7.66E+11,21,YKE,503107,20251010,148723,IYMC,42847213,Y,AUTO-GEN-WDWA2G1N,21,743180,NC,73,790092.17,-442046.27,3197242.62,3161706.54
tx075829791134277338,20251121,3.91E+11,90,XVW,622874,20250428,769498,IUNM,58556370,N,AUTO-GEN-VQKGPX5Q,85,612118,JH,11,19410.09,300566.75,510220.14,504759.38
tx876421076295742297,20250506,2.02E+11,55,QRD,146761,20250512,828400,THZO,32107595,Y,AUTO-GEN-SPU2J553,38,950955,PQ,39,106902.66,228863.05,4148977.82,4190650.89
tx751799682796877993,20251208,8.67E+11,34,XQQ,179294,20250812,487573,VIHA,54766161,Y,AUTO-GEN-NQD3W1JL,16,784886,OD,60,-472446.09,-84389.73,4898107.95,4928956.68
tx950722445953860215,20250901,4.57E+11,75,NNV,787739,20260214,300810,SVBQ,60091161,N,AUTO-GEN-YWAN62M5,87,259140,KX,36,486008.66,-242573.4,3413967.73,3365205.75
tx175040727454435681,20250901,8.48E+11,68,MBF,929494,20250715,249039,ZMVA,89503867,N,AUTO-GEN-7B3FFWC6,30,391107,KR,13,-594102.75,-140208.39,1860153.41,1826850.21
tx755440341419988104,20250407,3.90E+11,97,CXL,995564,20250505,406318,DERL,30229082,N,AUTO-GEN-1CVRC5RY,35,842896,QS,48,-922494.13,-975014.77,1110379.52,1086464.99
tx584685631818357144,20250619,6.28E+11,15,LVC,291305,20250518,599194,QBOT,76808969,Y,AUTO-GEN-AAJ4WYE6,77,886114,TA,19,-702732.01,-201381.43,2598207.35,2578204.72
tx906357153811317161,20251101,6.58E+11,76,ZQS,472808,20250822,547124,LOBW,41161482,N,AUTO-GEN-9TTKFTQZ,57,823460,GW,67,-149255.55,-185652.46,640301.87,636587.99
tx686208149417726389,20250413,2.25E+11,76,OMH,944322,20250628,949814,FLWT,55009061,N,AUTO-GEN-2N5N38ZT,45,334240,FZ,65,870151.67,-304259.05,2186140.03,2195314.31
tx140888879803093221,20250404,8.18E+11,50,KWY,883114,20250729,176449,VLVB,67412793,Y,AUTO-GEN-2PJIMAQ6,29,894123,GP,87,808698.21,344813.34,4411264.83,4371990.82
tx035548395415370032,20251116,4.20E+11,45,NGT,244448,20250512,775344,GKDF,67760217,Y,AUTO-GEN-JDZ075JC,87,616878,FT,46,-545473.01,-347835.27,3213852.28,3203856.95
tx800177469430711712,20250729,9.28E+11,73,ESY,690431,20251218,939496,LQNB,54789265,Y,AUTO-GEN-RU5QTF82,24,707882,AF,56,-705867.45,-56976.34,302552.19,327426.58
tx000425791406727631,20250317,6.10E+11,44,AZZ,876461,20250827,318528,TKOI,76619968,N,AUTO-GEN-77QTJBL7,15,294461,NA,92,-812482.39,-882804.64,4260289.72,4262879.99
tx242789838503406407,20250903,6.06E+11,61,GOS,577581,20260116,170256,IXPY,80774540,N,AUTO-GEN-UAK0PQMJ,53,438017,TA,42,983788.44,-909743.38,4063369.2,4092168.45
tx773711311478193233,20250505,8.19E+11,10,SCP,521164,20251127,498074,RZGL,26316113,Y,AUTO-GEN-2Z1ZIQZ9,64,257832,RY,68,960360.77,-862287.97,3965564.54,3923179.09
tx111556811276411595,20251214,5.11E+11,12,SPA,217555,20250412,427309,QERC,39013451,Y,AUTO-GEN-AZG1W4CW,35,952820,DC,35,996105.61,744987.76,1334025.31,1289497.4
tx106901066873827714,20260105,8.78E+11,84,FYE,501249,20251014,320521,XLZF,90990868,Y,AUTO-GEN-J5S3TH5C,77,985854,CY,57,-433703.18,-270851.56,3583612.03,3619886.74
tx188008385029068536,20251223,6.17E+11,34,EEO,361145,20250820,395006,ILZV,78187594,Y,AUTO-GEN-68WA976S,80,560484,AO,77,903128.41,-190817.7,4071155.22,4046418.9
tx407803226757768455,20251115,8.34E+11,23,VNO,454477,20250401,347013,IYUQ,81135693,N,AUTO-GEN-BA4M8YCH,37,952775,HG,45,124379.98,-717472.61,1117938.53,1163784.22
tx309417798617254164,20251107,4.34E+11,19,RYO,503564,20260103,111709,JVUS,99361469,N,AUTO-GEN-F6RLHFM8,81,428051,MI,82,94184.11,599967.58,2411023.17,2404065.82
tx155380043778430422,20250922,4.60E+11,31,IFS,125451,20250713,620998,LZZN,97673445,N,AUTO-GEN-67DCDR93,74,360068,KY,72,-106565.53,-557482.07,2822749.81,2865850
tx370027731646129443,20250903,4.82E+11,87,KZE,161560,20251117,654620,SLVB,20599849,N,AUTO-GEN-F3X8A0X7,68,202239,DD,36,554113.18,-493261.05,4588111.81,4561088.12
tx333865235797388042,20251017,7.63E+11,59,LCV,500900,20260302,386865,SSTZ,45632414,Y,AUTO-GEN-YDR09XK3,92,387437,CJ,16,-432106.58,-454645.58,3347607.22,3317416.6
tx266375189369065235,20250713,2.58E+11,32,ADV,344681,20251226,964275,HAYF,32062625,Y,AUTO-GEN-H5TJA5J6,87,399456,ZH,88,-390024.25,-328292.59,1640304.06,1660333.95
tx714383546844532716,20251104,8.69E+11,45,MIW,416235,20250605,106565,EOKK,29674652,N,AUTO-GEN-HF30LHYO,57,141370,RC,62,-333614.14,120838.9,812487.28,792383.65
tx800174780672344113,20250730,1.89E+11,87,IPQ,289399,20251123,558781,HWGT,42564101,N,AUTO-GEN-EN0AM4HX,62,517451,UC,39,-143074.56,-326814.29,1161383.24,1131094.22
tx952400187663896785,20251113,4.80E+11,19,XST,763048,20251121,810023,PQGJ,43809036,Y,AUTO-GEN-3IXOYWT9,27,326274,PF,96,988124.08,-203967.99,3575708.72,3601870.36
tx224345466879328985,20250825,1.31E+11,38,LYO,367701,20250705,765215,RPMP,57746659,Y,AUTO-GEN-EFWLMS9K,11,957213,HG,69,256847.73,102767.66,3280871.32,3235992.59
tx779551490995158178,20250518,2.08E+11,71,INJ,867517,20260210,108205,LKHI,90294712,N,AUTO-GEN-VPY5TGCZ,33,676189,HY,76,236305.39,-169775.54,1386832.57,1344109.58
tx704560527832211690,20250311,6.07E+11,27,XZG,564531,20251214,743427,SDLR,45285179,N,AUTO-GEN-2HB96OVO,89,180581,NK,57,60611.9,371855.79,4911612.16,4948066.29
tx908825242085125261,20250421,4.43E+11,65,OGV,905643,20250716,705047,TYWP,11176098,N,AUTO-GEN-ALFSP58S,89,551170,XH,55,463492.72,356834.43,1601231.68,1630534.39
tx373130960544931746,20250929,2.20E+11,48,UYR,483570,20251210,471219,BWAD,22280430,N,AUTO-GEN-BLY7A19Y,76,640100,HY,66,399632.17,-654109.65,4684689.2,4669661.72
tx509110605757059441,20250924,7.15E+11,21,CXV,817924,20250724,288170,FGHV,92637632,N,AUTO-GEN-4FZCYG2L,38,548862,GT,69,688101.31,378424.28,635215.74,632338.81
tx450156400916463789,20250516,5.34E+11,99,EGE,396813,20250915,706676,TJMJ,63037782,N,AUTO-GEN-1OB2KVAB,88,809345,XU,91,-930186.57,-836556.13,285756.3,307240.27
tx737258812031350748,20250924,4.15E+11,44,XHN,655616,20251031,469807,DPOB,42428929,N,AUTO-GEN-TO7YP9WF,91,653585,YS,17,412665.57,521610.65,3158608.56,3159838.85
tx734231999287313603,20250603,5.83E+11,10,CRS,127485,20251117,110091,IDWV,90136294,N,AUTO-GEN-DSDLP87N,16,402872,FL,39,-547112.15,550737.55,2088620.45,2080372.7
tx444720464159277605,20250506,5.54E+11,75,SUC,842375,20251007,337615,VDYF,50200506,Y,AUTO-GEN-LUS3Q742,57,496082,RA,54,558596.86,-177119.25,1000083.35,955604.74
tx445528645928656297,20250930,3.54E+11,56,POR,567937,20260203,461945,HOII,92024338,Y,AUTO-GEN-AOTI7LS3,98,282220,LV,31,933795.78,246082.91,1893042.54,1867588.14
tx408268111238105698,20250623,6.47E+11,25,MGM,765527,20251223,560241,MIPM,66007463,Y,AUTO-GEN-LN1HXMTA,67,810422,CO,45,282447.96,-116392.59,2456126.11,2437813.54
tx961964246659902641,20250424,4.92E+11,47,YCM,528617,20250608,841852,WZYA,73072073,N,AUTO-GEN-LWS9CNUF,65,115873,IV,25,311403.44,241187.33,3187707.33,3200216.99
tx305486454035297380,20250722,2.32E+11,28,SKJ,798743,20250716,761026,ZOPY,54002992,N,AUTO-GEN-5UX3KJPC,37,109515,QZ,74,519658.16,803152.1,2299264.6,2318761.06
tx615665609823858416,20251030,2.07E+11,90,UZB,180754,20251218,329121,UKHB,41661933,N,AUTO-GEN-I6UNOAZN,62,840609,SG,97,642740.55,675475.36,1851224.56,1865945.88
tx345632437634568270,20250703,9.14E+11,97,CRI,946826,20250902,368231,BLKK,88892093,N,AUTO-GEN-DNLHXCSO,56,256294,DY,44,668982.65,402577.82,45095.53,58628.4
tx738538331977299705,20251021,7.20E+11,22,HZA,409847,20250320,656857,LQHJ,34906048,N,AUTO-GEN-RYCT0JDW,79,149765,RS,23,-939190.03,-996477.73,634388.79,619624.77
tx005786704070263280,20260107,4.17E+11,15,BTQ,374831,20250421,993663,UFNW,19717125,Y,AUTO-GEN-GMGNX68A,66,595417,SC,93,-282001.34,372142.74,4914504.69,4918797.03
tx794104862386224282,20250616,6.54E+11,72,JHI,908748,20260104,188128,ZHTY,22968639,N,AUTO-GEN-TVPIIZTC,52,215176,YW,87,468524.99,-839669.24,4860225.49,4867613.29
tx606937953800270469,20250423,4.20E+11,32,HXP,183912,20250715,343428,ICGV,57231044,N,AUTO-GEN-NNVJI1SL,30,489128,GY,59,-492700.8,43740.09,1114259.55,1148678.42
tx923720869765453686,20250804,8.15E+11,24,PMR,413703,20250314,303420,YJZJ,31369879,N,AUTO-GEN-P8930B0X,44,780805,QL,19,323132.98,-855240.46,281958.11,291741.08
tx353058023624161820,20251111,5.55E+11,37,LQK,521827,20250720,591913,ULZH,82540540,Y,AUTO-GEN-JPZGCH15,39,252608,XP,54,-44198.1,-732441.15,3470423.17,3456543.56
tx975689625964053695,20251202,4.67E+11,28,JWU,712240,20251105,620349,BWAI,64445404,N,AUTO-GEN-8VZOHQA3,95,543999,YL,18,62282.54,-40484.62,4661419.61,4632722.82
tx940246511504337204,20250524,2.78E+11,87,GMJ,619738,20251014,759733,PKSA,32384458,Y,AUTO-GEN-8N7I21YK,85,511919,UV,45,37762.76,770266.41,4943011.3,4940991.13
tx868185470985130721,20250718,4.99E+11,60,KRU,300405,20250716,502817,TLRN,72232956,N,AUTO-GEN-EIKVLV91,17,383018,TA,12,564635.73,633163.54,3061803.92,3046513.83
tx501348033846554789,20250606,9.39E+11,99,CRO,191100,20251107,476326,HYZR,38718462,Y,AUTO-GEN-OWMKT450,17,750922,ZV,18,430633.27,401821.64,1174295.44,1171058.93
tx276531373057063498,20250702,6.09E+11,57,POG,368966,20260207,622739,EMLU,70089731,N,AUTO-GEN-ZN0E40BX,35,296016,EV,73,622687.88,62665.04,1854977.96,1859741.51
tx586381703620061741,20250419,2.88E+11,22,CHT,936578,20260223,781602,SSBB,39503407,Y,AUTO-GEN-C7WG4UUO,21,392449,BJ,49,-585261.25,-371954.37,517269.84,514602.56
tx635079295205258893,20250519,7.04E+11,49,UZO,381650,20250711,511809,SOHP,78284423,N,AUTO-GEN-GHV4YX5D,47,129559,SL,22,412741.02,301624.29,3413627.91,3366045.72
tx871886956699095076,20250912,4.39E+11,60,YQM,423823,20250719,298337,GXMB,16013094,N,AUTO-GEN-78GCET25,85,553533,KW,88,-115923.95,-675405.33,1649683.64,1618207.61
tx534781792708408249,20250425,3.27E+11,93,OGW,388258,20260129,294399,HIGY,81691077,Y,AUTO-GEN-DGAOT0KI,74,469428,GV,22,465255.03,576252.71,1999791.95,2013124.32
tx926228190597687260,20250408,8.07E+11,48,NEU,364586,20251221,955354,DCVE,39937075,N,AUTO-GEN-OT3H2W5X,57,545161,XJ,87,323440.42,330894.57,2638258.28,2594923.93
tx522458633874244145,20250802,5.43E+11,86,YRS,320090,20250520,174099,OVJO,34688439,N,AUTO-GEN-HSCWZTX0,51,451801,XI,64,-174866.34,-195661.45,2706071.52,2736405.53
tx814433642614239583,20250726,9.03E+11,22,NDK,577532,20250903,392527,TCLK,20177068,N,AUTO-GEN-QSJV2I0B,77,377775,DI,91,-986152.16,841262.37,2434869.32,2402503.3
tx997691796379504462,20250427,6.61E+11,75,HRC,196415,20251016,232249,TMAS,38601594,N,AUTO-GEN-EX2P70RI,66,591905,OF,24,-487797.24,-624789.38,3791338.69,3809262.17
tx734815368524881386,20250725,5.59E+11,73,HFW,497953,20251115,144190,KNMA,30694567,N,AUTO-GEN-NUVTPO2C,22,744735,UB,35,-595912.15,725045.36,1019126.3,1031275.4
tx482734518756940236,20251120,9.42E+11,56,BQG,154701,20251225,196810,ICYK,45082805,N,AUTO-GEN-GIXU1UG5,75,477468,TP,74,-796110.48,38127.31,1058419.95,1018117.18
tx199576357753481308,20250521,5.54E+11,14,YSA,237032,20251010,688096,VVZZ,94912789,Y,AUTO-GEN-NI2M9G84,47,864528,YU,15,-691934.61,-769006.91,4575421.36,4620539.51
tx302370126136857029,20251107,7.70E+11,76,ECB,482367,20250815,819994,YSMC,69592928,N,AUTO-GEN-TNRTMM3X,20,419756,VJ,77,660238.7,872708.02,2580321.74,2536771.37
tx012312601287334889,20260128,2.92E+11,12,MSF,135050,20250523,756063,TOHO,31344106,Y,AUTO-GEN-VDSAT3VS,43,181402,II,31,319600.31,-804179.6,54539.4,99549.91
tx943479612894209043,20250416,1.36E+11,12,CAT,547131,20260115,235841,VIAG,64183621,Y,AUTO-GEN-O56PD7P7,18,213481,YX,24,867117.14,-871679.66,3312563.68,3311627.72
tx131041118862879991,20250727,3.50E+11,76,ASJ,887212,20260127,758911,OTOS,51514341,N,AUTO-GEN-H9HWWC5M,10,850660,CX,18,-435929.52,435767.87,1657710.5,1682360.22
tx328075566629907960,20251215,2.38E+11,49,KKQ,240818,20250529,924507,BBEJ,97958861,N,AUTO-GEN-SN42YW9V,92,738376,YH,57,-960330.04,730218.37,3825188.19,3782855.03
tx422701568288796696,20250715,6.96E+11,25,CQT,256600,20260116,666710,PHQH,51012840,Y,AUTO-GEN-51ZNEUVO,17,368545,KL,97,355135.84,-823058.46,3716033.99,3714474.23
tx656021752808149413,20250825,8.78E+11,54,JLU,145123,20260222,244121,CVEQ,75014250,Y,AUTO-GEN-CEHJOYZE,14,157591,SA,39,137507.02,-220986.01,4298005.55,4251589.74
tx396550021635961936,20250528,6.31E+11,28,ZRE,987488,20250624,316649,YLWG,29997272,N,AUTO-GEN-UO2MP0RY,68,303248,TD,14,778691.9,32412.82,2906134.73,2903378.77
tx069214076149638307,20251007,2.00E+11,69,HLG,208141,20250902,527267,XGJL,12936182,N,AUTO-GEN-60YPIYBH,32,593008,RD,54,-956599.39,407879.65,1180184.59,1191459.04
tx399241156362029742,20250810,6.60E+11,70,ZUX,912038,20250914,131811,OLHV,15395568,Y,AUTO-GEN-3A608W4J,45,565943,EO,59,-338300.21,172322.14,2521001.85,2543209.86
tx590920688372343088,20260219,1.82E+11,21,IBX,831466,20250916,837937,KEXZ,98208406,Y,AUTO-GEN-6JD5YC0D,57,769073,EO,55,-895057.58,1832.12,300163.66,327587.02
tx212267247670015173,20250401,7.33E+11,43,ODV,473069,20250713,248232,IUJA,98143194,Y,AUTO-GEN-IUWXQ9KA,95,980954,NS,15,187312.18,803387.28,3240491.42,3207541.18
tx188790489912756535,20250716,6.67E+11,53,CXH,509612,20260209,444966,RBGG,98962332,Y,AUTO-GEN-XHXYF963,37,729107,KS,16,-891541.54,237285,783545.2,830443.16
tx940797080645543533,20250623,3.16E+11,69,GJX,752853,20250613,819627,GBOR,91821052,N,AUTO-GEN-K538Z3EI,20,257320,UU,31,-34819.98,-902123.85,844937.87,867142.8
tx695762326490596335,20250616,1.08E+11,35,FLG,530579,20250927,168494,AXRB,23634716,Y,AUTO-GEN-LI5IG3MK,24,336762,ZU,65,207101.95,32339.13,1221651.68,1254234.46
tx014748575382143164,20251017,7.29E+11,74,RBS,603160,20251116,132789,UWQN,82355220,N,AUTO-GEN-0A3E68W5,92,660624,LM,52,-221920.56,-168938.6,2144215.37,2104180.58
tx293939542547183830,20250704,2.73E+11,56,KPR,989468,20251010,962903,VMTL,33551056,N,AUTO-GEN-GQBHKOZJ,74,141246,IT,36,-448153.53,-510077.27,71045.63,80135.23
tx576945826108516687,20250619,3.87E+11,43,MFO,919445,20251025,104078,GFHZ,21654907,Y,AUTO-GEN-TMVAKS84,84,808206,NT,73,-174482.71,365204.23,3296015.67,3247770.86
tx618354316358050350,20251029,9.68E+11,86,IUP,243335,20260117,542393,NVXQ,90366687,Y,AUTO-GEN-JARQC6SZ,52,365958,PS,61,-516047.56,850840.94,3895338.36,3904922.35
tx723905341241051940,20251021,2.03E+11,71,VOP,428833,20260307,618106,WUDH,12174714,Y,AUTO-GEN-CXW4CVAL,67,722269,VM,98,-493453.76,-366036.73,4945800.71,4908807.7
tx285663510850517846,20251107,5.17E+11,99,WBQ,517065,20250320,948853,TXCY,97228264,Y,AUTO-GEN-2HAUIN1C,20,885578,XZ,72,-710736.9,511491.84,1255487.41,1257564.97
tx979088620010557331,20250630,1.77E+11,68,JBE,552303,20251018,638128,XZSB,62634235,N,AUTO-GEN-VGC9S75D,11,175623,HH,73,-477063.22,559404.83,2062842.42,2039827.97
tx721191619199374744,20250504,4.71E+11,88,CSI,919644,20250327,110797,XNKL,50041134,N,AUTO-GEN-VK8UC30R,32,785403,FT,50,-156782.48,-946815,2781298.53,2755699.51
tx963105565465409191,20250601,8.55E+11,77,YQM,754832,20260101,494608,CCYQ,56233627,Y,AUTO-GEN-LPLUVGH9,24,348876,HU,60,-209454.3,82605.08,2796344.51,2818602.52
tx146000408465868361,20250517,5.28E+11,72,IZS,826910,20250914,771254,WXJR,18035192,N,AUTO-GEN-VQ7GGJOZ,26,164968,QN,52,-654297.85,-878131,498470.62,489704.53
tx457927288963817382,20260107,7.37E+11,40,NHT,752745,20251006,231429,QGXH,61281856,N,AUTO-GEN-57AM6276,94,860488,SX,70,495511.13,400405.77,3422707.38,3373265.76
tx544889672356828223,20250918,8.52E+11,25,EQI,902358,20251208,285507,VMAT,69475292,Y,AUTO-GEN-XXV3HFE9,98,524603,VB,30,854115.35,-644140.14,1593555.86,1597562.14
tx999696462069761727,20250510,2.86E+11,27,MKW,893390,20251104,310232,HYPJ,32409042,Y,AUTO-GEN-KD6DYEAY,74,537825,VY,19,-897842.47,184763.97,3562788.2,3593012.73
tx411904521479095101,20260121,6.97E+11,86,JCH,282788,20260114,713567,FHNT,46758829,N,AUTO-GEN-M3ZBK28Z,79,639729,EI,26,-360630.15,363573.65,3434657.53,3404156.69
tx876633489773710610,20251011,2.68E+11,20,DJA,595035,20250429,985388,XUJW,10472970,Y,AUTO-GEN-SUGWRN2L,75,767356,RM,21,-129449.68,-389521.39,2206773.71,2198421.14
tx976507847883827142,20250321,6.44E+11,16,GEM,477681,20260126,110349,PRBU,61114815,Y,AUTO-GEN-IBD2DS0N,35,179132,CU,96,623499.79,-360500.13,4413478.51,4420841.11
tx333647500588382224,20250316,8.52E+11,52,SVD,677118,20250722,868149,YJDA,89577805,Y,AUTO-GEN-ZQAZ144Z,83,511163,XO,16,333106.1,-389025.47,4499938.83,4524234.16
tx777995844958458075,20260228,3.05E+11,11,LTR,517913,20250413,125784,BSEB,72522071,N,AUTO-GEN-MKFY7CZK,69,389068,RO,47,-31023.66,-80252.22,408452.54,389840.31
tx422714525122373590,20250328,6.62E+11,26,XMN,868602,20250907,889341,OGKC,31674091,Y,AUTO-GEN-7RMHNS7W,68,976393,KH,72,432359.81,151359.87,947873.46,945609.04
tx118506282301815292,20250923,8.46E+11,25,EYG,617408,20251130,101898,BKOO,64712902,N,AUTO-GEN-8ULTZE50,33,934694,MT,66,159323.98,-858511.16,3878601.91,3876839.97
tx755993928061246415,20260217,8.69E+11,95,WRE,560304,20251226,458999,LFIH,75090303,Y,AUTO-GEN-OS3WI4N2,33,438852,PS,40,-984793.52,-649789.49,3287945.13,3312382.49
tx795776560074402344,20260223,8.58E+11,74,ZKG,788799,20250311,253117,SQZL,29097257,Y,AUTO-GEN-USJQW0JE,39,346313,OW,54,-751366.31,-979331.34,3190756.23,3141943.08
tx135071117940085333,20250420,1.63E+11,58,BRL,132398,20260111,240948,VJAZ,92532242,N,AUTO-GEN-6Z0A8TZ7,34,776170,AY,45,220113.97,-635780.95,2584227.44,2599941.63
tx879809530338975754,20260109,3.72E+11,90,PCS,272612,20260107,775921,QAUJ,55270877,Y,AUTO-GEN-9QD2386B,47,491097,WA,42,-232748.87,604317.07,600022.3,591527.57
tx655385182142686477,20251029,9.09E+11,92,JPO,971771,20260215,264686,GQUO,86886178,N,AUTO-GEN-17M7FQ9K,73,554006,JY,91,-736578.38,870949.36,3952242.88,3968410.41
tx671521570388328659,20260106,8.16E+11,53,XMQ,832667,20250616,698969,FUDT,71315231,N,AUTO-GEN-LJOLFIIB,41,913073,AR,14,-40382.38,18907.01,3809536.74,3858556.79
tx381415167159484492,20250313,2.31E+11,13,ADJ,533518,20250913,836912,JVPS,24184044,Y,AUTO-GEN-WIN05Z5U,77,775970,OO,13,-353531.08,-809108.77,1109110.07,1157430.53
tx799157701019431117,20260224,2.76E+11,14,JUQ,620680,20260122,601136,VWVW,67353688,Y,AUTO-GEN-NNGTJROT,97,680764,TG,20,-474822.62,-432492.3,2994202.45,3002748.05
tx052739872409342228,20251127,2.83E+11,80,CHQ,407493,20250918,340293,GJZD,70580136,Y,AUTO-GEN-OJXO5Z9L,19,798801,CH,89,592949.89,-420181.75,2654415.51,2702060.32
tx104236820231476093,20260201,3.27E+11,12,DTC,925199,20250923,404151,MOPJ,42338904,Y,AUTO-GEN-74YQH118,64,934718,CR,42,197965.37,-39240.89,4984338.09,4999963.73
tx760927288890923853,20250506,4.64E+11,64,WYN,205085,20250809,723071,TGDQ,85202970,Y,AUTO-GEN-F5YTIU1W,39,382363,HP,11,286058.8,778431.62,144602.61,162297.69
tx571145509298158019,20250923,7.47E+11,16,SEL,239240,20250903,592093,RRAD,80231546,Y,AUTO-GEN-05Q52FLW,88,817745,TJ,19,992101.63,387336.05,1795850.67,1770122.1
tx264829131455929104,20250705,1.16E+11,49,MCA,290975,20260205,841178,CBGK,67442760,N,AUTO-GEN-1MFFCA52,11,885985,HY,41,75389.36,-340753.02,4304783.3,4265447
tx531823437041034828,20260228,5.12E+11,88,JZX,504099,20260306,452524,KYLS,43662891,Y,AUTO-GEN-DB3EE5KU,27,770861,VN,94,899206.23,576879.7,3914273.97,3936117.46
tx895762863030894354,20260304,3.89E+11,66,CHS,774928,20250727,827623,FJOA,70329310,N,AUTO-GEN-9JYJ5LT8,36,849260,BN,15,-354920.4,361401.94,3329141.48,3345015.57
tx631115553323036325,20250309,9.40E+11,61,CUG,794870,20250806,265944,LKGD,73033002,N,AUTO-GEN-CSD45QZ1,34,777907,WR,43,-34202.24,-19625.81,1263395.94,1275800.97
tx584541598221245930,20250812,1.31E+11,57,NXK,365062,20250707,685948,FNOZ,89555754,Y,AUTO-GEN-WAADHRHZ,62,547095,KO,25,526298.52,67106.38,969902.29,946471.41
tx101865743199867368,20250809,3.66E+11,39,JXT,422182,20260121,322864,GKID,44414341,Y,AUTO-GEN-YY2HI0JD,87,420697,RU,74,-724188.79,17291.42,1785011.47,1776214.21
tx783918416673604466,20250514,1.58E+11,83,NNG,809148,20260301,705848,GLSR,72788781,N,AUTO-GEN-IER5T98B,85,452745,KP,87,137997.42,-71763.54,2446506.57,2439768.21
tx213216147695387936,20251002,7.41E+11,69,CHA,511747,20260201,125502,GLKL,53101359,N,AUTO-GEN-FN4WPM0E,66,299127,GU,24,940951.19,182060.88,889005.52,924086.71
tx082780976279932840,20250918,1.44E+11,26,CAT,596684,20251005,953931,WIGY,55156640,Y,AUTO-GEN-L0SV0710,20,558649,QZ,64,275873.02,954386.11,2688813.27,2674291.2
tx422290936149120955,20250412,1.80E+11,86,LJQ,544963,20251022,888002,LDZQ,35451224,Y,AUTO-GEN-G0OK1Q9D,13,931840,NR,73,-453840.13,423916.31,390134.29,419350.97
tx708601094446977174,20250724,3.11E+11,14,BOP,587342,20250504,563958,BLDF,79514767,Y,AUTO-GEN-FO9ITD0S,86,119305,FT,13,892928.33,765447.42,2772721.03,2732275.8
tx022228039562191966,20250928,6.30E+11,43,TWJ,642227,20251101,214556,LIPV,84771012,Y,AUTO-GEN-0O8DBZWV,66,834741,XF,20,-616839.41,-586160.27,1693261.8,1734041.51
tx162900848945496516,20250605,6.14E+11,55,ISZ,249013,20260201,921433,DAXR,65099849,N,AUTO-GEN-2VYEWWW2,66,212935,QK,45,594404.93,456283.1,4004809.7,3993932.63
tx801132438753755904,20250910,3.00E+11,62,KQK,285934,20260128,214661,NCBA,58587157,N,AUTO-GEN-INT5ZS66,71,635107,WM,67,858740.21,-409367.09,2178477.55,2167768.4
tx898000770759349453,20260201,2.19E+11,20,HPX,348771,20250919,974505,DOOY,99004326,Y,AUTO-GEN-OU53K65S,52,674414,DT,25,1403.15,-614442.83,832019.24,855958.77
tx359718174329093915,20250708,2.21E+11,50,DWR,322813,20250918,236105,ZRBQ,52449953,N,AUTO-GEN-Y96SBPFO,77,547743,OY,52,830118.31,651309.47,927400.29,908117.38
tx259076824304821719,20251230,6.76E+11,83,YMV,728090,20250531,658376,CJIH,84650986,N,AUTO-GEN-1L3C26C2,64,200938,CP,97,-134560.33,323338.65,2870791.65,2873939.28
tx094726219087811814,20250819,9.62E+11,75,FBG,880602,20260117,495576,EXJH,16176234,Y,AUTO-GEN-GZICC9ND,97,440361,PV,28,518395.93,766894.64,2557164.63,2542716.77
tx992897220601509992,20250702,1.02E+11,22,KDR,988513,20250526,895738,SWKW,52330434,N,AUTO-GEN-CVDFYCCR,63,914754,UW,91,470470.55,648865.37,3134218.62,3091777.35
tx796737589472692772,20250309,1.41E+11,12,DMP,237219,20260128,762816,LRDI,27362909,N,AUTO-GEN-PUPPCYD0,18,165048,VA,25,-789946.38,8546.97,3298251.02,3309630.08
tx717411739310523428,20251122,5.93E+11,28,JZG,581340,20250610,431348,BDON,70622618,N,AUTO-GEN-W21FX1VA,84,428012,CV,24,749519.77,628377.07,1047773.79,1059918.49
tx782150001749608269,20250819,1.82E+11,55,YZA,832597,20250518,838553,SBMF,38641640,Y,AUTO-GEN-55117C3A,72,446850,JQ,84,476879.52,-779629.62,1710272.28,1718457.8
tx014938601090319312,20260302,7.20E+11,49,NAU,357205,20250405,809781,KHZL,22384728,Y,AUTO-GEN-SM4234KO,86,722722,WY,18,687208.21,-817571.46,3477564.39,3486499.03
tx212099562943030129,20250610,8.10E+11,36,PTY,599171,20250923,357797,OFUV,85736252,N,AUTO-GEN-KVCA5WF5,41,881264,ZQ,68,410153.56,-594153.17,830004.15,838477.9
tx967069065632322393,20260308,5.76E+11,98,HBQ,889280,20251203,934504,ZRHZ,49858033,Y,AUTO-GEN-D5Y90T85,61,218177,OW,95,-328399.28,-441110.97,2394653.91,2348992.03
tx179107325655195513,20250417,3.52E+11,99,YIC,198860,20260217,984823,RYBA,30191244,Y,AUTO-GEN-0TX7V2V4,34,242824,OQ,27,-712017.44,-220297.17,3036803.4,2988102.13
tx263486125691333076,20250414,8.45E+11,79,PXV,383855,20250728,317165,KJRM,83683767,Y,AUTO-GEN-XHULIVC6,29,747658,PJ,92,-937308.22,-311159.15,3314099.62,3334767.49
tx015149514626432727,20250805,6.50E+11,76,AFX,159541,20251018,973127,UZCW,29582480,Y,AUTO-GEN-Y10HJTM7,84,965292,VD,21,-568068.81,-202667.26,1888943.19,1865757.61
tx356323066285498011,20251007,1.90E+11,47,PVN,755838,20250316,368846,HOIW,79175372,N,AUTO-GEN-6VB1FQI9,63,293748,MX,82,807389.5,809099.52,233733.58,248829.21
tx343678624235570429,20250525,2.90E+11,32,WYP,702020,20251203,454442,CVKL,18018723,N,AUTO-GEN-QC9YA44T,12,407360,XK,14,-374793.78,-263548.12,1291614.2,1252892.76
tx723857649908308341,20250714,3.57E+11,39,CFT,933102,20250918,426077,IVNK,32121175,N,AUTO-GEN-7AYNN98I,50,438203,HK,17,41005.13,-810826.74,3926254.83,3958142.24
tx130385872391370406,20250430,1.63E+11,33,NTZ,630806,20251221,394815,YJIG,20699251,N,AUTO-GEN-B48EKMRL,32,341275,BO,22,-456329.78,-11407.82,110106.02,151476
tx747824898340834681,20250913,3.49E+11,34,LBQ,310025,20251205,228031,WUKV,68666784,N,AUTO-GEN-V0YF8ORW,87,510242,LC,96,-493649.47,110447.47,1555204.41,1515518.44
tx732953611674155760,20251201,3.03E+11,67,WWN,653441,20250730,354680,CUOH,54657734,Y,AUTO-GEN-Q6SD2VKN,65,516439,RG,72,-27598.33,-875064.15,2352560.15,2374487.72
tx419083903318117311,20260106,9.28E+11,18,KMI,592928,20260112,128759,CQXD,60908488,N,AUTO-GEN-GQNPPJVA,64,855310,KO,14,585535.55,-637886.15,1201135.79,1183083
tx949591273447570959,20251014,5.68E+11,51,KSL,763810,20250731,748129,GHIG,85198547,Y,AUTO-GEN-ZB27CCXV,68,947053,GW,38,-297754.7,713096.11,3640697.28,3659938.31
tx244456606862839448,20251012,8.04E+11,74,DKB,956993,20250408,910134,TBIC,98453134,N,AUTO-GEN-B67RZGJB,13,393343,UR,63,-205285.59,415629.51,2561774.99,2602308.26
tx862005596253985310,20251025,7.59E+11,91,CNZ,574004,20250311,889115,CHNI,10980655,Y,AUTO-GEN-F9OWZ3M2,46,986885,WR,78,-405564,862951.62,1773750.51,1745582.27
tx692728920621591382,20250619,7.36E+11,48,MFO,249718,20251214,623840,URJC,28332957,N,AUTO-GEN-N6SGC8DB,88,550899,WX,14,-283868.51,-988985.77,1110305.72,1075218.32
tx618866618128827848,20250813,6.25E+11,35,YWL,753887,20250815,360388,HZMG,24183511,N,AUTO-GEN-1C0ZT9GH,78,408504,YL,14,537439.29,-120579.56,2946544.76,2964549.85
tx778445337584045173,20250814,7.31E+11,65,NGF,283271,20251117,348593,BWJN,46393520,Y,AUTO-GEN-OLQEJ2CS,82,773545,FS,32,-643372.31,556489.53,4831251.08,4818913.63
tx913001744161283197,20260110,6.24E+11,77,RAZ,154772,20250816,846436,CHLX,24843297,N,AUTO-GEN-CY51RGPF,30,770290,IR,17,-497678.67,-487832.99,4647772.73,4614456.19
tx541581851597597741,20260110,6.38E+11,45,JUD,419418,20250319,247548,JVPK,19588905,Y,AUTO-GEN-YO4R61XC,55,318657,ZT,66,-681673.66,975831.58,1479471,1477303.3
tx327640532834799192,20250830,1.87E+11,77,LXC,355585,20260126,633271,VJFP,51790860,Y,AUTO-GEN-A9BH5ZIY,58,417711,EE,76,507569.31,35064.83,756421.94,804843
tx978518530030292643,20260127,1.97E+11,96,ZPZ,347916,20250624,970663,FSSM,80646428,N,AUTO-GEN-BS5INCQA,95,943132,XC,92,744747.54,845223.34,2111624.01,2095097.12
tx016261204880622826,20250716,2.49E+11,35,JTC,470108,20251204,791239,XHXN,57660613,N,AUTO-GEN-QIZQKM51,16,248920,QH,98,147279.13,963850.15,2234472.91,2258637.37
tx467586427367955194,20250829,4.63E+11,56,RWE,716443,20250821,790511,NGLI,62860247,N,AUTO-GEN-UOMXUK0K,60,544994,KO,41,-61961.81,-825033.19,4260484.62,4226477.62
tx487320728409942711,20250913,1.26E+11,40,KQE,703734,20250727,835228,NEFV,11421377,Y,AUTO-GEN-239CXNJS,87,887804,TE,84,-92224.07,313363.81,1843063.16,1834547.04
tx872864231698336865,20250418,9.31E+11,63,KUV,124089,20260101,889586,IZBH,63726531,Y,AUTO-GEN-BCI85IF4,15,264970,NK,11,-601349.87,524731.41,3953963.73,3923253.81
tx685194894372856162,20250919,6.23E+11,19,BWM,379092,20251105,100677,NEJH,76308475,N,AUTO-GEN-0FVHR6L3,55,615602,JB,17,911906.78,-601910.42,1848479.22,1861269.55
tx418720350827250009,20251018,6.21E+11,96,HGJ,125219,20250922,486412,VWNF,76936973,N,AUTO-GEN-8GVB8AVP,25,585983,TD,35,-730580.56,-679535.09,2621948.26,2662803.48
tx529226996161283989,20251120,5.58E+11,40,CIE,918250,20251017,276754,CSKJ,13353330,Y,AUTO-GEN-UQSCP4M4,69,773444,GN,80,-878588.53,335308.32,3325074.38,3350391.71
tx234574826007915702,20250614,3.89E+11,96,OUG,981093,20250630,872880,OTJD,35687209,N,AUTO-GEN-9D887BHW,36,635699,PF,72,448099.24,113687.24,471687.51,426096.94
tx430138363687010944,20251021,1.90E+11,70,ZCO,504635,20251221,284267,PCOF,84324656,N,AUTO-GEN-1BIKGP82,75,476845,ZY,71,270645.17,756150.07,685260.58,702600.6
tx264834194218693351,20250630,9.83E+11,47,PWG,190413,20250605,117210,KFXF,44742676,N,AUTO-GEN-DOMYVCQ1,96,108289,YD,60,824067.27,40068.34,1439570.16,1483277.11
tx976266676253623356,20250517,1.57E+11,60,VDZ,487551,20260216,704040,GNVW,80565279,N,AUTO-GEN-9K3RBJHR,27,258987,HE,90,923419.17,612977.49,2050922.92,2058743.62
tx500614690538642801,20250701,8.81E+11,47,SFE,633827,20250520,672960,VLOA,64076699,Y,AUTO-GEN-DGP5L5I8,67,378286,DO,20,963810,-755129.27,2864584.98,2871106.16
tx638015076537205881,20260214,9.84E+11,18,UHF,757192,20251216,931643,MKFU,71901031,N,AUTO-GEN-8A5J15JU,20,685712,KG,35,-780085.15,-27408.9,1361878.75,1403019.79
tx490606121921559772,20250514,4.50E+11,78,MNP,849819,20260304,110979,HWIP,68542514,Y,AUTO-GEN-OQW22MR3,87,317626,QM,26,692743.21,-371894.19,1207488.12,1161893.73
tx722598499947314331,20260125,6.62E+11,19,ZZM,104452,20251104,207430,HEIL,27591339,Y,AUTO-GEN-MV9GSLT8,35,647052,KD,80,-144401.12,-518944.77,3310265.92,3324818.92
tx849767409917080673,20250817,5.64E+11,77,UFP,162550,20251203,377757,YLIK,95834498,Y,AUTO-GEN-UMTZA7TY,97,228377,SR,44,569414.11,-185356.51,1128999.67,1093384.71
tx452141870641230623,20250414,1.00E+12,73,SGM,668629,20260207,435991,THBB,74463048,Y,AUTO-GEN-L7GQ4V4O,96,968359,VH,13,16510.12,563251.67,3728152.11,3731460.37
tx124825213323872450,20260224,1.73E+11,24,GZK,347116,20250824,394375,NWVA,12189675,Y,AUTO-GEN-H0E4PKEY,48,602102,RG,89,-716465.07,-600456.08,4553023.12,4590248.75
tx062826447625281841,20250523,3.75E+11,71,EKY,824968,20251004,991485,SYAL,82866391,N,AUTO-GEN-EOUFHNL0,30,903302,CK,40,-449641.77,-467466.15,4814569.57,4788568.33
tx466082716140788606,20250528,6.17E+11,45,GEK,573580,20250924,541659,EBDS,53437168,Y,AUTO-GEN-BFG70SIT,69,924569,NG,55,-215336.38,-567802.26,1274132.35,1289596.12
tx435411325695826648,20250405,8.85E+11,73,BPM,551893,20250911,347816,ASIS,49172270,Y,AUTO-GEN-N2K1PWK8,13,509196,NJ,95,592442.24,399788.31,3798521.71,3763117.54
tx439793794951647653,20251223,4.04E+11,73,PQV,960419,20250419,713448,EZSE,15903601,N,AUTO-GEN-0JUDZE6E,67,580670,MH,58,-682141.01,-813040.81,4786255.38,4758058.07
tx076849248658554963,20251005,5.24E+11,48,SXM,316520,20250827,307453,LLUG,45122675,Y,AUTO-GEN-NCAITG0S,53,604616,IE,15,-695643.68,-607405.02,3081130.06,3079483.11
tx887860393208553543,20250419,3.17E+11,80,VAY,456900,20260121,255149,YJBM,96620235,N,AUTO-GEN-XB6XTTRF,10,824677,ZT,72,107696.89,-589463.64,1683474.95,1655623.88
tx602215366920527590,20251015,7.45E+11,24,LNX,567661,20260129,844857,FZKM,83011795,N,AUTO-GEN-E2YTQ2RM,12,678797,NZ,10,932959.5,-506347.97,1333897.28,1310929.88
tx922853542987471156,20251012,1.69E+11,34,DMY,442477,20250922,114809,IVPM,33920216,N,AUTO-GEN-N6Q59E1V,57,397114,JT,64,-949122.42,-82299.92,4070444.45,4074328.34
tx741275967907740117,20250608,8.66E+11,24,EFL,380246,20251009,285179,AJVH,72410699,N,AUTO-GEN-JSVUVUY0,99,955994,RR,64,138950.01,-841299.65,673201.53,628118.84
tx000931584559871488,20250313,8.86E+11,75,ZJS,304183,20250920,923908,JUOE,83317665,N,AUTO-GEN-O06OMYGW,49,161145,IO,22,-109437.72,968642.35,4523934.33,4573573.12
tx053899944218757574,20250414,5.17E+11,66,VWY,981875,20250528,675240,SSVA,54213372,N,AUTO-GEN-1Q96OQ4N,76,996690,KT,83,-664535.28,-610833.58,3143580.93,3189885.17
tx378145172286823834,20251124,5.60E+11,56,GTV,801127,20260116,123421,VRIT,45042785,Y,AUTO-GEN-6X9U30CZ,60,794876,WG,89,69472.68,67683.86,2581198.38,2546379.37
tx336134821756453717,20250526,6.77E+11,66,MCE,824664,20250607,203066,OADY,27931182,Y,AUTO-GEN-EGKVV2UD,15,269841,XL,53,-228442.16,-834353.98,1843813.65,1876671.94
tx705997300778320076,20251122,3.30E+11,18,LKE,451860,20260306,102323,POFA,47808925,N,AUTO-GEN-E5Q7JX2D,97,982057,WU,80,988336.69,844394.87,2084313.09,2074040.09
tx841074791293068791,20250404,9.95E+11,42,VVS,408215,20250808,745822,JTZE,85918751,Y,AUTO-GEN-U05BTBV8,87,686310,GF,49,463402.22,-885740.79,1716443.37,1739046.77
tx341058352042684827,20260220,5.20E+11,77,GAA,574495,20250319,320097,QCUM,95161256,Y,AUTO-GEN-GO42BL0U,59,176162,YF,42,-779043.36,791884.76,2877267.67,2881120.42
tx886705867205652193,20250904,9.22E+11,28,KJY,529748,20260109,898295,MIYE,61124363,N,AUTO-GEN-0W7X3TRL,83,253778,QL,31,626161.24,389891.99,3397475,3379739.88
tx244844588025809041,20250721,3.84E+11,42,CVR,796086,20250625,104001,JIER,29935268,Y,AUTO-GEN-EY17UOD7,23,290840,IG,57,303074.41,-152584.11,2564279.97,2567801.47
tx993619205824826824,20250326,8.51E+11,18,VSK,819047,20250320,392652,FCZM,19707207,N,AUTO-GEN-YFAFZW0D,72,858713,YD,22,365716.3,911531.02,1388164.38,1347435.54
tx740107248295835308,20250525,7.03E+11,92,DCW,354370,20250326,752410,TJEG,93371959,Y,AUTO-GEN-343G8NUI,71,334579,MR,92,913282.5,695684.99,340121.11,313636.49
tx410078351990112469,20260127,8.50E+11,81,IBY,982392,20251023,140167,HKEM,27500716,Y,AUTO-GEN-X1XRTIZM,87,162903,EH,89,404532.99,746233.07,2755808.62,2712051.79
tx490566754385599452,20250514,4.79E+11,23,FBB,833874,20260306,182791,HYQY,80435150,Y,AUTO-GEN-CBY1LTPT,49,832294,HJ,71,425995.99,889714.13,4443862.32,4465931.73
tx901958617813718895,20250729,5.86E+11,66,EQH,142741,20251206,926410,RVFS,16468281,Y,AUTO-GEN-7I6W4KVV,70,980392,HV,62,-611564.34,102308.21,1234751.05,1186641.3
tx846217683794712854,20251124,2.38E+11,22,TIR,441293,20250427,225040,CCGC,78965270,N,AUTO-GEN-YCSLN9XM,58,991939,KH,31,477123.88,-843940.92,3710707.56,3721038.59
tx600080993112432247,20251114,5.50E+11,24,SLM,472783,20250604,620996,IICF,81384146,N,AUTO-GEN-PY5UX4FB,36,608728,UE,26,-849517.44,920802.16,4882069.06,4838419.14
tx812753305040941133,20251027,4.29E+11,63,UHW,348291,20260306,300169,EOXO,74579962,Y,AUTO-GEN-KQB7H8V0,93,122735,NB,40,200149.21,-94221.53,2194893.33,2148416.89
tx278352846213165415,20260123,2.53E+11,80,HOA,260992,20250922,147623,HDDU,96186967,N,AUTO-GEN-9HFKXDCO,76,982872,DP,39,211896.65,66986.89,3579359.56,3540677.31
tx017081052710881914,20260104,9.29E+11,46,PAQ,798905,20250623,570616,FZSM,89601568,N,AUTO-GEN-MUFM1LOV,28,246041,PS,61,91227.44,544269.38,3005130.1,2973948.81
tx466473644857841133,20251219,3.46E+11,64,QSL,487762,20251115,174150,FNTI,57389483,N,AUTO-GEN-3QDPJE3S,21,551844,KT,13,-476348.94,723994.79,4087863.52,4100951.52
tx873121712787562019,20251129,4.76E+11,45,NQX,133556,20260214,885588,UINE,20415237,Y,AUTO-GEN-64Y7SFHA,49,582623,PL,60,668596.65,-544632.93,3278759.65,3272330.94
tx215660984614581135,20250703,6.03E+11,38,PAG,958241,20260131,161748,HIJX,35847489,Y,AUTO-GEN-9AK43N8E,82,818259,ZX,47,-81881.03,132940.12,3585364.6,3575684.94
tx945773271571227138,20260105,8.86E+11,52,UJR,275069,20260208,749099,EXAT,11436515,N,AUTO-GEN-Y6PXBSQR,12,749179,IU,81,-103399.44,257049.63,1596807.42,1607346.17
tx402052247617432711,20250826,7.62E+11,18,HWL,843564,20250505,239098,ZWIX,28283844,Y,AUTO-GEN-8RY75T7T,30,449109,HM,69,-901657.24,-104726.54,500089.99,532681.95
tx339767983758097166,20250925,1.22E+11,81,NOI,855651,20250420,101445,WBEE,42216332,Y,AUTO-GEN-72TBK5AJ,67,919229,CW,61,-15785.78,53595.14,867533.65,837894.56
tx604836195289998938,20250312,1.98E+11,63,YHR,714865,20260116,874406,OTWT,46464994,Y,AUTO-GEN-JEGIB5A5,96,271364,VJ,29,-367410.52,604212.28,1860419.63,1873763.76
tx801210434336695883,20260208,7.44E+11,56,VGI,412048,20250328,912341,PRKZ,15333123,Y,AUTO-GEN-8QP2UCUL,51,771228,QS,15,174578.1,-292476.18,3653739.91,3687421.43
tx410117539400386796,20260109,7.72E+11,12,ZSJ,315025,20250409,848394,WREF,40432792,Y,AUTO-GEN-Q2I67L0G,12,856186,NC,24,-540530.89,-109168.36,1270173.61,1276300.81
tx362755781263389804,20260215,7.21E+11,63,VVF,898201,20250510,832376,XNXW,40245736,N,AUTO-GEN-1K3WX147,71,963955,WI,32,208977.8,-202762.92,1585884.3,1555613.66
tx662473294506320187,20260114,3.32E+11,53,QOW,835345,20250821,147046,GOPJ,28598563,Y,AUTO-GEN-XMHQ5VOB,14,997940,LW,59,-24774.62,-776173.06,3133441,3178749.83
tx202293202491476074,20260221,8.70E+11,91,BFB,713012,20260227,262162,FKEW,41264837,Y,AUTO-GEN-VJ86L04F,39,910493,MY,30,227463.41,805471.95,581158.53,595970.79
tx617602013632747704,20250519,8.92E+11,12,UWK,892186,20250529,991571,ESDE,57683865,Y,AUTO-GEN-FPV8E4O8,49,515166,LG,67,688454.63,-846998.04,4476650.85,4437397.39
tx924540320543014733,20250628,3.23E+11,30,BRX,392832,20250529,245663,THFK,57889114,N,AUTO-GEN-IOOJS2SN,30,337122,PP,42,-40805.68,863089.56,552458.78,515491.79
tx705176097209253768,20250309,6.39E+11,80,HOA,556702,20260220,248446,EKHU,14814287,N,AUTO-GEN-KQVANQOW,57,635397,VA,21,-405789.53,-685998.44,4892176.73,4879646.34
tx836633454791820707,20250518,1.87E+11,52,ORS,880888,20250919,790105,QABT,88424435,Y,AUTO-GEN-9K2TJAJX,79,400862,RD,24,-778868.08,399975.37,2312753.61,2299883.19
tx345973399415153234,20260219,7.72E+11,32,HXT,381871,20260206,172326,ZMSN,94061438,N,AUTO-GEN-FK6LR60E,18,890144,EL,64,634379.6,586851.59,4977830.39,5017506.54
tx916116302236101254,20251203,1.36E+11,57,FPU,616906,20250428,989492,WQSK,12594479,Y,AUTO-GEN-EVSE17P2,71,163408,GW,64,-993130.25,-285140.85,2891208.58,2848450.19
tx244761358844775063,20250611,9.04E+11,35,XII,561697,20260128,308720,ISSG,44094461,Y,AUTO-GEN-7LSJ0BYY,31,134417,WY,32,-643961.26,304781.71,4603708.02,4602684.96
tx926168728388675126,20250715,8.72E+11,52,SSF,472804,20250629,969492,RKVD,19406777,N,AUTO-GEN-F2V49LLX,24,640781,IB,59,526899.3,-785449.15,2253587.9,2259296
tx765084491684954140,20250718,7.60E+11,20,WXC,841042,20250410,783748,RYXQ,31571244,Y,AUTO-GEN-7VDAHAXN,35,933375,CZ,88,359658.02,30619.36,2966124.64,2952036.63
tx384075811668683605,20250521,9.86E+11,95,JGC,907544,20250601,825883,QGUL,57561900,N,AUTO-GEN-KQCU56NH,34,998347,ZE,62,-996554.68,-551412.08,1509149.95,1528924.07
tx191460317679412570,20250915,4.27E+11,13,CUN,290632,20251217,192449,IIAD,38646553,Y,AUTO-GEN-PBEAC9TL,93,774012,KN,46,909649.13,-612343,3971240.51,3970165.7
tx293321482951663918,20250810,2.62E+11,93,VKC,605669,20250829,892372,LLCT,40885967,N,AUTO-GEN-2R0YIWWF,69,251188,YF,23,-749095.76,-160939.64,3385496.56,3364488.55
tx923029756994097808,20250608,6.46E+11,77,KBA,193539,20250622,851941,YYOZ,93412582,N,AUTO-GEN-47IHKLQL,89,984406,DC,91,-863591.08,-584643.11,2572967.81,2584924.43
tx827283880008389759,20251202,9.94E+11,68,WEJ,939462,20250821,448371,EJGG,57624755,N,AUTO-GEN-KCOQJW48,35,636387,NZ,28,313987.2,-204705.63,1800010.74,1771643.72
tx965827918611319839,20250801,6.48E+11,81,RPN,247589,20250605,611860,HKWW,91236533,Y,AUTO-GEN-0PIRYKS0,41,715877,YE,22,-815186.75,340727.73,4556577.45,4524141.02
tx262657447339335939,20250720,5.29E+11,92,TZG,930402,20251217,580871,ROUV,29164051,Y,AUTO-GEN-5OB8ODMX,46,848653,UU,95,958055.37,-397051.96,4155750.32,4166534.01
tx587694296247258346,20250924,4.59E+11,73,VBP,428318,20260109,511555,BIGS,97318905,Y,AUTO-GEN-0Y88GH2H,84,193053,HI,46,990491.94,603474.11,564635.21,540054.89
tx147668178082806194,20251022,2.35E+11,55,EOX,639976,20251212,913299,YJHN,78547538,N,AUTO-GEN-8J984DWW,14,962174,YC,64,932538.99,-867900.11,1717891.22,1754184.69
tx985250799405773718,20251210,1.24E+11,16,COR,760939,20250803,715939,EAZH,19761106,N,AUTO-GEN-V8WZXDDX,61,277459,UC,79,-811359.66,764851.07,2097978.53,2077639.21
tx728566910890968898,20250310,8.78E+11,45,CSL,646205,20260113,865701,QXBB,86954883,N,AUTO-GEN-C4QP1K9P,71,992082,RA,39,839396.83,-889778.25,1180125.9,1212936.95
tx193879706498215720,20250903,1.12E+11,31,SAN,638183,20250430,874206,VSUQ,61321872,Y,AUTO-GEN-6Q23HUNR,48,484347,EN,64,-399631.68,683666.25,2238509.07,2213437.1
tx612044196925304761,20250822,6.12E+11,75,EAP,821745,20250612,861808,YIBW,83536430,N,AUTO-GEN-IRWBA565,89,214483,GX,66,-585647.22,544613.49,2326103.64,2291648.22
tx352686898498348451,20260130,7.99E+11,19,GFZ,516306,20260226,382304,TFYS,14636892,N,AUTO-GEN-AARKGLBD,50,652703,WV,82,-323460.86,225867.43,3860679.99,3848900.76
tx825052559065621962,20260205,7.29E+11,79,IFP,955269,20250322,223749,RITN,61910843,N,AUTO-GEN-37K5Z6OX,59,600443,HV,91,-701767.81,244781.56,295093.34,278148.59
tx641299566792707736,20250710,9.43E+11,84,SQO,444420,20250714,377386,LHJM,14036975,Y,AUTO-GEN-OM24BMVI,45,460272,JE,63,-127604.21,626051.02,560204.73,531110.67
tx589129134154744287,20250623,8.73E+11,83,ZPI,240826,20250316,910716,AOWI,36231367,N,AUTO-GEN-CLX2D5AH,70,914887,BF,29,374671.23,293831.94,3096072.94,3110137.74
tx268847815248902917,20251007,6.98E+11,65,LZZ,259050,20250730,888616,VRFH,28653093,N,AUTO-GEN-UYKEW67G,38,263748,JL,65,-176462.84,556616.28,4257732.3,4284750.22
tx962413462834602543,20250903,4.49E+11,44,JXB,785395,20260109,118314,UIYN,54650364,N,AUTO-GEN-J521BRRF,32,452272,OL,87,685417.37,633586.98,4319138.34,4280457.36
tx518743081275588707,20251018,9.84E+11,81,YDX,194387,20251024,594552,URSW,63776700,Y,AUTO-GEN-DMQW1VKM,17,457931,BO,38,-863166.52,368759.74,3229011.84,3191640.32
tx973551582602393555,20260210,4.53E+11,83,TXB,882604,20250530,934819,PLGP,60360403,Y,AUTO-GEN-NVXVLMFO,78,448673,OG,21,-313358.7,11874.11,3728549.46,3770595.98
tx431755153585760638,20250808,7.10E+11,93,EQH,139573,20250723,393006,RSRF,65138593,N,AUTO-GEN-1GUDDSN9,20,212024,YG,89,-800687.97,197817.76,3873732.37,3903154.95
tx425902240024039822,20250525,4.61E+11,31,LCE,251558,20250716,194656,DOCS,43059222,Y,AUTO-GEN-762SG0CQ,16,455638,YU,85,127442.4,-864457.3,3144757.15,3194157.16
tx059777376331946174,20260205,4.98E+11,82,CGQ,309746,20250404,994330,UXAX,13983574,N,AUTO-GEN-PYO1EICX,36,400204,RJ,86,92265.9,-599448.76,279027,294847.93
tx699936053468296760,20251112,3.13E+11,50,WND,504894,20251114,730651,FKDM,86639639,N,AUTO-GEN-Q9QBJ14T,98,115474,ED,15,-729754.86,173563.12,4241132.82,4267121.92
tx158360482675841614,20251011,6.63E+11,68,HEN,150400,20250516,102408,RXNR,14617402,Y,AUTO-GEN-OMOI99FB,93,660454,SS,16,192423.6,-991638.3,4193575.35,4210137.93
tx119836236399303029,20250831,8.24E+11,24,MSF,136284,20250507,631652,ZCWH,22075038,N,AUTO-GEN-G958AKTU,59,215517,UW,15,400431.03,-151246.53,1123548.96,1127700.17
tx151299445103477961,20250517,4.69E+11,51,XWY,438859,20250621,100285,ECQT,87748372,N,AUTO-GEN-90UZORRX,86,858048,WW,83,-240204.9,838840.06,1484222.37,1473744.92
tx700597363344016521,20260131,3.46E+11,36,LWK,466586,20260129,992032,UATK,16330998,N,AUTO-GEN-1OIC11DW,34,285028,OI,12,-190194.5,-683541.3,3945693.29,3969314.88
tx452590268101088237,20250817,8.45E+11,53,IAT,912425,20250622,140078,TORT,23489658,Y,AUTO-GEN-S3XADOKR,27,396810,KH,73,831032.83,-339565.29,3666800.86,3671953.49
tx406087122444412606,20260129,5.27E+11,18,VGR,318294,20250907,659636,INAM,32328849,Y,AUTO-GEN-U7QFSM4I,47,772730,CE,66,-627991.79,49845.45,2914874.2,2874888.56
tx501546187354887812,20250911,5.63E+11,16,QUK,980104,20250910,859582,YWUK,46832263,N,AUTO-GEN-A6O1ECQB,66,799236,KI,84,680183.44,2560.24,3374781.38,3330104.02
tx120476099084185642,20250421,7.08E+11,85,QMG,491330,20250317,804015,CPSK,92286840,N,AUTO-GEN-MA2PQ6XI,44,990104,WU,17,-490442.04,191765.14,4510565.41,4531871.21
tx930271069769809994,20250404,4.02E+11,34,ARA,817610,20250505,537077,RHYY,34451741,N,AUTO-GEN-DU8IDAL0,14,197459,UZ,69,-942429.2,-269150.49,2712615.88,2712115.45
tx666476582276580518,20250712,6.92E+11,80,RLF,892399,20251220,764080,MRYZ,62107388,N,AUTO-GEN-YSAV5JWF,45,236565,YW,92,889509.82,236277.54,3428341.49,3468663.07
tx564403408890175945,20250310,6.60E+11,78,OHA,437903,20250929,865312,PVOL,97396744,N,AUTO-GEN-PNG3V43S,27,925657,WM,12,656892.3,17617.96,1623092.13,1611480.05
tx152633447005589957,20250813,9.77E+11,64,ZHX,203428,20251102,912478,YHPZ,85937587,Y,AUTO-GEN-GP0J8GT3,28,549699,SQ,44,613381.31,408415.63,4678722.63,4666757.11
tx944787975339516748,20250313,9.72E+11,51,CLH,692340,20250416,912434,QMRZ,34645969,N,AUTO-GEN-ILBY32RW,77,567117,AF,60,-356334.32,889464.89,4097348.41,4098176.6
tx482836758301351173,20250416,3.18E+11,77,HOY,417465,20250510,106208,WINW,49755056,Y,AUTO-GEN-9IIG2NCI,39,227955,UA,30,-934609.64,556381.81,1786692.16,1815097.45
tx908836851744519621,20251012,2.07E+11,80,ZXN,325665,20250331,227579,QIQS,87719168,N,AUTO-GEN-DINTMA76,37,812175,PV,90,-217106.26,-508466.27,435805.62,441806.86
tx663418635750567245,20260205,6.19E+11,55,NUU,310849,20250707,730046,XJCK,88058185,N,AUTO-GEN-SQ6PCWI7,31,735157,QW,88,212135.82,-256352.99,4287681.58,4331301.97
tx202471837675495021,20250927,3.79E+11,72,INA,827483,20250410,796603,HWPT,17311654,N,AUTO-GEN-U1IU31QG,68,408698,YG,75,-166469.26,-340708.22,4415598.36,4394245.54
tx277317862836270078,20250523,1.42E+11,70,SVZ,688210,20250404,154568,JAAX,19202480,N,AUTO-GEN-NUL6LJU7,57,159150,PX,63,264470.62,-168575.85,1802373.96,1759709.11
tx158324901452798866,20251015,7.51E+11,45,FRK,324437,20250321,904834,AJPN,95091297,N,AUTO-GEN-OHIP25PU,43,543750,AQ,82,836869.02,-993661.14,3220459.56,3211684.29
tx932961403092041438,20250330,6.62E+11,54,DKC,119544,20260225,650254,DQQZ,60474816,Y,AUTO-GEN-RBM8ZHBZ,84,148253,RE,32,306550.06,-81876.95,3241356.39,3244203.42
tx674707951354871870,20260114,4.63E+11,81,PFH,745461,20251025,979479,GSYR,46448866,N,AUTO-GEN-6ZQ8RTBV,36,366631,HL,34,813250.76,-813478.24,49135.42,53897.55
tx495495492914403791,20260308,8.93E+11,52,CVG,265787,20251002,783968,SETG,15500248,N,AUTO-GEN-L7J2ABBI,93,220555,PZ,13,-909530.89,-772264.13,4270211.04,4254328.09
tx036844830846136060,20251223,4.98E+11,58,OHG,991819,20251114,552211,RSTJ,89851516,Y,AUTO-GEN-AZCVBLOR,67,625683,GD,37,-165328.75,-755094.69,1918143.16,1905870.04
tx100409497971395261,20260226,7.58E+11,60,PSW,837709,20250319,157241,SMYE,10093324,N,AUTO-GEN-M9LYUSZ6,61,691767,SA,22,977405.21,165968.31,3561270.9,3532563.15
tx111452575032293226,20250717,5.31E+11,93,JGZ,250787,20251231,220561,KCPF,50502289,N,AUTO-GEN-W8DHAFN8,23,778936,AL,15,-628456.86,-960713.28,2358929.15,2360137.12
tx002321610040720929,20251128,7.67E+11,50,QTI,341820,20250524,669974,AWSP,18175719,N,AUTO-GEN-YYUMD5DB,31,103135,RN,80,-807966.37,-428518.81,1492456.39,1542229.53
tx789488243541582617,20251125,2.42E+11,50,TLZ,930830,20250917,698854,MGZK,63911555,Y,AUTO-GEN-GFIO0OM5,53,993877,PT,25,-881119.62,733590.15,3261697.24,3269113.48
tx589003009880828599,20250509,9.70E+11,86,PYV,568247,20250724,192908,VAVI,32888124,N,AUTO-GEN-QO7AY1M0,36,450054,UY,65,237030.82,120518.78,3685908.37,3710046.36
tx047348009331020050,20250615,2.63E+11,69,DHW,621673,20250722,196962,FRMY,55539125,Y,AUTO-GEN-C3D5Y1UO,79,755301,PD,83,567560.25,-477037.33,1779230.72,1812152.5
tx766217605922334769,20251021,8.61E+11,66,TSL,716261,20250930,362690,UGUS,48987445,Y,AUTO-GEN-NBNDLVHV,71,892101,YL,95,-840479.49,176023.67,764840.24,722204.94
tx071950247907951086,20260207,1.54E+11,83,PCC,654562,20251022,973083,IITE,39126331,N,AUTO-GEN-YEJM7TW1,44,387403,GR,53,167232.63,822782.01,1634674.1,1682464.75
tx537279687535415456,20250915,6.17E+11,21,BUB,739802,20260209,461704,UVJW,30824529,N,AUTO-GEN-10U3WVNG,49,342096,FO,81,572387.04,-59293.12,4647768.72,4682761.73
tx181466046818061301,20251003,4.18E+11,31,DJS,593799,20251017,733516,HYHD,80097349,Y,AUTO-GEN-OLSMGXLS,84,532489,JP,18,-556477.56,352902.22,3468233.53,3461864.17
tx589559389206180609,20260102,4.33E+11,75,GVP,341852,20260127,536051,FJFY,64915367,Y,AUTO-GEN-FKBWF62R,40,271723,MI,86,566466.82,682056.52,1358586.2,1351353.66
tx664482702611745637,20250502,7.17E+11,69,SLU,170547,20260218,254165,ZCEV,73386755,Y,AUTO-GEN-5J6OPJDV,48,617300,BK,23,-746472.39,328823.46,259200.93,250712.64
tx807366142144572611,20250425,6.06E+11,85,OLJ,233915,20250822,618928,VVUN,53974846,Y,AUTO-GEN-PU4TORFO,94,436963,KS,79,487712.94,846781.63,152104.6,122141.79
tx026153365675285550,20260104,6.48E+11,43,AWN,506607,20250721,156048,XPDP,95842983,Y,AUTO-GEN-15KH3VFC,90,139193,HJ,89,899776.01,-269066.53,1804351.64,1851730.97
tx595929583540026680,20260107,9.14E+11,49,OKS,982288,20251012,533958,UFFJ,90003446,N,AUTO-GEN-LQX9RUGR,62,633532,MY,70,-441862.8,-870152.69,3058517.5,3033171.23
tx067237152179896564,20250315,4.54E+11,42,LIF,255311,20251031,873630,SZPB,74842996,Y,AUTO-GEN-0WHMKV1F,26,934971,XY,14,312159.72,249963.63,4853789.75,4808369.32
tx063355964321120736,20250414,7.38E+11,19,IXU,308375,20250428,381123,ZJTB,33507378,N,AUTO-GEN-UXUE1KQI,89,253343,XR,60,-292503.97,-864310.95,4067901.23,4023446.04
tx744188200494893483,20250607,2.77E+11,35,PUQ,776006,20260309,385594,AJNZ,70946369,N,AUTO-GEN-12LHHYX7,43,582556,AI,97,-593940.79,-592657.71,16334.85,0
tx919601418750483847,20250729,4.98E+11,69,LUW,541566,20250520,564835,RVXV,13833753,Y,AUTO-GEN-0YELPUOC,64,980089,UN,16,900491.1,354321.76,3371163.88,3324879.51
tx490015388640507550,20250624,8.51E+11,91,EBX,998653,20260221,913915,XGLV,91470752,Y,AUTO-GEN-BJU4NYJJ,17,565783,EX,73,721230.32,-853374.18,798434.8,793495.41
tx567950045996856966,20260306,6.35E+11,77,PDX,875292,20260111,863363,EUWL,36522141,N,AUTO-GEN-OSQBNX0X,68,248945,PC,57,113002.29,638208,2727638.98,2754161.26
tx526452227528630310,20250819,4.55E+11,66,DOL,304201,20260308,557993,SVNO,74156269,N,AUTO-GEN-9UQNPT7L,82,848093,BI,99,-91190.09,114739.51,2040565.7,2083966.85
tx950916575226821773,20250529,8.95E+11,90,TGP,508149,20250524,991506,MUVJ,68188726,N,AUTO-GEN-774G7JFB,97,726027,TL,41,499976.68,350429.89,1022679.33,1027910.65
tx488068572074477692,20250925,7.66E+11,80,YWX,615183,20260308,702562,BXCE,61796273,N,AUTO-GEN-WIYE1SRN,53,568077,KS,69,818731.92,618063.49,1522216.86,1516102.19
tx584263401084256420,20260215,3.41E+11,79,NZI,847559,20250708,956357,FJGG,28196391,N,AUTO-GEN-7BG2662L,70,154214,CL,92,503222.51,-342637.92,1292615.67,1319239.79
tx349838640156649994,20250329,8.86E+11,66,YWA,865227,20250430,197092,UQPA,15328723,Y,AUTO-GEN-OYV33CYZ,10,122562,KX,87,486100.24,867172.44,2400334.32,2435696.61
tx531065659335075768,20251012,8.25E+11,56,DMS,187601,20250706,216112,XLFC,16372857,N,AUTO-GEN-3POIMKC3,83,741567,ZO,95,-43700.78,-803199.49,769980.84,736417.47
tx051950794917447976,20250624,7.55E+11,46,BOL,467013,20251014,606420,FESW,42870379,N,AUTO-GEN-52MO6AAK,16,683728,ZN,41,-295490.01,450780.42,4797713.75,4819587.87
tx353976335316890337,20251019,7.08E+11,76,RZN,931389,20251017,417944,PPBN,89138036,Y,AUTO-GEN-DNO45PJA,87,298414,RH,37,393265.9,587998.43,4020997.59,3987589.19
tx221980226859192110,20250602,2.57E+11,24,IAW,457033,20251209,887515,AGYV,85430460,Y,AUTO-GEN-9PQ51F4Q,53,638787,SX,93,817789.89,886519.08,2780646.09,2802985.96
tx296605208995074890,20250530,6.02E+11,49,DBM,751258,20250408,991597,EFQK,30745277,Y,AUTO-GEN-M5PH1K3U,66,348322,OK,43,-146518.18,611533.07,4199393.27,4210527.14
tx022170928098833595,20250730,3.53E+11,78,NEX,504274,20260217,798745,WGVR,68302943,N,AUTO-GEN-JZARPGGO,69,210041,SP,51,-93872.2,895676.98,2510122.16,2486304.86
tx151739239447971368,20250811,5.88E+11,37,JHM,982743,20250606,650081,GNYK,27571603,Y,AUTO-GEN-3TL75XJP,33,424087,FW,31,632353.58,-268307.45,2015243.44,2030106.06
tx160492166601154144,20260203,1.54E+11,11,HCM,162595,20250411,575495,QTPZ,73839010,N,AUTO-GEN-NASGKUQC,66,682150,TX,70,-972542.21,-330724.87,1308854.2,1263893.04
tx664606985069814117,20250502,4.28E+11,96,PVC,512115,20250805,767936,NMNI,13843283,N,AUTO-GEN-RAMRH9FJ,65,137737,AW,28,959448.82,-702182.76,574633.71,586338.1
tx153869753853945750,20250516,6.60E+11,94,EKV,312791,20250608,396391,HFXZ,72358203,Y,AUTO-GEN-X5PK6PEL,62,582411,ZV,32,-608706.58,31388.32,2849746.27,2867580.44
tx989266417891808113,20250330,1.33E+11,79,SJC,667875,20250630,903877,ZJTH,58372283,Y,AUTO-GEN-ZXILWEN8,86,522514,EP,61,21334.87,281572.41,74108.43,33622
tx199098113769385938,20250906,2.61E+11,31,UDA,826645,20251003,850289,YFRY,97350103,Y,AUTO-GEN-DT7VS1B0,87,217330,NB,23,-208969.27,-516096.98,3815595.76,3838820.02
tx318995849492459835,20250513,8.78E+11,92,AIM,434057,20250702,707913,QBDH,14909512,N,AUTO-GEN-NJ3GS8VE,30,182470,ZS,36,896328.57,-587777.68,4311109.82,4344711.02
tx355936165423367570,20250805,4.10E+11,81,CNE,228897,20260126,642097,FARD,62782502,Y,AUTO-GEN-ZL92KWSZ,93,442858,MH,97,-962466.11,43696.47,4452920.21,4410134.9
tx096724984251416103,20251201,8.00E+11,71,YNB,734757,20250816,649860,EAKD,19204099,N,AUTO-GEN-XYVU50H1,78,858908,FE,70,157695.2,-164392.49,147221.09,194339.82
tx226950051564053810,20250606,4.17E+11,92,STM,760342,20250917,680276,WSCM,15796214,N,AUTO-GEN-VCGKNYGU,40,265178,BS,40,125944.69,761205.28,1441214.73,1484113.61
tx733292113467965146,20250313,2.59E+11,27,OBL,872829,20260122,735549,IIWC,70141291,Y,AUTO-GEN-YJW8B3NJ,48,296695,DK,65,-162464.28,-419100.62,3240238.22,3219690.45
tx996016601144319635,20260108,3.14E+11,85,KJR,392104,20260128,850482,KIEV,19786226,N,AUTO-GEN-UKKGNIJX,67,756195,ER,88,-769732.74,973144.87,1793327.27,1806557.98
tx196702572504346218,20250426,6.49E+11,38,DXT,865670,20251129,517510,ZMST,60496066,N,AUTO-GEN-U1KQX4JX,12,753165,HA,68,311506.95,34452.76,3045695.48,3021177.02
tx134694672460079471,20250528,7.02E+11,80,IAS,527756,20250711,288258,EAPB,43408754,Y,AUTO-GEN-VO22RMWF,39,591744,TP,30,45299.04,-179177.73,3383398.46,3367553.8
tx280445004694428571,20250706,6.91E+11,62,KYW,904055,20250627,142908,ZGOA,10278701,N,AUTO-GEN-UNH3KSZG,16,423265,XK,49,107998.27,-677045.29,4726002.52,4695329.95
tx696560350150354828,20251114,9.95E+11,42,LEY,936990,20251113,654440,GLKZ,60963973,N,AUTO-GEN-TPIQB70D,52,397607,TI,93,-58685.1,-48961.53,3795040.08,3799300.58
tx419586635220279245,20251205,8.39E+11,61,PSV,703644,20260214,954865,ZEYI,32580748,N,AUTO-GEN-8P002B1H,77,610453,QA,35,-664000.38,-308767.71,778392.3,776244.19
tx881405203570896113,20250807,4.94E+11,74,HHJ,270844,20251206,714718,LFXA,67707058,Y,AUTO-GEN-O7S8HMGP,16,963689,NA,10,-253917.83,577083.5,1371303.35,1392826.87
tx008362448928963149,20251118,8.33E+11,92,QHY,621802,20251204,409080,EBVR,59412023,Y,AUTO-GEN-S584BXJX,76,623104,IH,43,-913656.08,-880089.99,3300615.43,3308426.03
tx451646162674495547,20250318,1.02E+11,74,YWL,976113,20251027,935944,SAUW,55844627,Y,AUTO-GEN-8Z7L7WEC,49,121408,KH,53,969006.35,7515.54,4065341.52,4110397.47
tx155655661301611468,20260220,1.11E+11,36,HRM,664107,20250420,454654,PDLW,36170631,N,AUTO-GEN-1WE8QM2A,21,930943,QL,70,17811.83,-33007.84,4325324.84,4314776.87
tx852430885256540781,20251118,7.73E+11,67,SYG,507491,20250813,120417,YTFB,76414633,Y,AUTO-GEN-PSUD4909,88,609838,JV,70,447290.54,901776.1,1929402.6,1961153.68
tx655223847728159696,20251018,3.85E+11,48,DRF,651945,20250824,719674,JTPX,15510858,N,AUTO-GEN-9DPRANNY,45,488398,LS,30,764155.27,966299.55,4443681.7,4488742.86
tx254303977627103197,20250409,1.35E+11,75,KWO,370966,20251010,727842,SFVY,58877744,N,AUTO-GEN-DJ3FG16R,31,454374,DG,52,-852796.84,316752.11,1459166.83,1410864.47
tx968540507373876337,20250529,7.37E+11,84,YMT,812192,20250613,511820,BDXF,22489594,Y,AUTO-GEN-HFWZE2MO,21,909120,HP,97,-221616.21,629484.15,381389.87,339299.85
tx298573551659980839,20250506,2.53E+11,22,YQH,115956,20250418,594741,QTQU,84711989,Y,AUTO-GEN-ZKZU7QPY,31,331738,MB,27,175930.55,155949.75,1824219.73,1849957
tx016064355567152766,20260119,5.23E+11,55,YDU,932592,20250714,115564,XOEA,69501604,N,AUTO-GEN-DVPVQ86K,49,453711,UD,90,-630852.35,419883.88,3327460.65,3376106.68
tx854963093736590714,20251208,2.73E+11,31,LZL,873975,20250516,894885,JZFX,35231197,N,AUTO-GEN-0G5RHVMT,37,645840,XJ,41,275559.9,779407.75,4771361.85,4809321.64
tx546435976068052691,20251209,4.96E+11,70,TAR,698436,20250506,525131,NFNQ,70531370,N,AUTO-GEN-B15XCJ1N,75,103384,PP,67,917787.54,-959902.17,4056104.17,4043073.1
tx208591898950498224,20250622,8.46E+11,16,RLS,474867,20250426,391505,FVKJ,18027823,Y,AUTO-GEN-ERO4P7Z0,65,751773,RA,50,-96626.57,63954.09,4701538.07,4733325.88
tx542725638394049620,20251013,1.56E+11,83,OBW,798766,20250722,907984,SPHE,46952312,Y,AUTO-GEN-R0VUGG9E,60,985217,HC,21,19103.21,372070.27,3358617.37,3349012.65
tx473541618190467914,20250414,2.15E+11,93,CKX,870854,20260203,308716,VVND,32458992,Y,AUTO-GEN-S6LDKCEU,77,147133,IW,37,-580318.73,308815.72,831423.32,859754.87
tx216127851519223083,20250921,9.23E+11,69,TIV,924108,20260225,768142,NQTN,94076798,Y,AUTO-GEN-EPXRAXV8,63,273872,SO,62,302046.97,-441308.81,85987.73,92011.28
tx520104048966647471,20251106,2.16E+11,39,IEY,576226,20250916,604113,HXMK,51402108,N,AUTO-GEN-1ZZYCPDK,98,473909,WU,21,827164.71,-178373.57,4932557.42,4932354.95
tx934533484053070975,20260204,1.43E+11,44,LDT,743340,20260129,217502,WHJW,46643934,Y,AUTO-GEN-YWFGLHI1,25,214728,PJ,74,731076.81,-898249.69,4235823.42,4235242.3
tx047973536255116039,20250925,5.78E+11,42,FKR,560887,20250904,920947,HHGC,67512382,N,AUTO-GEN-RYYQ8O1A,41,601567,OA,38,-369155.53,51799.55,4195951.19,4174000.71
tx464611214908742408,20250910,3.11E+11,80,CPR,145768,20250928,697741,HRTL,68930914,N,AUTO-GEN-A5KIADGH,76,776875,EP,82,-851142.19,-706819.82,1966838.08,1951239.63
tx428371672003108446,20250918,8.37E+11,21,QFT,496122,20250314,353259,JSNH,63250745,Y,AUTO-GEN-5LMC8HHG,59,428697,RY,54,-285887.6,-835945.17,3171414.91,3213534.87
tx233424672372902860,20250902,9.57E+11,97,GGA,650659,20260203,754106,UHWT,21183600,N,AUTO-GEN-X03COY16,13,315513,YG,82,388784.55,-198246.96,3681045.76,3653940.11
tx915836831199366836,20251225,3.10E+11,42,UGZ,549540,20260208,153867,DTYB,37109022,N,AUTO-GEN-H8KFVXFL,32,464001,RQ,45,78407.14,860764.33,1414495.83,1402996.64
tx479910664125543225,20250517,9.26E+11,37,EOF,712592,20251224,494638,IQLI,38902302,Y,AUTO-GEN-V9KKRJQ7,50,744901,LO,85,-44737.31,451707.85,244947.3,291899.67
tx179065197116873275,20250403,4.20E+11,87,SVE,526002,20251126,993200,EWNM,47045786,N,AUTO-GEN-5DLI5ABZ,34,758577,KA,78,-27124.22,676958.96,2792920.89,2778048.26
tx334931605891878037,20250417,8.88E+11,47,MMD,870109,20250920,369707,RBVQ,79608265,Y,AUTO-GEN-CHWM89AI,61,140458,WP,80,768615.41,400099.57,2077974.27,2074011.71
tx577812575680741202,20250520,7.11E+11,71,CDK,730837,20250909,728356,KPAA,96113322,N,AUTO-GEN-U4GGWJVQ,49,752404,MG,80,-240069.01,-293312.71,457172.72,445387.1
tx656944799192868497,20251220,8.98E+11,16,PTN,626277,20260304,903251,MAQR,25971453,N,AUTO-GEN-HNQC4SL9,85,935607,QR,56,82049.07,-259753.48,2902049.55,2889539.78
tx915421310342987180,20260123,1.96E+11,26,PVH,735025,20250912,194228,GBPV,97708473,N,AUTO-GEN-0OR151TO,99,841603,SQ,23,418597.37,-553074.62,1524260.76,1505572.13
tx815526783515268816,20260120,2.42E+11,35,TEK,504433,20250716,131321,TEMA,32507030,Y,AUTO-GEN-YPJ1LV72,21,353177,JE,37,703196.7,547298.42,3939384.46,3893244.65
tx773275921197083752,20260205,9.36E+11,64,KGQ,557613,20260202,144596,DBLQ,90267488,N,AUTO-GEN-HOLZAYDU,68,197565,CT,48,9545.73,-483898.54,3793875.66,3817172.05
tx979788631210050561,20260112,5.42E+11,15,DXP,739293,20250414,784936,WQJQ,67899382,Y,AUTO-GEN-JFL734FY,22,776100,XW,95,442719.55,117859.71,2479055.63,2516786.77
tx472307134489230193,20250628,5.06E+11,22,HON,204011,20250829,592861,DIHW,16938139,N,AUTO-GEN-RJNC0M5F,47,639870,QC,23,520232.78,24198.33,2898650.26,2938603.62
tx132528602010343486,20250419,7.52E+11,41,CWQ,529244,20250414,558382,WKDW,81136243,N,AUTO-GEN-DW44IBVD,16,233530,MY,99,-282711.06,-751839.36,4152496.22,4185695.92
tx593406417948396218,20250621,6.49E+11,54,EGR,928123,20251127,760576,HTPC,42529315,Y,AUTO-GEN-KT3DVOAA,70,258145,LA,36,626416.76,456083.51,4451971.88,4499305.66
tx247529786474498494,20250627,4.02E+11,60,TVE,213842,20250705,985678,HYIK,38797083,Y,AUTO-GEN-PLUQFCHI,52,704987,GY,57,322217.52,732955.14,3085238.66,3127873.93
tx962583241547061232,20250822,5.33E+11,72,ZWP,976123,20251227,640525,QKIM,98974913,N,AUTO-GEN-5ICZW4WC,70,862257,MA,85,441568.64,678110.57,2139295.06,2157779.08
tx215307006550208753,20260225,8.01E+11,48,XJV,862287,20260221,663327,OWZU,52059714,Y,AUTO-GEN-HZBDUONR,70,247505,FO,33,-321965.01,222362.8,1455859.03,1415205.73
tx119104383965951232,20250621,2.68E+11,20,BAK,833775,20251122,458573,YUBD,21697715,N,AUTO-GEN-AOUYWZNQ,61,763899,AG,29,509881.5,-406376.41,4893156.77,4916140.64
tx172240781662674758,20251120,5.38E+11,12,FVZ,343900,20250710,525894,RVYD,94922446,N,AUTO-GEN-8SNDBCDV,13,800193,KR,59,-267605.68,826642.72,1334232.97,1306282.82
tx126186483450650650,20251002,8.99E+11,27,BXS,956515,20251013,662237,DDHD,61343994,Y,AUTO-GEN-G0X6EP5K,38,407101,WW,69,525206.89,705778.83,3952836.68,3904495.61
tx809573560268455990,20250831,4.40E+11,42,KAC,626925,20250625,183505,LJSY,76153728,Y,AUTO-GEN-QVMQIXTM,52,265084,AF,50,623824.72,-741223.55,216742.25,204271.39
tx334317360401828569,20260110,6.88E+11,90,WAE,229299,20250518,204148,JCKB,15427551,Y,AUTO-GEN-O6CE47CA,41,276408,AK,42,-881340.38,129252.18,1486288.51,1512831.31
tx925629037902375995,20251122,8.27E+11,20,MKQ,299345,20250622,388476,GLVY,42039399,Y,AUTO-GEN-LRINJR43,26,601276,PE,12,-681049.14,648547.4,1350687.44,1397721.49
tx762718084992635712,20250316,6.58E+11,17,FUV,764786,20250905,331086,WPJB,39279656,N,AUTO-GEN-2JIOOAVL,56,765857,JH,22,-881898.45,-224820.24,106485.66,71701.4
tx654481732830129254,20250422,4.57E+11,94,FBD,582164,20260224,206008,WFSR,44914962,Y,AUTO-GEN-5854SNMW,10,752508,TN,95,-829299.97,-292937.27,1685457.55,1642629.92
tx340533608318115465,20250912,3.07E+11,17,JPB,896320,20251024,294755,KXNJ,52807528,N,AUTO-GEN-25DAVDDX,28,353684,DD,66,-632390.48,-937145.16,2071266.52,2113107.47
tx859927087055864715,20250724,5.97E+11,88,KWE,549448,20260205,180432,ZIPI,22523659,Y,AUTO-GEN-6A671N8U,42,396132,HU,57,-840656.22,-317977.3,4734683.28,4714722.44
tx267153921945851452,20250415,5.04E+11,61,FGC,790869,20251007,114218,UURB,28344111,N,AUTO-GEN-9TMDBVYF,81,139739,AE,73,-29839.18,-137405.96,2228756.33,2274558.85
tx175489208420960076,20250724,4.91E+11,26,HAT,998695,20251102,562792,HSHP,78107986,N,AUTO-GEN-EWQWWXRS,70,658956,SZ,78,168588.61,-964655.15,1713794.96,1688087.99
tx195624698135448383,20250523,5.76E+11,42,UQY,974304,20260301,177738,WHSG,97410102,Y,AUTO-GEN-A9LILZOA,64,766547,VM,91,-286535.14,-449500.47,1326104.2,1358311.82
tx650460854916264140,20250722,8.12E+11,56,ZGG,126540,20250821,955291,INJD,10135411,Y,AUTO-GEN-L0D6SUZJ,73,524204,SA,63,-281969.52,144869.82,3897264.78,3877179.2
tx912830497820871850,20250401,6.60E+11,91,NNX,375884,20251228,742720,LDAK,14520482,Y,AUTO-GEN-66UQGJ2J,86,197864,EC,98,68323.29,-825556.03,1690931.35,1711405.66
tx809365149393545165,20250623,9.98E+11,30,MMM,152387,20260305,746421,XSOZ,28415802,Y,AUTO-GEN-93FWC2A3,77,829370,DI,62,-801124.42,-851831.43,1587346.51,1554929.59
tx973730060493957407,20250925,3.51E+11,63,TCX,413178,20251128,701779,DCPH,60214175,N,AUTO-GEN-Z8T30OHP,45,831840,DE,23,68056.62,211262.27,867417.94,858406.98
tx302065088758213063,20260212,4.79E+11,14,IJV,857869,20250412,431320,XPBM,88666186,N,AUTO-GEN-XJ6CYZ35,69,803823,QX,48,712264.91,-602026.76,2584332.67,2583168.87
tx920643586131818187,20250519,4.33E+11,61,UEU,227670,20250806,717624,LJWR,64383285,Y,AUTO-GEN-8ITZ60BW,30,911348,KL,47,-623815.35,259706.16,4981338.16,4937832.05
tx425373517592144656,20250902,8.38E+11,43,BTN,419672,20251125,917340,QNCW,31951882,N,AUTO-GEN-IO4CLPSE,65,697849,VC,35,-805736.39,959412.2,1452824.51,1465568.27
tx143701892446494157,20250316,2.39E+11,47,THS,882843,20251007,395697,XFXN,22344458,Y,AUTO-GEN-Q5BCBCAP,29,680867,WD,96,-133118.57,-249884.74,1692240.88,1675824.96
tx157260716254328015,20260226,3.06E+11,58,ADB,776712,20251018,726204,IUCP,95524336,Y,AUTO-GEN-YCFXZJN5,97,103386,PT,67,674090.8,724714.7,186323.44,170315.23
tx760873009242585397,20250717,1.56E+11,70,TMN,953850,20251006,228717,TSUB,31961657,Y,AUTO-GEN-D7MGRM47,48,338192,JH,38,985227.52,191348.03,2072858.08,2052629.16
tx777526255013588157,20250810,9.18E+11,29,SUR,370175,20260219,370839,HTMC,57581105,N,AUTO-GEN-TNZ2XJQK,14,316728,QX,86,571212.62,-834068.95,2253306.82,2266264.6
tx275085972310220722,20251016,1.36E+11,70,WJN,490574,20260131,622391,DOIY,83628558,Y,AUTO-GEN-H94ABU8S,83,377849,YY,13,-494050.59,-967777.94,1611147.95,1640394.43
tx045277452108935318,20250626,4.84E+11,57,RUI,422073,20260103,850279,EONC,23996695,N,AUTO-GEN-4F7FSDXR,79,943173,LX,33,-942940.51,-735362.32,2467541.43,2453894.36
tx361725634564635455,20251111,9.08E+11,94,LHF,998971,20250929,977789,JAYJ,16306848,N,AUTO-GEN-PEK3H37K,60,503519,YF,94,-420312.91,-756856.53,3999934.41,3966858.17
tx209457361000527833,20251006,3.32E+11,78,DAB,484671,20260126,404497,APRW,23100127,N,AUTO-GEN-JT84N62K,79,649887,TQ,48,-214908.76,185346.75,3677005.63,3701898.14
tx028855659243206891,20250820,7.18E+11,52,OEX,922278,20250803,148819,RJVA,97681051,N,AUTO-GEN-59QGG6EV,98,976352,UM,53,-294654.52,257114.02,2695132.14,2660409.65
tx854626366654383168,20250715,6.36E+11,20,PIY,774064,20250509,245189,QADE,44577150,Y,AUTO-GEN-93MRUFH5,11,127034,OS,26,-735791.34,872838.14,4236362.68,4259342.99
tx211591426394813627,20250528,7.29E+11,43,TRU,321220,20251115,941736,UTLQ,37732126,N,AUTO-GEN-IKKSDS80,78,295562,KP,97,697582.47,-261608.37,4005539.4,4018404.2
tx647057077948770095,20250826,2.21E+11,70,VJL,546098,20260122,534053,OHMM,54379488,N,AUTO-GEN-N7XUTSS4,99,482711,XS,41,-515391.19,-649463.43,2473253.87,2496422.54
tx516054145597501527,20260102,9.28E+11,56,JPT,557517,20251130,658654,URZS,96596430,Y,AUTO-GEN-H3M5AZQG,67,403043,OK,46,247806.95,64157.27,3611799,3607308.72
tx412531416484766656,20250718,4.54E+11,99,COH,963471,20260221,913127,HGCP,65146465,N,AUTO-GEN-SEJDQKEY,37,354130,CW,77,-501485.72,492248.02,2971369.08,2922708.45
tx988249585126311495,20250416,6.04E+11,63,FQH,126953,20250314,969437,CEIJ,62006973,N,AUTO-GEN-O0HIG7O9,74,339671,ER,70,51302.2,839300.02,3450803.65,3449325.58
tx229391061252299586,20250523,8.23E+11,86,MEF,844779,20250916,283533,WCEV,66602691,N,AUTO-GEN-XDA0OS62,62,594085,JB,91,555476.38,-735772.07,3275041.93,3238014.8
tx981128869060458872,20251213,8.97E+11,61,SYD,133391,20260119,645775,QSPG,37589183,Y,AUTO-GEN-153HQ8GT,67,496171,SA,16,133278.34,-382404.29,1813166.27,1855228.16
tx877995298240294078,20260303,5.12E+11,60,EZV,792955,20250701,207599,SSFK,65979114,N,AUTO-GEN-SVQIJA98,16,363430,RV,97,-44175.09,-305315.7,4500670.46,4482286.37
tx562054957159550070,20251113,2.32E+11,77,LIB,178225,20260205,715035,VDOP,27435214,N,AUTO-GEN-2HX6E0ZM,80,448960,JT,55,-940903.17,-395814.06,3180708.3,3167438.25
tx921545714356467274,20250907,7.10E+11,94,JCL,398651,20251216,266400,GFWB,89209876,Y,AUTO-GEN-Y6EGB7JZ,19,426849,AG,94,-86016.57,950379.15,965170.13,984569.97
tx155754822595059715,20250930,5.82E+11,43,ZBY,258636,20250723,543918,FSUZ,56609599,N,AUTO-GEN-MVMNXW6L,16,959057,SN,17,502856.23,710459.33,2661953.78,2692350.83
tx498603488465527864,20260212,5.02E+11,16,LHM,172659,20251109,785013,EKBA,23128868,N,AUTO-GEN-R91RT72O,88,455694,DS,21,896791.56,30955.31,1127558.84,1110295.65
tx768105149540520508,20250928,6.26E+11,74,HIU,120788,20251107,488884,STBT,29908931,Y,AUTO-GEN-J84M311U,12,317873,ZA,91,987335.34,-642542.26,2377015.53,2413975.82
tx184870012468042727,20260112,6.59E+11,83,IKC,193568,20250528,741009,MPYN,32716797,N,AUTO-GEN-T2D4XS30,37,981499,NE,32,-792560.54,-295314.24,1261596.05,1249050.3
tx288023776032560437,20251226,4.62E+11,25,GFG,218733,20250507,857629,NOXI,45310216,N,AUTO-GEN-WCMIVRO6,82,668166,DR,94,243210.78,991096.15,1752658.27,1787902.36
tx658530944156892275,20250512,7.55E+11,47,PJL,432866,20250714,104766,BCAD,24912249,N,AUTO-GEN-FYMQBJPZ,77,901084,CC,30,539032.99,376258.16,2612783.5,2569916.91
tx044781212681574617,20250712,5.89E+11,26,QUQ,757160,20251120,506992,NHHZ,93845454,Y,AUTO-GEN-8M3ES7G5,19,916967,HT,11,150720.47,1646.84,4901136.13,4948413.98
tx367285157872118558,20250318,2.23E+11,61,ZFI,355422,20250910,779483,URVI,23277085,Y,AUTO-GEN-CZXDC4Y9,49,511572,AY,23,755795.15,364208.55,1008053.58,1021057.01
tx054025535569733262,20250515,8.36E+11,17,IIN,787139,20250727,634740,ISLW,83266596,N,AUTO-GEN-198FEXRH,78,570891,SG,51,122690.56,-721977.3,4779494.35,4759444.42
tx629499408438148494,20250903,4.30E+11,95,YZM,886768,20260222,178255,GGSF,81689525,Y,AUTO-GEN-MFKR9MOR,40,615666,GK,55,191992.1,-415101.56,1415678.45,1461588.96
tx823061689319667016,20250613,1.17E+11,95,LFU,225656,20260117,131202,QOAH,87656022,N,AUTO-GEN-SKU2E3G7,31,432833,BS,91,-925327.21,998007.81,717090.02,763545.09
tx665919969215523849,20251026,3.86E+11,77,ZJH,913150,20250405,936052,OYZT,85815259,Y,AUTO-GEN-SMLUTY6M,67,781811,CA,97,-367953.02,-599748.63,884744.61,859870.62
tx331283926556116845,20250522,3.26E+11,98,LZF,757182,20250311,355651,QWPS,50087589,N,AUTO-GEN-J4I7YDKV,83,688225,TX,88,-721424.07,-430039.19,1677577.05,1699832.35
tx334264112754094778,20250324,8.76E+11,21,AZW,303301,20251112,390929,UCRC,78744348,N,AUTO-GEN-GT7R461H,94,826281,TQ,57,790014.22,49350.28,4183806.27,4199476.94
tx016106894211573882,20251109,4.24E+11,11,SPK,931356,20260125,857339,KDGL,25058437,N,AUTO-GEN-99DOLLZL,63,800499,WR,74,-610924.57,570877.39,3650966.59,3603240.95
tx160346759033322216,20250912,8.03E+11,86,FRS,529363,20251013,627382,EIWB,43174082,Y,AUTO-GEN-1A9XYLHK,72,312182,SY,51,574902.54,-751151.18,809618.87,818703.53
tx566833462770750145,20250723,7.65E+11,69,RJR,598058,20250315,322299,CPAW,14337876,Y,AUTO-GEN-F2R7PASB,77,403883,GT,77,-395981.09,-46520.5,3454460.95,3453988.73
tx281991394727013274,20250919,9.79E+11,13,VSF,329133,20260227,173005,HPGA,90387884,N,AUTO-GEN-TD4RTZE2,91,678212,YB,88,571867.03,500610.39,776221.03,823900.83
tx371346972557859822,20251111,6.19E+11,56,YQW,687870,20260302,634217,EWDI,87303912,N,AUTO-GEN-6M2BQFY9,93,245303,IW,56,-216462.17,-590542.48,4849633.52,4888608.45
tx988256275891392569,20250823,6.20E+11,59,UYL,667758,20250326,124623,ABPY,97104718,Y,AUTO-GEN-FT3XRN95,69,708636,HY,32,-786517.7,233710.27,4811753.18,4838916.31
tx291274368516903768,20250316,6.64E+11,24,OUB,663315,20251221,159830,STYK,71683624,N,AUTO-GEN-9729RJUA,25,730428,BK,62,-246707.89,-141322.31,751728.14,716661.9
tx487960735112534911,20250405,1.74E+11,92,BJI,695720,20250318,679802,CNVH,15841748,N,AUTO-GEN-KRUM6TX2,88,738551,SA,56,231769.46,86851.2,3882146.9,3865747.85
tx164687009916773217,20250415,3.00E+11,46,YWB,401503,20250507,265540,KOQM,49549688,N,AUTO-GEN-O3ZU89PB,48,123725,DT,43,942360.01,-241032.21,4300003.25,4272543.97
tx966395189840421854,20251016,6.43E+11,60,QKM,546293,20251201,879108,TQAU,43953815,N,AUTO-GEN-YN9BM8JI,59,828431,DR,24,492988.36,383119.05,808351.17,801738.46
tx343203051905984862,20250527,9.19E+11,98,UJC,769173,20250823,257106,ZIRH,57543584,Y,AUTO-GEN-D74VHB12,89,865108,LP,14,387023.58,793621.37,4510503.03,4535005.77
tx760001571839718503,20251008,1.05E+11,70,IXX,783662,20251031,525461,LRLQ,56881658,N,AUTO-GEN-ZAOM2RAG,54,857061,HV,72,413884.2,-179431.19,1788092.51,1751440.56
tx063175580554749780,20260106,2.06E+11,65,IJH,909388,20251227,240510,FOZS,33852960,Y,AUTO-GEN-Q739CLL8,59,302765,JM,82,986313.91,-951686.19,900253.3,905360.06
tx392063572976345651,20251028,6.36E+11,71,WSQ,476034,20251021,342912,TOFT,43182776,N,AUTO-GEN-7O1PTU48,95,812027,SX,65,63558.17,-365255.77,1116081.94,1124188.39
tx640552631645509815,20250725,5.67E+11,28,NPC,407206,20260117,179557,VZCG,33654708,N,AUTO-GEN-YAWLJCUF,41,915196,QU,42,-528348.83,607939.44,2458980.59,2421552.2
tx027816841298379669,20250410,7.94E+11,41,GIQ,423924,20251020,667033,VOXM,93257450,Y,AUTO-GEN-YWI9BVFJ,99,553418,SN,95,-971699.45,-884039.65,3700755.38,3661377.21
tx227204742921947204,20260130,2.58E+11,24,SVH,522913,20250909,299509,OQOG,28582644,Y,AUTO-GEN-N67VWSFS,52,570879,VC,88,-559867.99,-276440.43,4397058.85,4380843.54
tx276378192492625963,20250507,6.75E+11,18,PAJ,198017,20260219,644868,ODJG,42866359,N,AUTO-GEN-3X14S2U0,94,864824,AC,60,979925.26,-158593.01,2893435.48,2942527.45
tx051795695298799539,20260125,8.47E+11,37,QFF,987081,20250424,849618,QFQD,19445989,N,AUTO-GEN-3I4C7AJH,22,709396,AN,39,2961.12,304664.13,4993624.57,5017918.41
tx128482095659821390,20251013,9.92E+11,59,YEX,828608,20251104,637957,UVFC,72008190,N,AUTO-GEN-7YMYE7OW,55,978352,EQ,36,-610898.12,-7741.56,2085812.89,2073218.64
tx516429115565288473,20250510,9.58E+11,72,LGB,599130,20250416,632996,HJMU,16206534,Y,AUTO-GEN-MI124PIS,23,414245,UB,64,-129324.53,710430.13,3228381.11,3184444.57
tx129183401972700567,20251031,4.60E+11,72,MEL,454002,20250404,681281,QHXM,64414156,N,AUTO-GEN-SZKE8GY4,42,436924,US,52,-557151.44,806880.1,1178293.3,1202197.96
tx633191376494730932,20251102,1.91E+11,42,EFI,852588,20260112,231198,ELRT,99753753,N,AUTO-GEN-FDP9I6UF,73,305448,DA,49,-436603.85,212131.78,925001.76,965809.35
tx516994463580263745,20251003,1.00E+11,60,SWV,755069,20250505,285298,BQBE,99265991,N,AUTO-GEN-BJZW2D64,60,994720,WQ,67,-541013.47,-181464.21,4941130.14,4927502.69
tx956016885532588524,20250615,4.18E+11,75,QVA,503447,20251218,595962,YSXC,11520078,Y,AUTO-GEN-ZVK799OS,19,769458,OE,17,-294681.23,431732.62,4462407.43,4490519.01
tx611929752899610101,20251215,3.66E+11,83,RZG,666881,20251031,897345,UVNZ,35147622,N,AUTO-GEN-23OCEI18,35,175692,LJ,80,435170.73,-604595.33,518561.91,513362.05
tx690637377845248148,20250505,3.72E+11,92,PMK,740429,20250623,493696,NSGN,72715654,N,AUTO-GEN-CELY6FQ3,49,968625,NN,95,12978.22,-121403.59,2041137.89,2031615.99
tx174352016953153297,20260123,7.44E+11,64,IYC,619301,20250417,812987,QCMG,82926514,Y,AUTO-GEN-25SAYPIG,81,741680,WN,47,-191194.47,18144.02,2247954.2,2258307.84
tx202218364551183347,20251029,7.52E+11,59,EYO,262054,20250329,782508,ZMPT,56304088,N,AUTO-GEN-TCQJ28AV,22,366985,VF,85,471929.39,671766.65,4310542.08,4317046.44
tx810961693721511416,20260116,9.37E+11,92,EIP,273376,20250523,904787,QQJX,11069190,N,AUTO-GEN-L4H8LYE4,69,184001,DV,21,-341267.63,980560.05,2759586.05,2739679.63
tx558646196827126461,20251224,1.40E+11,19,ZXT,530499,20260301,607839,ADZX,10752487,N,AUTO-GEN-B7QKMBUX,82,446379,BH,86,635261.08,-409553.34,1802768.34,1778688.28
tx672077497981631594,20260127,1.86E+11,17,ZLX,817331,20250614,573179,NEUL,89939280,N,AUTO-GEN-KKP16YIF,24,810966,HK,90,133937.17,738909.43,306600.54,306564.41
tx253169294921017734,20251122,3.42E+11,23,ROQ,954479,20250325,275331,XMIH,61367729,Y,AUTO-GEN-IYAHXF1W,19,280845,TM,23,-461388.43,-656910.18,2098133.85,2075275.25
tx421157737879576485,20251024,9.19E+11,40,HLX,766407,20260306,157849,SHLT,52335925,N,AUTO-GEN-IUOVU2OY,39,174042,YH,61,-513828.59,91846.83,30270.64,37969.29
tx879543761697163089,20250605,9.27E+11,38,SVF,199415,20250611,170221,UBBA,12388679,N,AUTO-GEN-D88W3HAR,48,906852,MR,83,-829924.86,728650.86,600019.54,580588.39
tx709802511539325296,20250616,8.58E+11,10,BEJ,228863,20260308,576485,NUPF,55651177,N,AUTO-GEN-QIM407QU,75,656238,DM,38,722348.87,889159.67,4174690.33,4151883.59
tx450026075960500395,20250515,7.46E+11,75,TYC,435105,20250506,801703,LOVM,24171766,Y,AUTO-GEN-TIVGS8WM,99,526068,WK,90,-755477.72,899931.28,471265.65,496468.23
tx998099261355589838,20260301,2.31E+11,34,TJQ,769105,20260225,875278,KMRF,53472037,Y,AUTO-GEN-FXNM1V03,30,444506,DD,98,381346.63,792832.61,4663510.77,4623770.44
tx252078959539568946,20250929,3.28E+11,81,EFS,227138,20250808,635516,YRSP,28843860,N,AUTO-GEN-LVHUM2UY,33,738911,WF,64,761722.48,154089.19,4652816.81,4622264.2
tx238425697152891123,20251107,2.13E+11,98,PYG,128396,20250917,485881,MMTT,13788463,Y,AUTO-GEN-5PXMTXX1,17,363122,JL,14,505178.96,708197.64,1951489.56,1958624.69
tx261106163767147083,20251004,7.14E+11,65,YEC,593599,20251006,622292,KNEF,93964437,N,AUTO-GEN-9NPYMRER,49,104383,WH,84,-334329.74,-397300.59,2057693.48,2083479.65
tx151173731741523516,20250811,1.73E+11,70,CWX,394197,20250707,229199,OFJM,84626066,Y,AUTO-GEN-OVF6CSO2,63,614212,PI,90,-790217.94,904456.62,4841274.71,4882493.62
tx058077637992831389,20250502,4.00E+11,60,VIA,341517,20250929,599274,ADWR,46816291,N,AUTO-GEN-TPY0JENH,84,844816,ZA,28,-135144.06,211282.51,651031.46,694732.27
tx782876770938508294,20250725,4.02E+11,12,KCK,167181,20250428,770028,LNUW,25336396,Y,AUTO-GEN-26NMI85U,47,497119,VC,14,-566006.61,-613433.78,2233130.57,2209516.21
tx748876995477702340,20250718,1.14E+11,29,ZEM,452901,20250319,881793,ZEPF,88068490,Y,AUTO-GEN-Z4FP0XZL,24,316138,ZC,81,-580646.65,-213953.31,1946861.66,1965519.75
tx501135738619909764,20260121,6.43E+11,71,MAD,248648,20260218,615611,NDVQ,25554764,N,AUTO-GEN-V6PT2BYB,78,972180,JT,93,814920.53,-351513.38,3886025.13,3855619.09
tx273372297639034999,20250529,6.51E+11,38,UMW,917555,20250803,865207,ASJF,32930879,Y,AUTO-GEN-9PW57NPD,12,730027,EB,86,-680220.07,-40860.55,1323467.69,1355402.63
tx123290479293685061,20251013,7.42E+11,80,HPW,789704,20250506,545858,YLPS,67028565,N,AUTO-GEN-G3U1VFOW,65,782379,WX,41,-69733.13,-214106.24,2666295.74,2674999.15
tx967649835700406575,20250603,5.82E+11,11,LZP,634285,20260116,666005,ZNKQ,77452233,N,AUTO-GEN-4MP74LQQ,47,534847,RX,85,914496.23,-704567.57,2179539.72,2203497.08
tx188756024141926063,20250622,8.78E+11,46,QCS,522957,20251225,943212,ASVG,15181369,N,AUTO-GEN-BA09F7D0,21,747254,EJ,51,603767.04,282553.81,3924765.15,3921903.07
tx797264314389402681,20250419,2.32E+11,44,AEL,951903,20251212,926206,RUAO,76952626,N,AUTO-GEN-DUKTBMWF,49,929760,BZ,53,786831.03,-378772.65,1392905.34,1434375.89
tx516703024958248398,20250410,1.27E+11,29,TWL,437693,20250609,683383,JQKD,51796694,N,AUTO-GEN-Y8NYL387,30,899553,PE,85,823250.53,-569867.76,1811229.32,1835236.12
tx297866902484635759,20250902,4.13E+11,34,NLC,521926,20251010,856552,HFOX,10693466,Y,AUTO-GEN-BUD752R0,78,545289,JP,69,24728.28,-374050.1,1488993.21,1520519.99
tx430871967394859684,20250903,4.98E+11,65,SKL,818890,20250608,172358,WPNM,63102638,Y,AUTO-GEN-11MFI178,62,486495,QN,39,460619.18,455736.36,2050495.76,2043680.78
tx830741074900175945,20260107,3.75E+11,31,JZS,841134,20250928,615825,XCMT,85735953,Y,AUTO-GEN-QQIM80I3,40,360029,SD,65,813732.99,886491.8,1570976.32,1522445.42
tx894520658540846199,20260131,9.30E+11,86,KGC,723835,20250313,965790,MMBY,66168867,Y,AUTO-GEN-MOV6E7LE,95,829370,TI,75,-399119.42,-455556.69,442948.35,478609.99
tx569391080170378450,20251209,1.86E+11,64,SPO,528163,20260211,888790,PVRJ,59919316,N,AUTO-GEN-0SIWQZWT,66,952484,XU,42,-983388.05,386665.46,1412465.05,1369654.23
tx978726035917849278,20251111,3.80E+11,14,VKW,438285,20250507,254449,EYLF,27091413,Y,AUTO-GEN-M068DMUV,35,448039,VB,65,-922385.08,-836257.29,3216656.34,3167488.49
tx352914409951951251,20250617,3.60E+11,65,NFM,201846,20250927,207792,JRXQ,67215221,Y,AUTO-GEN-7U849TFQ,91,251829,EO,66,-224859.58,824650.93,4676947.76,4631570.96
tx407190806011992095,20251010,2.02E+11,93,XBY,610793,20260208,591220,WBKP,53004522,N,AUTO-GEN-AP6DCODH,76,416091,QH,23,-956355.86,-16808.92,4673200.26,4627885.49
tx624821871392362014,20260111,9.07E+11,59,FTR,496618,20260223,224188,BUOD,78052919,N,AUTO-GEN-OKXC457E,64,315940,YC,34,364477.29,333988.65,415835.62,423730.68
tx705532066541610695,20260226,2.56E+11,30,VNB,991385,20251101,698514,ZJXE,96038971,Y,AUTO-GEN-YARPWIXE,95,524049,BX,93,-137771.99,228008.77,4169799.88,4179253.86
tx153070818415967833,20250924,1.91E+11,29,HGE,775234,20250509,258351,DNMV,51873574,Y,AUTO-GEN-AYIH7AIP,11,268062,GG,99,799903.45,-943368.01,3948833.35,3916076.98
tx955401638414969122,20260306,2.64E+11,70,NOP,933776,20260211,304857,XHRM,96094117,N,AUTO-GEN-3AQX7DGZ,86,972944,IM,24,686222.82,887226.27,4192724.51,4231956.74
tx816633079125543601,20251207,2.53E+11,62,WON,546951,20251228,948013,DDEE,34557294,N,AUTO-GEN-0EWNUMEL,22,565967,GJ,63,883472.14,868533.22,3450383.08,3404238.06
tx724955926097775852,20250324,3.44E+11,33,CIK,316249,20260216,290753,DQIT,30493073,Y,AUTO-GEN-DF4RH63D,63,284956,RI,44,7884.75,-860747.77,2107663.4,2067865.91
tx947690419537402432,20250830,3.01E+11,72,PPO,976884,20260219,388479,VRDT,85968381,N,AUTO-GEN-Q8CEW67D,98,812882,PN,24,-629580.25,707521.43,2589442.3,2575422.97
tx510905792908537240,20250611,4.36E+11,94,ISP,959833,20250604,165164,OMJJ,17625630,Y,AUTO-GEN-WPETTN9R,30,739940,SL,28,-974284.1,403414.03,227790.87,219827.19
tx170337676539630453,20250312,9.89E+11,16,ZJA,908419,20250313,907936,DDXD,96970767,Y,AUTO-GEN-YQULOZZ4,98,197031,VD,90,-669618.61,628755.07,950902,954214.47
tx155807624933940736,20251015,1.92E+11,24,JYP,789489,20250702,908235,NUJF,91213493,N,AUTO-GEN-XNMFV8RU,51,406725,UM,93,530205.98,917673.83,1353127.14,1402734.23
tx238450800226982584,20250609,1.48E+11,61,MBG,205231,20250620,825704,SDHE,69851836,N,AUTO-GEN-9CLJ9IZT,14,208902,TR,38,464440.47,-602869.59,975998.59,1021411.28
tx814469892773540157,20260120,4.32E+11,15,BFS,297027,20250616,532542,BGEO,79202444,N,AUTO-GEN-OLAC45JM,73,131953,HT,26,765247.66,829796.89,259954.19,305589.67
tx321244464738799858,20250421,7.65E+11,29,DKU,548284,20250513,464993,CKUR,72697555,N,AUTO-GEN-ECH44ZF7,47,104839,VG,58,554343.46,52433.76,338769.42,376696.85
tx937275882150063606,20260203,3.18E+11,88,XHH,773958,20250801,463365,RDLS,60610731,N,AUTO-GEN-2LQ8UI0A,87,991296,LE,48,703490.06,-564482.9,1244973.54,1237849.33
tx527964080073531788,20251213,2.26E+11,19,AZJ,837459,20250928,877777,THWI,60895600,N,AUTO-GEN-0HBFE25M,29,728401,FV,35,-241574.5,-201294.85,2180995.98,2225691.65
tx695458485151988530,20250405,9.86E+11,47,ZAG,127385,20251027,412896,KDMS,57681139,N,AUTO-GEN-6Q8FO3W8,31,999432,BV,31,142432.38,-313260.05,969942.91,934026.57
tx126997073547142628,20260115,7.88E+11,38,PLF,423535,20250604,815036,VXBV,53771680,Y,AUTO-GEN-G7HM6LDB,67,434345,RJ,52,869680.09,213916.24,2616211.67,2654028.65
tx669257832503619286,20250906,7.13E+11,24,RJI,237405,20250520,727146,UHEN,26063080,N,AUTO-GEN-2SYL7D88,39,896492,YC,11,-788792.69,-756883.31,4733576.48,4762137.53
tx347170362633952184,20250508,2.00E+11,52,BLU,323297,20260111,181123,LANG,38171087,Y,AUTO-GEN-00CWVP1U,57,871416,YV,30,823577.04,444103.89,3904917.55,3944004.94
tx029157997112366504,20250928,7.78E+11,76,WRV,136484,20250619,133692,THJH,86963376,N,AUTO-GEN-9ALV0XWW,80,402377,EI,77,346175.55,-476396.6,2093410.9,2090511.78
tx655429109141067544,20250323,8.60E+11,58,WHV,300445,20250530,696085,LGFA,77524455,N,AUTO-GEN-ZO2JJKUT,31,878811,EN,96,-4557.51,351102.82,2342911.36,2299383.22
tx441691748159698687,20250323,4.54E+11,93,YHW,376208,20250805,191841,EZEB,48968083,Y,AUTO-GEN-5IPPOJQE,14,267301,RR,56,-41465.19,-906042.55,484972.06,487159.95
tx510709263599663620,20250814,8.08E+11,20,LQP,416793,20260114,987882,YQBV,47810030,N,AUTO-GEN-7GMNS01K,74,668813,JM,23,793327.82,-370510.7,3347638.09,3319155.52
tx339549533938990307,20250420,8.15E+11,78,WFL,563231,20250512,529880,QOEY,78573518,N,AUTO-GEN-AS2UXYDI,11,208645,HV,51,968620.25,-989376.14,3617369.98,3577700.89
tx922097156176879143,20251213,2.33E+11,39,NDP,956426,20250812,864315,YBQV,69770681,N,AUTO-GEN-T5XQDBFF,72,821650,ID,87,479343.75,899077.85,2469176.77,2464170.32
tx600020082207390231,20250621,8.95E+11,87,FBM,803203,20250620,253418,GXRK,24384092,N,AUTO-GEN-4IRWYAHP,94,978337,IN,10,-982297.7,-43652.57,4348561.32,4342165.72
tx998012170656357702,20250519,2.59E+11,85,XRM,254310,20250617,526508,UUBK,76260605,N,AUTO-GEN-1BX5T0IO,36,203775,HF,51,481488.99,231648.83,2728132.9,2774395.36
tx124572649534541454,20251104,8.88E+11,65,UQQ,490781,20260122,846613,WRFI,12784766,N,AUTO-GEN-QHCVDUAL,21,294433,RE,53,-20960.7,725996.9,2036390.72,2079439.83
tx818777124912868493,20250503,6.12E+11,40,AOM,221909,20251216,751256,RKHV,50220535,N,AUTO-GEN-ZTK7C7TF,28,738455,AR,56,273531.22,-861943.45,3472059,3492143.43
tx630548921662627958,20250404,4.33E+11,85,JQD,882655,20250709,818630,WXZS,48078927,N,AUTO-GEN-647TQIOF,44,635279,QY,78,-834830.01,319541.86,2060541.83,2057132.93
tx275576508620232712,20250802,9.38E+11,33,WAG,303479,20251210,998718,XKFA,33643730,N,AUTO-GEN-3X5314XS,70,907475,WL,90,-418375.5,-969930.81,3244088.09,3255199.25
tx417407501442030397,20250317,2.88E+11,12,JEJ,377831,20250904,617631,LMAT,79491502,Y,AUTO-GEN-1PV8XGF2,66,330184,BL,35,-636483.27,-943820.29,975649.25,1003750.37
tx902606883812520773,20250819,5.10E+11,78,DXV,952216,20250502,677143,EVBY,49662071,N,AUTO-GEN-LWSSZZYR,23,374808,HH,45,856420.26,-799389.16,3597874.46,3637069.4
tx616176249824951096,20260212,7.52E+11,93,PBK,318529,20260110,145487,DFOY,42089963,Y,AUTO-GEN-QXE2WZQW,94,710423,QA,31,-294241.29,-744986.15,1900865.95,1882321.61
tx737265857228018524,20250329,3.98E+11,72,XJZ,181652,20250630,903937,TADM,66560380,N,AUTO-GEN-IBGCH5EO,82,870017,RG,21,-59897.69,-245858.67,2446622.88,2408461.98
tx552926126530373386,20251117,4.05E+11,20,XQU,892598,20260302,127546,TAIE,14530392,N,AUTO-GEN-65FRFU32,76,105119,WS,21,-712540.21,-985881.01,3248487.13,3245426.77
tx969801290710514292,20250523,5.51E+11,66,JLJ,200274,20251118,968273,RZDP,42069890,N,AUTO-GEN-NNUZUV9B,68,774920,VL,41,282895.83,-18869.48,534425.98,543973.93
tx100741100154370447,20250616,8.78E+11,64,NFH,233904,20260227,190480,NRAJ,86769496,Y,AUTO-GEN-GJZ0WYOL,92,892514,QP,31,729647.71,412491.96,4685662.28,4648702.07
tx116877305697413050,20251027,9.15E+11,42,QYJ,191944,20250525,789538,CYTH,44924774,Y,AUTO-GEN-0A0X9A8B,14,693309,JY,17,-664931.45,-964238.71,1499595.29,1510784.58
tx435399218312620415,20250512,6.11E+11,87,WFX,705992,20250709,788353,QBHQ,16918479,N,AUTO-GEN-2U4P74UY,34,697523,AB,81,535753.7,293292.84,4319845.78,4310494.71
tx190844698116108969,20260111,5.67E+11,11,QVU,542223,20260102,731947,ENME,14751953,N,AUTO-GEN-NRO4PR7R,24,828995,FN,54,-978152.01,166648.43,797361.13,811947.81
tx515529811853910053,20260219,7.38E+11,69,LLZ,834291,20250523,344015,MMZP,56748143,N,AUTO-GEN-4B8DJFAS,70,498773,IS,96,498825.92,-3206.22,3574210.71,3563237.96
tx046007722542809334,20260201,8.85E+11,40,VBH,110997,20251122,378233,OFWZ,10275846,Y,AUTO-GEN-Y5MZ5PPT,45,947570,IZ,82,679635.01,400329.09,4750445.09,4777958.73
tx706888592212728734,20250608,3.36E+11,39,EHA,632104,20251024,963767,MWFV,88228221,N,AUTO-GEN-1E9JVVJJ,46,936384,VT,29,-166187.6,-789070.66,2388162.27,2400707.21
