transactionId,fileHeaderDate,accountNumber,transactionType,batchLocation,batchNumber,updateBatchDate,relatedFileNumber,actionName,relatedFileKey,doNotReportFlag,explanation,minorAssetsClass,owningPortfolio,posterInitials,transactionSubtype,cashEffect,cashPaidOut,brokerNumber,oldBalance,newBalance
TXN000001,20250707,ACC000000001,49,DEL,501922,20260225,810812,POST,48000400,Y,AUTO-GENERATED TRANSACTION,84,556543,RS,27,39543.68,0.00,45764,1959042,1956682.28
TXN000002,20251227,ACC000000002,38,PUN,934364,20260225,810997,REV,48000390,N,AUTO-GENERATED TRANSACTION,96,556595,MT,4,47837.07,0.00,45202,1911147,1882470.51
TXN000003,20250116,ACC000000003,19,PUN,600022,20260225,810728,REV,48000093,N,AUTO-GENERATED TRANSACTION,50,556577,RS,26,-16800.63,0.00,45403,1610697,1638379.38
TXN000001,20250707,ACC000000001,49,DEL,501922,20260225,810812,POST,48000400,Y,AUTO-GENERATED TRANSACTION,84,556543,RS,27,39543.68,0.00,45764,1959042,1956682.28
TXN000001,20250707,ACC000000001,49,DEL,501922,20260225,810812,POST,48000400,Y,AUTO-GENERATED TRANSACTION,84,556543,RS,27,39543.68,0.00,45764,1959042,1956682.28
TXN000006,20250218,ACC000000006,71,DEL,531092,20260225,810109,POST,48000936,N,AUTO-GENERATED TRANSACTION,11,556508,RS,17,-47504.63,0.00,45172,1352968,1314428.45
TXN000007,20250325,ACC000000007,57,MUM,223571,20260225,810279,POST,48000011,N,AUTO-GENERATED TRANSACTION,51,556512,MT,10,42017.76,0.00,45602,2344366,2329943.53
TXN000008,20250804,ACC000000008,73,HYD,559280,20260225,810229,ADJ,48000212,Y,AUTO-GENERATED TRANSACTION,14,556572,VP,8,-22837.27,0.00,45152,1651107,1679705.71
TXN000009,20250131,ACC000000009,98,DEL,819213,20260225,810928,ADJ,48000765,Y,AUTO-GENERATED TRANSACTION,69,556546,MT,8,-38209.82,0.00,45476,1906326,1873730.67
TXN000010,20250726,ACC000000010,55,HYD,172414,20260225,810685,REV,48000547,Y,AUTO-GENERATED TRANSACTION,37,556593,RS,15,-32635.07,0.00,45476,2274196,2237441.82
TXN000011,20250821,ACC000000011,83,HYD,326833,20260225,810467,REV,48000581,N,AUTO-GENERATED TRANSACTION,75,556532,AK,25,-31909.92,0.00,45562,1739793,1721182.89
TXN000012,20251202,ACC000000012,70,MUM,493447,20260225,810764,REV,48000578,N,AUTO-GENERATED TRANSACTION,60,556559,VP,20,39789.51,0.00,45277,1072336,1045591.59
TXN000013,20250928,ACC000000013,37,CHE,280946,20260225,810864,ADJ,48000977,N,AUTO-GENERATED TRANSACTION,30,556518,AK,18,10281.50,0.00,45511,1398377,1419909.05
TXN000014,20250603,ACC000000014,55,CHE,816145,20260225,810676,REV,48000822,Y,AUTO-GENERATED TRANSACTION,45,556563,AK,19,26356.39,0.00,45245,2835441,2876560.00
TXN000015,20250810,ACC000000015,76,CHE,664087,20260225,810569,POST,48000223,Y,AUTO-GENERATED TRANSACTION,53,556560,AK,13,16275.74,0.00,45361,2604258,2577589.86
TXN000016,20251112,ACC000000016,18,HYD,371595,20260225,810095,POST,48000338,N,AUTO-GENERATED TRANSACTION,53,556530,RS,23,8017.58,0.00,45945,1305826,1261693.88
TXN000017,20250908,ACC000000017,91,MUM,964373,20260225,810653,ADJ,48000397,N,AUTO-GENERATED TRANSACTION,84,556586,VP,3,27926.22,0.00,45353,1223593,1251736.24
TXN000018,20250129,ACC000000018,34,DEL,163665,20260225,810506,ADJ,48000008,N,AUTO-GENERATED TRANSACTION,25,556569,VP,12,-9886.76,0.00,45069,1727867,1758400.52
TXN000019,20250516,ACC000000019,36,PUN,113613,20260225,810709,POST,48000341,Y,AUTO-GENERATED TRANSACTION,91,556509,MT,2,33106.59,0.00,45227,1605429,1564241.73
TXN000020,20251112,ACC000000020,49,MUM,532850,20260225,810421,POST,48000687,N,AUTO-GENERATED TRANSACTION,76,556575,RS,37,25666.17,0.00,45463,2698135,2666228.66
TXN000021,20250513,ACC000000021,14,MUM,403736,20260225,810829,REV,48000695,N,AUTO-GENERATED TRANSACTION,81,556565,AK,1,36003.61,0.00,45227,2122643,2154512.78
TXN000022,20250907,ACC000000022,23,HYD,760369,20260225,810534,REV,48000532,Y,AUTO-GENERATED TRANSACTION,32,556541,AK,17,4338.81,0.00,45443,2126058,2122884.34
TXN000023,20250306,ACC000000023,27,MUM,826557,20260225,810415,REV,48000191,N,AUTO-GENERATED TRANSACTION,23,556542,RS,20,36114.90,0.00,45693,2206653,2252802.47
TXN000024,20250414,ACC000000024,98,DEL,764338,20260225,810688,ADJ,48000951,N,AUTO-GENERATED TRANSACTION,11,556559,MT,5,-48518.73,0.00,45908,1681269,1698793.16
TXN000025,20250528,ACC000000025,13,DEL,401790,20260225,810598,REV,48000797,Y,AUTO-GENERATED TRANSACTION,82,556582,AK,35,33627.08,0.00,45051,2839734,2798084.11
TXN000026,20250413,ACC000000026,64,CHE,325751,20260225,810657,ADJ,48000489,Y,AUTO-GENERATED TRANSACTION,98,556599,MT,39,-22784.01,0.00,45094,1152852,1156494.20
TXN000027,20251213,ACC000000027,15,HYD,463469,20260225,810778,POST,48000162,N,AUTO-GENERATED TRANSACTION,82,556589,VP,8,-27610.03,0.00,45463,1807824,1824792.19
TXN000028,20250205,ACC000000028,35,MUM,701794,20260225,810576,REV,48000927,Y,AUTO-GENERATED TRANSACTION,70,556516,VP,9,37585.79,0.00,45643,2643448,2596405.69
TXN000029,20251201,ACC000000029,67,DEL,546684,20260225,810355,POST,48000496,Y,AUTO-GENERATED TRANSACTION,63,556556,VP,6,-25397.49,0.00,45878,2456803,2465732.55
TXN000030,20250330,ACC000000030,36,MUM,924827,20260225,810573,POST,48000353,N,AUTO-GENERATED TRANSACTION,33,556584,VP,4,-39097.11,0.00,45619,2716419,2700714.58
TXN000031,20250408,ACC000000031,81,MUM,593796,20260225,810982,POST,48000736,N,AUTO-GENERATED TRANSACTION,34,556575,MT,9,45377.72,0.00,45469,1696425,1703873.74
TXN000032,20251124,ACC000000032,85,MUM,616857,20260225,810581,REV,48000367,N,AUTO-GENERATED TRANSACTION,10,556560,VP,14,40636.91,0.00,45338,2313866,2355425.27
TXN000033,20250329,ACC000000033,67,MUM,550980,20260225,810633,POST,48000088,Y,AUTO-GENERATED TRANSACTION,63,556540,VP,31,7670.36,0.00,45384,2928857,2958599.93
TXN000034,20250807,ACC000000034,48,CHE,741193,20260225,810173,POST,48000765,Y,AUTO-GENERATED TRANSACTION,75,556518,RS,33,5155.89,0.00,45149,1161449,1207763.50
TXN000035,20250611,ACC000000035,65,CHE,129895,20260225,810938,ADJ,48000069,N,AUTO-GENERATED TRANSACTION,49,556576,RS,7,34724.29,0.00,45873,2544004,2519991.69
TXN000036,20250329,ACC000000036,23,HYD,635367,20260225,810185,REV,48000449,N,AUTO-GENERATED TRANSACTION,91,556556,VP,40,11722.74,0.00,45789,2614718,2601197.28
TXN000037,20250312,ACC000000037,78,MUM,547675,20260225,810219,REV,48000974,N,AUTO-GENERATED TRANSACTION,61,556527,RS,13,-20964.68,0.00,45659,1742230,1692610.58
TXN000038,20250306,ACC000000038,65,DEL,769798,20260225,810984,REV,48000114,Y,AUTO-GENERATED TRANSACTION,40,556549,MT,9,-7756.84,0.00,45942,1695421,1647136.32
TXN000039,20251017,ACC000000039,47,MUM,522409,20260225,810507,REV,48000046,Y,AUTO-GENERATED TRANSACTION,79,556570,VP,23,-4897.65,0.00,45832,2057262,2040189.50
TXN000009,20250131,ACC000000009,98,DEL,819213,20260225,810928,ADJ,48000765,Y,AUTO-GENERATED TRANSACTION,69,556546,MT,8,-38209.82,0.00,45476,1906326,1873730.67
TXN000041,20250609,ACC000000041,85,HYD,558131,20260225,810197,REV,48000646,N,AUTO-GENERATED TRANSACTION,47,556510,VP,5,21762.57,0.00,45549,2310951,2334539.83
TXN000003,20250116,ACC000000003,19,PUN,600022,20260225,810728,REV,48000093,N,AUTO-GENERATED TRANSACTION,50,556577,RS,26,-16800.63,0.00,45403,1610697,1638379.38
TXN000043,20250108,ACC000000043,75,MUM,503477,20260225,810320,ADJ,48000626,Y,AUTO-GENERATED TRANSACTION,90,556557,VP,3,33200.18,0.00,45604,1870563,1831914.42
TXN000044,20250910,ACC000000044,11,PUN,253555,20260225,810568,POST,48000949,N,AUTO-GENERATED TRANSACTION,66,556500,RS,4,-32532.67,0.00,45728,1700176,1706046.41
TXN000045,20250924,ACC000000045,65,DEL,476023,20260225,810643,REV,48000840,Y,AUTO-GENERATED TRANSACTION,52,556559,MT,34,-34724.14,0.00,45804,1939013,1934817.09
TXN000046,20250605,ACC000000046,26,MUM,860740,20260225,810361,POST,48000004,Y,AUTO-GENERATED TRANSACTION,82,556563,AK,35,27013.24,0.00,45802,2243462,2200470.99
TXN000047,20250522,ACC000000047,17,CHE,260956,20260225,810794,REV,48000122,Y,AUTO-GENERATED TRANSACTION,15,556567,MT,18,47060.71,0.00,45346,2891311,2901015.40
TXN000048,20250222,ACC000000048,22,DEL,925456,20260225,810640,ADJ,48000390,N,AUTO-GENERATED TRANSACTION,82,556549,RS,16,1781.57,0.00,45124,1019557,991722.88
TXN000049,20251103,ACC000000049,41,PUN,293456,20260225,810957,REV,48000108,Y,AUTO-GENERATED TRANSACTION,43,556560,RS,23,5125.68,0.00,45526,2953407,2943106.90
TXN000050,20250213,ACC000000050,58,DEL,178417,20260225,810648,REV,48000830,N,AUTO-GENERATED TRANSACTION,20,556585,MT,14,38920.35,0.00,45427,1089854,1098254.86
TXN000051,20250114,ACC000000051,19,HYD,455659,20260225,810789,ADJ,48000035,Y,AUTO-GENERATED TRANSACTION,19,556577,RS,33,-15081.37,0.00,45120,2055422,2061675.17
TXN000052,20250407,ACC000000052,45,CHE,903688,20260225,810149,ADJ,48000364,Y,AUTO-GENERATED TRANSACTION,46,556513,RS,16,15237.04,0.00,45028,2086528,2079986.95
TXN000053,20250314,ACC000000053,60,MUM,883180,20260225,810526,POST,48000562,N,AUTO-GENERATED TRANSACTION,49,556585,RS,31,-23557.71,0.00,45011,2329831,2344452.32
TXN000054,20251009,ACC000000054,71,CHE,549493,20260225,810356,REV,48000370,N,AUTO-GENERATED TRANSACTION,45,556598,VP,30,-16147.69,0.00,45538,2320585,2344493.95
TXN000055,20250917,ACC000000055,63,HYD,376586,20260225,810268,REV,48000936,Y,AUTO-GENERATED TRANSACTION,94,556554,AK,8,-32096.93,0.00,45104,2625639,2623327.24
TXN000056,20250320,ACC000000056,10,MUM,819000,20260225,810569,REV,48000933,Y,AUTO-GENERATED TRANSACTION,92,556577,AK,8,-9201.79,0.00,45346,1622741,1662108.64
TXN000057,20250629,ACC000000057,44,PUN,584331,20260225,810160,ADJ,48000637,N,AUTO-GENERATED TRANSACTION,41,556572,VP,26,43488.40,0.00,45650,1281869,1256803.44
TXN000058,20251113,ACC000000058,79,MUM,411526,20260225,810281,ADJ,48000740,N,AUTO-GENERATED TRANSACTION,13,556585,VP,8,39397.00,0.00,45452,1276058,1295314.95
TXN000059,20250105,ACC000000059,67,MUM,394038,20260225,810873,ADJ,48000719,Y,AUTO-GENERATED TRANSACTION,39,556509,MT,4,-35657.54,0.00,45126,1021494,1035946.71
TXN000060,20250915,ACC000000060,37,CHE,654322,20260225,810668,REV,48000195,N,AUTO-GENERATED TRANSACTION,10,556569,VP,2,30887.31,0.00,45524,2754593,2721610.42
TXN000061,20250525,ACC000000061,27,DEL,215591,20260225,810334,POST,48000232,N,AUTO-GENERATED TRANSACTION,39,556584,RS,33,33369.79,0.00,45254,1735119,1693775.56
TXN000054,20251009,ACC000000054,71,CHE,549493,20260225,810356,REV,48000370,N,AUTO-GENERATED TRANSACTION,45,556598,VP,30,-16147.69,0.00,45538,2320585,2344493.95
TXN000063,20250116,ACC000000063,96,HYD,916319,20260225,810305,POST,48000826,Y,AUTO-GENERATED TRANSACTION,58,556539,VP,10,16369.91,0.00,45278,2074302,2067332.83
TXN000064,20250515,ACC000000064,20,CHE,591418,20260225,810460,ADJ,48000713,N,AUTO-GENERATED TRANSACTION,20,556520,VP,37,8162.02,0.00,45068,1030200,981744.41
TXN000065,20251215,ACC000000065,45,DEL,123004,20260225,810812,ADJ,48000546,Y,AUTO-GENERATED TRANSACTION,25,556516,MT,40,-14240.01,0.00,45854,1567164,1608927.79
TXN000066,20250424,ACC000000066,53,CHE,248139,20260225,810727,ADJ,48000880,N,AUTO-GENERATED TRANSACTION,23,556508,VP,28,38662.68,0.00,45045,1423150,1413207.60
TXN000067,20250828,ACC000000067,52,CHE,316358,20260225,810451,POST,48000805,Y,AUTO-GENERATED TRANSACTION,44,556537,RS,35,25521.16,0.00,45124,2649402,2674256.59
TXN000068,20251223,ACC000000068,90,DEL,500194,20260225,810781,ADJ,48000454,Y,AUTO-GENERATED TRANSACTION,64,556558,VP,19,-25014.39,0.00,45233,2057328,2048316.78
TXN000069,20251013,ACC000000069,13,HYD,869238,20260225,810619,ADJ,48000675,N,AUTO-GENERATED TRANSACTION,32,556555,MT,32,-49023.28,0.00,45706,1686570,1669130.37
TXN000070,20250424,ACC000000070,28,HYD,593690,20260225,810629,POST,48000739,Y,AUTO-GENERATED TRANSACTION,54,556502,RS,4,-19436.96,0.00,45329,1090590,1138006.42
TXN000071,20250330,ACC000000071,96,CHE,179414,20260225,810878,ADJ,48000227,N,AUTO-GENERATED TRANSACTION,20,556599,RS,17,7738.97,0.00,45434,1489253,1511981.58
TXN000072,20250824,ACC000000072,81,MUM,872912,20260225,810232,POST,48000706,Y,AUTO-GENERATED TRANSACTION,61,556575,RS,12,21574.68,0.00,45268,1948527,1957840.74
TXN000073,20250604,ACC000000073,80,DEL,291884,20260225,810177,POST,48000103,N,AUTO-GENERATED TRANSACTION,99,556574,AK,12,40101.26,0.00,45929,2270793,2245885.88
TXN000074,20251202,ACC000000074,65,MUM,423507,20260225,810393,ADJ,48000485,N,AUTO-GENERATED TRANSACTION,88,556540,AK,6,-399.49,0.00,45832,1615622,1607643.45
TXN000075,20250109,ACC000000075,93,CHE,894258,20260225,810030,REV,48000862,N,AUTO-GENERATED TRANSACTION,53,556586,RS,28,3509.04,0.00,45852,2172992,2219826.76
TXN000076,20250804,ACC000000076,91,DEL,370644,20260225,810913,ADJ,48000293,N,AUTO-GENERATED TRANSACTION,42,556560,VP,9,-30517.17,0.00,45593,1232623,1212067.06
TXN000077,20251019,ACC000000077,51,PUN,854954,20260225,810131,POST,48000760,N,AUTO-GENERATED TRANSACTION,99,556573,RS,32,41095.45,0.00,45946,1242658,1257990.39
TXN000078,20250606,ACC000000078,34,MUM,162005,20260225,810545,ADJ,48000847,N,AUTO-GENERATED TRANSACTION,59,556515,MT,25,36977.65,0.00,45282,2717449,2670619.00
TXN000079,20250110,ACC000000079,51,DEL,311031,20260225,810688,ADJ,48000197,N,AUTO-GENERATED TRANSACTION,46,556529,VP,38,-16338.38,0.00,45213,1327413,1320018.76
TXN000080,20250117,ACC000000080,44,DEL,613378,20260225,810459,REV,48000366,Y,AUTO-GENERATED TRANSACTION,50,556547,MT,2,-33818.01,0.00,45329,2552278,2526916.54
TXN000081,20251208,ACC000000081,67,MUM,727903,20260225,810862,REV,48000213,N,AUTO-GENERATED TRANSACTION,32,556561,MT,37,42436.54,0.00,45652,2616294,2600779.44
TXN000082,20250414,ACC000000082,50,DEL,250074,20260225,810797,ADJ,48000952,Y,AUTO-GENERATED TRANSACTION,88,556586,RS,2,-36813.26,0.00,45895,2706774,2709529.03
TXN000083,20250905,ACC000000083,44,MUM,756895,20260225,810824,ADJ,48000962,N,AUTO-GENERATED TRANSACTION,96,556520,RS,13,-3776.70,0.00,45289,1597059,1594551.81
TXN000084,20250204,ACC000000084,71,PUN,860094,20260225,810224,REV,48000582,Y,AUTO-GENERATED TRANSACTION,22,556545,AK,34,1737.69,0.00,45768,1677144,1672276.78
TXN000085,20250711,ACC000000085,62,DEL,935170,20260225,810724,REV,48000146,Y,AUTO-GENERATED TRANSACTION,61,556547,AK,12,-8269.13,0.00,45611,2363178,2407765.77
TXN000086,20250222,ACC000000086,43,DEL,695468,20260225,810433,ADJ,48000407,N,AUTO-GENERATED TRANSACTION,15,556502,AK,38,-43147.01,0.00,45037,1953963,1993030.67
TXN000087,20251223,ACC000000087,88,MUM,721563,20260225,810694,ADJ,48000266,N,AUTO-GENERATED TRANSACTION,24,556530,AK,22,48662.02,0.00,45136,1829092,1825496.10
TXN000088,20250602,ACC000000088,82,PUN,373276,20260225,810016,ADJ,48000912,N,AUTO-GENERATED TRANSACTION,58,556592,AK,39,11583.64,0.00,45737,1899267,1868391.15
TXN000089,20250218,ACC000000089,41,MUM,727112,20260225,810866,POST,48000813,Y,AUTO-GENERATED TRANSACTION,74,556510,MT,31,27865.80,0.00,45411,1938805,1960299.01
TXN000090,20251116,ACC000000090,89,HYD,145597,20260225,810476,ADJ,48000922,Y,AUTO-GENERATED TRANSACTION,62,556513,VP,21,27410.91,0.00,45714,2863619,2907392.38
TXN000091,20250226,ACC000000091,82,MUM,707410,20260225,810327,POST,48000852,Y,AUTO-GENERATED TRANSACTION,33,556502,MT,9,7924.49,0.00,45112,1909339,1860694.33
TXN000055,20250917,ACC000000055,63,HYD,376586,20260225,810268,REV,48000936,Y,AUTO-GENERATED TRANSACTION,94,556554,AK,8,-32096.93,0.00,45104,2625639,2623327.24
TXN000093,20250515,ACC000000093,69,CHE,106322,20260225,810648,POST,48000317,N,AUTO-GENERATED TRANSACTION,14,556501,AK,1,44835.94,0.00,45161,2924891,2916205.50
TXN000094,20250104,ACC000000094,38,CHE,826425,20260225,810007,ADJ,48000520,Y,AUTO-GENERATED TRANSACTION,44,556542,AK,3,4630.33,0.00,45418,2046652,2078398.40
TXN000095,20250711,ACC000000095,37,DEL,501297,20260225,810850,REV,48000431,Y,AUTO-GENERATED TRANSACTION,47,556543,RS,26,-4158.30,0.00,45924,2472733,2460356.53
TXN000096,20250104,ACC000000096,49,CHE,959774,20260225,810638,REV,48000544,Y,AUTO-GENERATED TRANSACTION,61,556553,VP,37,32270.39,0.00,45555,1598466,1611847.81
TXN000097,20250212,ACC000000097,53,MUM,929514,20260225,810524,POST,48000082,N,AUTO-GENERATED TRANSACTION,22,556585,RS,18,33970.43,0.00,45108,1584171,1551614.12
TXN000098,20251001,ACC000000098,57,MUM,677115,20260225,810523,REV,48000612,Y,AUTO-GENERATED TRANSACTION,30,556562,AK,40,-31671.04,0.00,45421,2248259,2211483.42
TXN000099,20251218,ACC000000099,16,HYD,794969,20260225,810042,REV,48000046,Y,AUTO-GENERATED TRANSACTION,33,556522,VP,13,44818.31,0.00,45100,2920818,2962045.77
TXN000100,20250520,ACC000000100,12,HYD,460504,20260225,810884,ADJ,48000794,Y,AUTO-GENERATED TRANSACTION,84,556599,MT,4,39862.22,0.00,45879,1396135,1371621.82
TXN000101,20251004,ACC000000101,39,MUM,648441,20260225,810729,ADJ,48000935,Y,AUTO-GENERATED TRANSACTION,24,556596,VP,31,40372.30,0.00,45047,1730539,1710304.82
TXN000102,20250516,ACC000000102,51,HYD,801839,20260225,810430,POST,48000079,N,AUTO-GENERATED TRANSACTION,25,556544,MT,17,-21882.29,0.00,45532,2314491,2324120.07
TXN000103,20250727,ACC000000103,44,PUN,646395,20260225,810165,REV,48000423,Y,AUTO-GENERATED TRANSACTION,83,556526,MT,32,-21586.69,0.00,45894,2266747,2220356.10
TXN000104,20250728,ACC000000104,64,CHE,796322,20260225,810155,ADJ,48000326,N,AUTO-GENERATED TRANSACTION,14,556500,MT,31,-7909.16,0.00,45427,2613205,2623375.30
TXN000105,20250112,ACC000000105,91,PUN,954697,20260225,810648,REV,48000318,Y,AUTO-GENERATED TRANSACTION,95,556512,RS,26,39272.40,0.00,45489,1438719,1450048.51
TXN000106,20250524,ACC000000106,27,MUM,871451,20260225,810826,ADJ,48000785,Y,AUTO-GENERATED TRANSACTION,95,556534,AK,19,19946.51,0.00,45078,2748730,2768927.82
TXN000107,20250625,ACC000000107,59,DEL,893394,20260225,810626,REV,48000633,Y,AUTO-GENERATED TRANSACTION,23,556561,VP,11,-26832.20,0.00,45465,1032785,1008053.42
TXN000108,20250326,ACC000000108,85,CHE,989554,20260225,810866,POST,48000107,Y,AUTO-GENERATED TRANSACTION,91,556536,VP,39,-24107.61,0.00,45173,2820891,2789054.50
TXN000109,20250903,ACC000000109,41,PUN,845290,20260225,810120,POST,48000576,N,AUTO-GENERATED TRANSACTION,72,556526,RS,13,-1281.53,0.00,45223,1254499,1242073.16
TXN000110,20251123,ACC000000110,25,HYD,288784,20260225,810437,POST,48000384,N,AUTO-GENERATED TRANSACTION,57,556572,RS,13,12249.86,0.00,45339,2375838,2397951.97
TXN000073,20250604,ACC000000073,80,DEL,291884,20260225,810177,POST,48000103,N,AUTO-GENERATED TRANSACTION,99,556574,AK,12,40101.26,0.00,45929,2270793,2245885.88
TXN000112,20251205,ACC000000112,74,CHE,845533,20260225,810715,REV,48000651,N,AUTO-GENERATED TRANSACTION,70,556530,RS,26,-2317.12,0.00,45603,1110370,1085728.30
TXN000113,20251126,ACC000000113,54,CHE,712464,20260225,810973,ADJ,48000096,Y,AUTO-GENERATED TRANSACTION,52,556536,MT,13,-48158.19,0.00,45372,2704953,2692015.71
TXN000114,20250626,ACC000000114,32,MUM,621325,20260225,810241,POST,48000812,Y,AUTO-GENERATED TRANSACTION,49,556522,MT,21,21554.32,0.00,45831,2882172,2836452.23
TXN000115,20250106,ACC000000115,15,HYD,993245,20260225,810068,REV,48000754,Y,AUTO-GENERATED TRANSACTION,86,556598,AK,39,43794.74,0.00,45196,1170955,1193922.37
TXN000116,20250514,ACC000000116,70,HYD,150532,20260225,810526,REV,48000819,Y,AUTO-GENERATED TRANSACTION,93,556521,AK,16,33273.31,0.00,45206,2795855,2845453.04
TXN000117,20250803,ACC000000117,54,CHE,700855,20260225,810941,REV,48000907,Y,AUTO-GENERATED TRANSACTION,96,556533,VP,28,14538.72,0.00,45441,2548638,2504528.53
TXN000118,20250816,ACC000000118,70,HYD,875285,20260225,810228,ADJ,48000488,N,AUTO-GENERATED TRANSACTION,67,556589,MT,25,10173.31,0.00,45737,2345089,2359176.13
TXN000119,20250131,ACC000000119,85,HYD,358800,20260225,810775,ADJ,48000768,N,AUTO-GENERATED TRANSACTION,25,556568,AK,8,2813.92,0.00,45491,2070332,2061397.41
TXN000120,20250829,ACC000000120,92,DEL,390664,20260225,810381,POST,48000293,Y,AUTO-GENERATED TRANSACTION,87,556558,MT,35,-18504.92,0.00,45347,1059120,1042826.41
TXN000121,20250506,ACC000000121,82,PUN,470019,20260225,810438,ADJ,48000262,Y,AUTO-GENERATED TRANSACTION,19,556576,VP,12,39105.73,0.00,45468,1990658,1989496.63
TXN000122,20250125,ACC000000122,58,PUN,911438,20260225,810790,POST,48000590,N,AUTO-GENERATED TRANSACTION,22,556546,RS,1,3221.55,0.00,45585,1262393,1218651.45
TXN000123,20250128,ACC000000123,50,DEL,205123,20260225,810559,REV,48000970,N,AUTO-GENERATED TRANSACTION,42,556563,RS,24,-20358.58,0.00,45819,1233743,1245054.21
TXN000124,20250118,ACC000000124,43,MUM,818216,20260225,810323,POST,48000991,Y,AUTO-GENERATED TRANSACTION,44,556537,RS,38,-38702.50,0.00,45919,2700522,2733427.35
TXN000125,20250321,ACC000000125,73,HYD,101416,20260225,810198,POST,48000356,Y,AUTO-GENERATED TRANSACTION,58,556540,RS,20,16159.70,0.00,45281,1310069,1283460.01
TXN000126,20250508,ACC000000126,50,CHE,660370,20260225,810055,POST,48000837,Y,AUTO-GENERATED TRANSACTION,33,556557,RS,9,-27821.01,0.00,45729,2791110,2759254.59
TXN000127,20250417,ACC000000127,50,CHE,776078,20260225,810488,ADJ,48000768,Y,AUTO-GENERATED TRANSACTION,53,556560,AK,36,25851.62,0.00,45606,2231894,2265614.50
TXN000128,20251123,ACC000000128,29,HYD,990857,20260225,810335,ADJ,48000398,N,AUTO-GENERATED TRANSACTION,40,556535,MT,3,32082.31,0.00,45434,1900249,1896963.50
TXN000129,20251110,ACC000000129,79,DEL,387695,20260225,810368,POST,48000881,N,AUTO-GENERATED TRANSACTION,97,556572,AK,12,41780.06,0.00,45582,1309380,1347973.60
TXN000130,20251021,ACC000000130,68,DEL,955536,20260225,810691,POST,48000104,N,AUTO-GENERATED TRANSACTION,81,556577,VP,4,4746.21,0.00,45267,2461808,2454558.17
TXN000131,20250102,ACC000000131,79,HYD,229299,20260225,810837,ADJ,48000842,Y,AUTO-GENERATED TRANSACTION,55,556544,AK,38,-41862.22,0.00,45218,2183168,2188331.39
TXN000132,20251213,ACC000000132,14,PUN,349938,20260225,810356,POST,48000724,Y,AUTO-GENERATED TRANSACTION,67,556574,RS,12,-36468.84,0.00,45036,1745752,1747552.01
TXN000133,20251124,ACC000000133,19,PUN,646695,20260225,810220,REV,48000689,Y,AUTO-GENERATED TRANSACTION,46,556507,RS,26,-49745.40,0.00,45009,1390818,1367155.20
TXN000134,20251012,ACC000000134,69,HYD,830706,20260225,810374,REV,48000773,N,AUTO-GENERATED TRANSACTION,81,556510,VP,21,4536.33,0.00,45644,2968532,2942718.66
TXN000135,20250318,ACC000000135,53,DEL,294458,20260225,810648,ADJ,48000483,N,AUTO-GENERATED TRANSACTION,91,556551,VP,18,-34883.24,0.00,45076,2933012,2981405.43
TXN000136,20250128,ACC000000136,83,CHE,213476,20260225,810030,REV,48000287,Y,AUTO-GENERATED TRANSACTION,89,556548,RS,38,49851.46,0.00,45571,2517130,2475889.50
TXN000137,20250122,ACC000000137,41,MUM,835876,20260225,810712,REV,48000101,Y,AUTO-GENERATED TRANSACTION,75,556581,MT,7,46375.53,0.00,45517,2529492,2511492.77
TXN000138,20250126,ACC000000138,80,MUM,343421,20260225,810859,POST,48000194,Y,AUTO-GENERATED TRANSACTION,41,556535,AK,2,-10955.28,0.00,45155,1412701,1418960.94
TXN000139,20250523,ACC000000139,29,DEL,426630,20260225,810029,ADJ,48000680,Y,AUTO-GENERATED TRANSACTION,95,556536,AK,29,-4033.99,0.00,45113,2399998,2374555.49
TXN000140,20250809,ACC000000140,58,PUN,951325,20260225,810157,ADJ,48000409,N,AUTO-GENERATED TRANSACTION,58,556559,AK,2,31322.01,0.00,45421,2926864,2896752.44
TXN000141,20250414,ACC000000141,67,DEL,804132,20260225,810227,POST,48000409,N,AUTO-GENERATED TRANSACTION,67,556548,AK,6,-36982.36,0.00,45300,1513484,1521810.48
TXN000142,20250620,ACC000000142,64,HYD,693517,20260225,810514,REV,48000984,N,AUTO-GENERATED TRANSACTION,38,556566,VP,6,45040.12,0.00,45734,2605530,2610674.90
TXN000143,20250122,ACC000000143,83,PUN,344500,20260225,810475,REV,48000425,Y,AUTO-GENERATED TRANSACTION,53,556591,AK,28,-5373.96,0.00,45005,2174366,2196062.54
TXN000144,20250205,ACC000000144,12,MUM,174921,20260225,810774,POST,48000699,Y,AUTO-GENERATED TRANSACTION,73,556534,MT,20,-25834.58,0.00,45703,1466771,1489334.65
TXN000145,20250628,ACC000000145,72,DEL,654176,20260225,810320,REV,48000557,N,AUTO-GENERATED TRANSACTION,43,556583,VP,36,-21092.95,0.00,45063,2013279,2001652.25
TXN000146,20250725,ACC000000146,70,CHE,436849,20260225,810776,POST,48000717,N,AUTO-GENERATED TRANSACTION,33,556585,MT,33,21899.62,0.00,45504,2326611,2372674.77
TXN000147,20251226,ACC000000147,50,PUN,419107,20260225,810311,POST,48000683,Y,AUTO-GENERATED TRANSACTION,26,556577,MT,14,-27580.26,0.00,45755,1267300,1310610.00
TXN000148,20251124,ACC000000148,24,DEL,978038,20260225,810686,ADJ,48000504,N,AUTO-GENERATED TRANSACTION,49,556511,AK,40,33056.12,0.00,45419,2584244,2564820.18
TXN000149,20251128,ACC000000149,52,DEL,369298,20260225,810342,ADJ,48000230,Y,AUTO-GENERATED TRANSACTION,60,556550,AK,9,-12924.94,0.00,45792,2960751,2930481.30
TXN000055,20250917,ACC000000055,63,HYD,376586,20260225,810268,REV,48000936,Y,AUTO-GENERATED TRANSACTION,94,556554,AK,8,-32096.93,0.00,45104,2625639,2623327.24
TXN000151,20251024,ACC000000151,56,HYD,161099,20260225,810536,POST,48000426,N,AUTO-GENERATED TRANSACTION,78,556539,AK,35,38006.68,0.00,45862,2042608,2054067.18
TXN000152,20250904,ACC000000152,96,CHE,891148,20260225,810326,ADJ,48000353,Y,AUTO-GENERATED TRANSACTION,51,556592,MT,18,-800.30,0.00,45908,1101996,1063443.15
TXN000153,20250905,ACC000000153,14,DEL,481766,20260225,810718,REV,48000622,N,AUTO-GENERATED TRANSACTION,12,556574,RS,19,28076.79,0.00,45178,2094914,2117922.26
TXN000098,20251001,ACC000000098,57,MUM,677115,20260225,810523,REV,48000612,Y,AUTO-GENERATED TRANSACTION,30,556562,AK,40,-31671.04,0.00,45421,2248259,2211483.42
TXN000155,20250701,ACC000000155,55,MUM,742744,20260225,810458,ADJ,48000551,N,AUTO-GENERATED TRANSACTION,27,556537,MT,2,32077.68,0.00,45320,2455994,2457438.22
TXN000156,20250906,ACC000000156,52,DEL,967223,20260225,810481,ADJ,48000654,Y,AUTO-GENERATED TRANSACTION,13,556526,RS,16,-12925.13,0.00,45327,2754131,2723594.20
TXN000157,20250611,ACC000000157,83,HYD,792019,20260225,810652,POST,48000554,N,AUTO-GENERATED TRANSACTION,28,556596,MT,37,-31866.14,0.00,45541,1614627,1654472.36
TXN000158,20251114,ACC000000158,52,CHE,670692,20260225,810246,POST,48000544,N,AUTO-GENERATED TRANSACTION,17,556567,RS,21,32707.61,0.00,45515,1803909,1812210.16
TXN000159,20250620,ACC000000159,29,HYD,223726,20260225,810912,POST,48000458,N,AUTO-GENERATED TRANSACTION,48,556545,VP,11,29532.26,0.00,45309,1530829,1497807.30
TXN000160,20250107,ACC000000160,57,CHE,576484,20260225,810588,REV,48000613,Y,AUTO-GENERATED TRANSACTION,27,556559,VP,40,-30465.02,0.00,45525,1690265,1733928.92
TXN000161,20250813,ACC000000161,37,MUM,857532,20260225,810311,POST,48000174,N,AUTO-GENERATED TRANSACTION,69,556503,VP,30,-16655.96,0.00,45257,2790201,2836723.65
TXN000162,20250420,ACC000000162,46,PUN,648415,20260225,810306,POST,48000814,N,AUTO-GENERATED TRANSACTION,97,556585,MT,3,-9560.82,0.00,45613,1465332,1504742.74
TXN000163,20250912,ACC000000163,40,MUM,351151,20260225,810145,POST,48000635,N,AUTO-GENERATED TRANSACTION,57,556593,VP,29,-10704.03,0.00,45146,2667899,2635249.21
TXN000164,20250430,ACC000000164,95,HYD,668801,20260225,810159,POST,48000727,Y,AUTO-GENERATED TRANSACTION,34,556543,RS,3,30736.33,0.00,45882,2421412,2372744.15
TXN000165,20251218,ACC000000165,83,PUN,456773,20260225,810078,POST,48000781,Y,AUTO-GENERATED TRANSACTION,95,556554,RS,25,9378.82,0.00,45703,1994694,1962226.30
TXN000166,20251107,ACC000000166,16,PUN,907223,20260225,810963,ADJ,48000708,N,AUTO-GENERATED TRANSACTION,86,556517,AK,29,3463.17,0.00,45448,1516883,1560506.45
TXN000167,20250717,ACC000000167,90,DEL,885973,20260225,810681,REV,48000969,N,AUTO-GENERATED TRANSACTION,48,556510,RS,25,-6811.59,0.00,45855,2275146,2239154.97
TXN000168,20251210,ACC000000168,16,CHE,565206,20260225,810560,REV,48000795,Y,AUTO-GENERATED TRANSACTION,32,556582,RS,6,30173.14,0.00,45489,2633308,2640084.20
TXN000169,20250103,ACC000000169,46,MUM,512686,20260225,810826,POST,48000838,N,AUTO-GENERATED TRANSACTION,67,556562,VP,15,-8417.10,0.00,45105,1215608,1203855.70
TXN000170,20251120,ACC000000170,50,PUN,667800,20260225,810094,REV,48000906,N,AUTO-GENERATED TRANSACTION,30,556595,MT,23,21042.41,0.00,45640,2068331,2049567.17
TXN000171,20251016,ACC000000171,97,HYD,922560,20260225,810996,POST,48000137,N,AUTO-GENERATED TRANSACTION,21,556501,RS,1,18170.29,0.00,45873,1273414,1309271.82
TXN000172,20250805,ACC000000172,70,DEL,799420,20260225,810594,POST,48000315,N,AUTO-GENERATED TRANSACTION,48,556557,AK,40,41872.79,0.00,45294,2846736,2797197.43
TXN000173,20250203,ACC000000173,69,HYD,207726,20260225,810486,ADJ,48000744,Y,AUTO-GENERATED TRANSACTION,25,556593,RS,15,-25734.13,0.00,45187,1256413,1254490.01
TXN000174,20250705,ACC000000174,61,MUM,840102,20260225,810041,REV,48000667,Y,AUTO-GENERATED TRANSACTION,75,556558,MT,32,11426.28,0.00,45350,1509135,1511609.69
TXN000175,20250929,ACC000000175,63,DEL,758530,20260225,810935,REV,48000306,N,AUTO-GENERATED TRANSACTION,51,556571,AK,10,26174.80,0.00,45258,2750613,2752639.18
TXN000176,20250717,ACC000000176,99,CHE,455344,20260225,810255,REV,48000264,Y,AUTO-GENERATED TRANSACTION,10,556511,AK,18,41828.59,0.00,45892,2091735,2047621.35
TXN000177,20250703,ACC000000177,74,CHE,306509,20260225,810848,ADJ,48000592,N,AUTO-GENERATED TRANSACTION,36,556586,RS,1,-30865.64,0.00,45260,1296905,1306751.24
TXN000178,20251217,ACC000000178,24,MUM,582372,20260225,810520,REV,48000089,Y,AUTO-GENERATED TRANSACTION,17,556530,AK,31,15480.12,0.00,45366,1974184,2005303.38
TXN000179,20251204,ACC000000179,80,CHE,287675,20260225,810938,REV,48000025,N,AUTO-GENERATED TRANSACTION,82,556518,MT,29,37992.81,0.00,45533,2761131,2769245.79
TXN000180,20250729,ACC000000180,42,PUN,969007,20260225,810248,ADJ,48000350,N,AUTO-GENERATED TRANSACTION,55,556584,VP,5,-28928.60,0.00,45276,1600498,1624776.46
TXN000181,20250222,ACC000000181,68,PUN,929078,20260225,810863,POST,48000041,Y,AUTO-GENERATED TRANSACTION,85,556501,RS,5,-28849.76,0.00,45836,2656980,2644722.93
TXN000182,20250211,ACC000000182,64,MUM,350032,20260225,810663,POST,48000400,Y,AUTO-GENERATED TRANSACTION,15,556514,RS,10,-45800.23,0.00,45156,1405852,1398066.73
TXN000183,20251016,ACC000000183,73,CHE,999865,20260225,810705,ADJ,48000235,N,AUTO-GENERATED TRANSACTION,75,556596,RS,30,9624.30,0.00,45936,2770827,2757785.63
TXN000184,20250902,ACC000000184,78,PUN,582203,20260225,810793,REV,48000789,N,AUTO-GENERATED TRANSACTION,13,556515,VP,21,-42242.39,0.00,45568,1086615,1116830.33
TXN000185,20251022,ACC000000185,32,MUM,122806,20260225,810585,ADJ,48000653,Y,AUTO-GENERATED TRANSACTION,14,556595,AK,34,-23092.05,0.00,45232,2546208,2523785.06
TXN000186,20250402,ACC000000186,95,CHE,432114,20260225,810131,REV,48000633,N,AUTO-GENERATED TRANSACTION,72,556543,MT,7,-40245.45,0.00,45597,1648901,1653853.90
TXN000187,20251106,ACC000000187,25,CHE,577690,20260225,810659,POST,48000499,N,AUTO-GENERATED TRANSACTION,66,556506,MT,24,-49199.06,0.00,45632,2163718,2213075.94
TXN000188,20251214,ACC000000188,68,DEL,607866,20260225,810127,POST,48000326,N,AUTO-GENERATED TRANSACTION,80,556545,MT,25,-10782.23,0.00,45889,1429623,1402961.22
TXN000189,20251023,ACC000000189,27,MUM,415032,20260225,810569,REV,48000396,Y,AUTO-GENERATED TRANSACTION,11,556515,MT,14,-25043.48,0.00,45813,2030214,1998357.57
TXN000190,20251001,ACC000000190,61,MUM,382351,20260225,810965,REV,48000956,Y,AUTO-GENERATED TRANSACTION,94,556596,VP,22,22929.81,0.00,45402,1824680,1828477.88
TXN000191,20250729,ACC000000191,22,MUM,781336,20260225,810325,ADJ,48000587,N,AUTO-GENERATED TRANSACTION,93,556507,RS,17,-38434.10,0.00,45988,2327616,2280393.23
TXN000192,20250428,ACC000000192,49,MUM,592468,20260225,810319,REV,48000164,Y,AUTO-GENERATED TRANSACTION,91,556558,MT,8,-36747.32,0.00,45375,2553750,2541777.96
TXN000193,20250910,ACC000000193,85,MUM,824329,20260225,810462,ADJ,48000267,N,AUTO-GENERATED TRANSACTION,85,556585,VP,28,-794.36,0.00,45102,2977881,3004445.98
TXN000194,20250421,ACC000000194,39,MUM,371974,20260225,810126,REV,48000569,N,AUTO-GENERATED TRANSACTION,68,556582,RS,39,25843.04,0.00,45881,2541726,2509690.48
TXN000195,20251208,ACC000000195,46,HYD,759284,20260225,810795,REV,48000353,N,AUTO-GENERATED TRANSACTION,23,556576,AK,28,-25562.86,0.00,45114,2530503,2563637.74
TXN000196,20250907,ACC000000196,92,HYD,211341,20260225,810370,POST,48000957,Y,AUTO-GENERATED TRANSACTION,19,556539,VP,29,-15706.65,0.00,45227,2245174,2223867.08
TXN000197,20250312,ACC000000197,49,DEL,891150,20260225,810539,POST,48000042,N,AUTO-GENERATED TRANSACTION,85,556551,VP,14,1601.27,0.00,45645,1707204,1668784.21
TXN000198,20251217,ACC000000198,60,CHE,108336,20260225,810851,ADJ,48000570,Y,AUTO-GENERATED TRANSACTION,70,556521,AK,31,-7248.62,0.00,45639,1469656,1444596.28
TXN000199,20251112,ACC000000199,94,DEL,439929,20260225,810905,ADJ,48000901,N,AUTO-GENERATED TRANSACTION,75,556521,RS,17,21348.15,0.00,45771,1417618,1402643.60
TXN000200,20250730,ACC000000200,44,HYD,279383,20260225,810581,ADJ,48000951,N,AUTO-GENERATED TRANSACTION,91,556581,RS,7,40439.38,0.00,45203,2596060,2639975.04
TXN000201,20251012,ACC000000201,65,CHE,948449,20260225,810477,ADJ,48000270,Y,AUTO-GENERATED TRANSACTION,18,556531,MT,31,4852.89,0.00,45293,2843327,2841089.50
TXN000202,20250505,ACC000000202,41,PUN,515380,20260225,810104,REV,48000824,N,AUTO-GENERATED TRANSACTION,28,556513,VP,39,38849.45,0.00,45214,2086296,2101264.48
TXN000203,20250719,ACC000000203,57,PUN,642356,20260225,810826,REV,48000037,N,AUTO-GENERATED TRANSACTION,24,556507,RS,2,40873.11,0.00,45396,1029005,1074307.56
TXN000204,20250712,ACC000000204,38,MUM,692097,20260225,810794,POST,48000461,Y,AUTO-GENERATED TRANSACTION,89,556589,MT,5,-49333.61,0.00,45800,2599525,2639254.00
TXN000205,20250123,ACC000000205,56,DEL,895764,20260225,810870,POST,48000728,N,AUTO-GENERATED TRANSACTION,43,556593,RS,24,4524.44,0.00,45227,2126293,2163422.47
TXN000206,20250214,ACC000000206,51,PUN,478464,20260225,810691,REV,48000599,Y,AUTO-GENERATED TRANSACTION,89,556554,AK,29,6599.55,0.00,45446,2265586,2304912.70
TXN000207,20250327,ACC000000207,31,MUM,467266,20260225,810165,ADJ,48000920,Y,AUTO-GENERATED TRANSACTION,87,556534,AK,38,7181.40,0.00,45112,2657809,2695618.62
TXN000208,20251002,ACC000000208,65,HYD,136018,20260225,810852,ADJ,48000747,Y,AUTO-GENERATED TRANSACTION,24,556583,AK,40,16095.18,0.00,45209,1007530,1050071.26
TXN000209,20250708,ACC000000209,63,PUN,789958,20260225,810226,REV,48000959,N,AUTO-GENERATED TRANSACTION,19,556573,RS,10,16550.62,0.00,45512,1265558,1236145.44
TXN000210,20250811,ACC000000210,89,CHE,149842,20260225,810932,REV,48000443,N,AUTO-GENERATED TRANSACTION,38,556516,AK,26,-5815.96,0.00,45033,2147949,2170217.36
TXN000211,20250403,ACC000000211,87,CHE,183537,20260225,810616,POST,48000486,Y,AUTO-GENERATED TRANSACTION,38,556564,MT,11,-16614.22,0.00,45505,1149898,1177263.47
TXN000212,20251116,ACC000000212,21,CHE,321926,20260225,810122,POST,48000827,Y,AUTO-GENERATED TRANSACTION,28,556584,MT,12,29685.03,0.00,45767,1624811,1648039.11
TXN000213,20250716,ACC000000213,99,DEL,667428,20260225,810770,REV,48000460,N,AUTO-GENERATED TRANSACTION,19,556547,RS,2,-47291.71,0.00,45530,2813215,2843661.98
TXN000214,20251127,ACC000000214,13,HYD,483215,20260225,810243,POST,48000161,N,AUTO-GENERATED TRANSACTION,51,556575,MT,26,-14697.77,0.00,45232,2168255,2150250.54
TXN000215,20250504,ACC000000215,65,PUN,976100,20260225,810053,ADJ,48000687,N,AUTO-GENERATED TRANSACTION,50,556528,VP,39,26980.12,0.00,45573,2471375,2451191.97
TXN000216,20250715,ACC000000216,96,DEL,349498,20260225,810395,ADJ,48000812,N,AUTO-GENERATED TRANSACTION,87,556518,MT,28,46749.47,0.00,45788,2221640,2186315.15
TXN000217,20250225,ACC000000217,22,PUN,884461,20260225,810037,ADJ,48000458,N,AUTO-GENERATED TRANSACTION,14,556586,MT,27,-47256.32,0.00,45394,1870602,1882256.56
TXN000218,20250518,ACC000000218,99,MUM,952615,20260225,810577,POST,48000733,Y,AUTO-GENERATED TRANSACTION,77,556556,VP,19,48348.43,0.00,45870,1218394,1243989.66
TXN000219,20250219,ACC000000219,48,DEL,550236,20260225,810952,POST,48000226,N,AUTO-GENERATED TRANSACTION,78,556598,VP,16,26648.48,0.00,45719,2991562,2973877.78
TXN000220,20250106,ACC000000220,55,HYD,353971,20260225,810528,REV,48000084,Y,AUTO-GENERATED TRANSACTION,46,556520,RS,21,4746.89,0.00,45438,1504043,1515685.73
TXN000221,20250708,ACC000000221,45,MUM,976490,20260225,810450,POST,48000307,Y,AUTO-GENERATED TRANSACTION,91,556546,VP,31,-41316.69,0.00,45705,1700358,1660626.78
TXN000222,20250306,ACC000000222,25,DEL,737452,20260225,810247,ADJ,48000483,Y,AUTO-GENERATED TRANSACTION,67,556566,MT,33,-45022.78,0.00,45186,1355123,1402086.98
TXN000223,20250314,ACC000000223,77,MUM,488765,20260225,810964,POST,48000312,Y,AUTO-GENERATED TRANSACTION,84,556590,RS,4,25268.79,0.00,45146,2967316,2947998.64
TXN000224,20251003,ACC000000224,98,MUM,244980,20260225,810973,POST,48000084,Y,AUTO-GENERATED TRANSACTION,49,556520,VP,7,3934.11,0.00,45015,2480384,2497788.78
TXN000225,20250701,ACC000000225,90,PUN,455054,20260225,810111,POST,48000335,N,AUTO-GENERATED TRANSACTION,85,556563,MT,31,41299.47,0.00,45582,2965216,3000074.01
TXN000226,20250111,ACC000000226,97,DEL,807877,20260225,810859,REV,48000221,N,AUTO-GENERATED TRANSACTION,43,556574,RS,30,19504.22,0.00,45699,1614178,1636252.62
TXN000227,20250610,ACC000000227,67,DEL,438355,20260225,810872,REV,48000390,Y,AUTO-GENERATED TRANSACTION,52,556589,VP,35,36964.00,0.00,45088,1412650,1413667.33
TXN000228,20250617,ACC000000228,20,HYD,811276,20260225,810744,POST,48000705,Y,AUTO-GENERATED TRANSACTION,54,556544,VP,8,-46514.41,0.00,45002,1303982,1286727.77
TXN000229,20250909,ACC000000229,40,HYD,129229,20260225,810533,ADJ,48000349,Y,AUTO-GENERATED TRANSACTION,42,556532,RS,24,35913.80,0.00,45948,1748311,1719946.78
TXN000230,20250723,ACC000000230,90,DEL,962580,20260225,810544,ADJ,48000920,N,AUTO-GENERATED TRANSACTION,80,556549,AK,2,-13959.29,0.00,45872,2202551,2187657.72
TXN000231,20251029,ACC000000231,53,DEL,576948,20260225,810128,REV,48000465,Y,AUTO-GENERATED TRANSACTION,62,556560,MT,27,19177.15,0.00,45471,2282636,2329633.22
TXN000232,20250607,ACC000000232,32,HYD,489835,20260225,810739,ADJ,48000740,Y,AUTO-GENERATED TRANSACTION,34,556569,RS,6,-4776.30,0.00,45601,1494760,1518693.39
TXN000233,20250421,ACC000000233,96,CHE,942599,20260225,810457,POST,48000254,N,AUTO-GENERATED TRANSACTION,20,556518,AK,11,-10975.21,0.00,45634,1993744,1959816.45
TXN000234,20250329,ACC000000234,94,MUM,849578,20260225,810412,ADJ,48000012,Y,AUTO-GENERATED TRANSACTION,27,556500,MT,18,32832.82,0.00,45098,2912556,2899892.50
TXN000235,20250411,ACC000000235,61,PUN,292739,20260225,810250,REV,48000830,N,AUTO-GENERATED TRANSACTION,73,556522,MT,2,8027.32,0.00,45465,2133233,2139109.44
TXN000236,20251016,ACC000000236,67,MUM,285154,20260225,810585,ADJ,48000027,Y,AUTO-GENERATED TRANSACTION,88,556562,RS,19,-33927.61,0.00,45817,2393961,2405938.71
TXN000237,20250418,ACC000000237,32,MUM,401475,20260225,810496,REV,48000501,N,AUTO-GENERATED TRANSACTION,79,556546,VP,4,6163.62,0.00,45155,2702466,2684058.73
TXN000073,20250604,ACC000000073,80,DEL,291884,20260225,810177,POST,48000103,N,AUTO-GENERATED TRANSACTION,99,556574,AK,12,40101.26,0.00,45929,2270793,2245885.88
TXN000239,20250829,ACC000000239,48,PUN,131879,20260225,810583,POST,48000894,Y,AUTO-GENERATED TRANSACTION,91,556578,MT,9,37522.50,0.00,45642,1168561,1161395.80
TXN000240,20250906,ACC000000240,39,CHE,831289,20260225,810741,ADJ,48000096,Y,AUTO-GENERATED TRANSACTION,46,556557,MT,37,29525.13,0.00,45272,1576306,1530452.19
TXN000241,20251117,ACC000000241,89,DEL,532644,20260225,810870,POST,48000843,Y,AUTO-GENERATED TRANSACTION,57,556506,RS,34,-33852.73,0.00,45945,1063463,1061471.09
TXN000242,20250328,ACC000000242,95,CHE,595447,20260225,810573,REV,48000142,N,AUTO-GENERATED TRANSACTION,26,556521,VP,40,27367.10,0.00,45949,2148556,2144666.84
TXN000243,20250306,ACC000000243,84,DEL,683368,20260225,810379,POST,48000971,Y,AUTO-GENERATED TRANSACTION,28,556580,VP,22,5541.29,0.00,45804,1895325,1851004.97
TXN000244,20251028,ACC000000244,76,CHE,861211,20260225,810741,POST,48000183,N,AUTO-GENERATED TRANSACTION,71,556508,RS,33,23976.35,0.00,45369,1623570,1651327.71
TXN000245,20250825,ACC000000245,20,MUM,776221,20260225,810044,ADJ,48000641,N,AUTO-GENERATED TRANSACTION,61,556537,RS,15,-35032.74,0.00,45141,1285614,1309695.24
TXN000246,20251107,ACC000000246,65,MUM,850305,20260225,810429,ADJ,48000520,N,AUTO-GENERATED TRANSACTION,16,556547,VP,19,39492.47,0.00,45074,1664579,1684709.62
TXN000247,20250628,ACC000000247,83,DEL,684556,20260225,810701,REV,48000178,N,AUTO-GENERATED TRANSACTION,16,556510,AK,33,-44140.00,0.00,45119,2269149,2258391.71
TXN000248,20250108,ACC000000248,82,MUM,259512,20260225,810148,POST,48000001,N,AUTO-GENERATED TRANSACTION,89,556579,MT,37,-41806.62,0.00,45087,2490855,2526840.32
TXN000249,20251013,ACC000000249,78,DEL,558950,20260225,810160,ADJ,48000483,N,AUTO-GENERATED TRANSACTION,21,556570,MT,6,-31358.60,0.00,45606,2158647,2117435.79
TXN000250,20251104,ACC000000250,26,HYD,213250,20260225,810387,ADJ,48000913,Y,AUTO-GENERATED TRANSACTION,72,556581,RS,36,40558.80,0.00,45205,2779113,2748709.01
TXN000251,20251130,ACC000000251,35,PUN,580654,20260225,810570,POST,48000085,Y,AUTO-GENERATED TRANSACTION,84,556508,RS,23,30430.77,0.00,45691,2009383,1976459.85
TXN000252,20250926,ACC000000252,41,DEL,407601,20260225,810863,POST,48000628,Y,AUTO-GENERATED TRANSACTION,16,556508,AK,40,-7631.71,0.00,45226,2652756,2614752.88
TXN000253,20251102,ACC000000253,68,HYD,755517,20260225,810564,REV,48000203,Y,AUTO-GENERATED TRANSACTION,79,556597,MT,12,47215.64,0.00,45531,1229876,1226708.45
TXN000254,20250109,ACC000000254,63,PUN,199673,20260225,810888,REV,48000173,Y,AUTO-GENERATED TRANSACTION,11,556534,AK,18,-8897.62,0.00,45499,1263511,1224149.90
TXN000255,20250427,ACC000000255,66,DEL,153417,20260225,810321,REV,48000461,Y,AUTO-GENERATED TRANSACTION,64,556525,RS,11,-21431.26,0.00,45205,1425807,1442905.58
TXN000243,20250306,ACC000000243,84,DEL,683368,20260225,810379,POST,48000971,Y,AUTO-GENERATED TRANSACTION,28,556580,VP,22,5541.29,0.00,45804,1895325,1851004.97
TXN000257,20251013,ACC000000257,16,HYD,783629,20260225,810898,REV,48000624,N,AUTO-GENERATED TRANSACTION,25,556535,MT,23,35411.83,0.00,45736,2125724,2152618.87
TXN000258,20250521,ACC000000258,93,DEL,197530,20260225,810103,POST,48000782,Y,AUTO-GENERATED TRANSACTION,36,556580,RS,36,-28636.72,0.00,45954,1024571,1002077.33
TXN000259,20251008,ACC000000259,87,HYD,602007,20260225,810027,POST,48000591,Y,AUTO-GENERATED TRANSACTION,12,556555,VP,20,-35825.21,0.00,45102,2563937,2609819.78
TXN000260,20250611,ACC000000260,39,DEL,533130,20260225,810309,ADJ,48000525,N,AUTO-GENERATED TRANSACTION,77,556509,VP,13,32010.61,0.00,45090,1543597,1526262.51
TXN000261,20250707,ACC000000261,43,DEL,136515,20260225,810447,REV,48000872,N,AUTO-GENERATED TRANSACTION,85,556507,RS,39,3569.97,0.00,45241,2251740,2270993.04
TXN000262,20251004,ACC000000262,70,DEL,156621,20260225,810203,REV,48000465,N,AUTO-GENERATED TRANSACTION,84,556553,VP,9,12717.84,0.00,45532,2218075,2256972.48
TXN000263,20250605,ACC000000263,93,DEL,584122,20260225,810691,ADJ,48000501,Y,AUTO-GENERATED TRANSACTION,36,556592,MT,11,-39418.26,0.00,45408,2799526,2778622.95
TXN000264,20250404,ACC000000264,96,DEL,433570,20260225,810009,POST,48000496,N,AUTO-GENERATED TRANSACTION,89,556555,VP,11,22928.39,0.00,45636,2320818,2365504.71
TXN000265,20250428,ACC000000265,51,CHE,230230,20260225,810333,ADJ,48000851,N,AUTO-GENERATED TRANSACTION,34,556582,MT,36,-36265.35,0.00,45595,2392807,2426495.83
TXN000266,20251001,ACC000000266,51,MUM,844010,20260225,810082,REV,48000054,Y,AUTO-GENERATED TRANSACTION,41,556556,RS,28,27320.10,0.00,45707,2324971,2287570.41
TXN000267,20250429,ACC000000267,20,MUM,533987,20260225,810556,REV,48000959,Y,AUTO-GENERATED TRANSACTION,22,556550,RS,39,-40154.03,0.00,45972,1717188,1698525.31
TXN000268,20250406,ACC000000268,47,CHE,863665,20260225,810338,REV,48000402,N,AUTO-GENERATED TRANSACTION,63,556533,RS,32,-31981.83,0.00,45121,2406687,2436943.48
TXN000269,20250108,ACC000000269,21,DEL,491363,20260225,810290,ADJ,48000641,N,AUTO-GENERATED TRANSACTION,60,556541,VP,36,21615.12,0.00,45470,1032030,1003982.24
TXN000270,20251124,ACC000000270,83,CHE,500751,20260225,810845,ADJ,48000820,Y,AUTO-GENERATED TRANSACTION,99,556564,AK,20,45981.56,0.00,45715,2837958,2848248.42
TXN000271,20251119,ACC000000271,69,HYD,804544,20260225,810142,ADJ,48000129,Y,AUTO-GENERATED TRANSACTION,40,556534,MT,3,14567.57,0.00,45950,1930792,1922673.79
TXN000272,20250727,ACC000000272,71,CHE,209890,20260225,810788,ADJ,48000893,N,AUTO-GENERATED TRANSACTION,35,556528,RS,34,23090.06,0.00,45182,2659911,2660862.33
TXN000273,20250706,ACC000000273,22,DEL,416381,20260225,810087,POST,48000714,Y,AUTO-GENERATED TRANSACTION,23,556524,MT,37,17989.21,0.00,45766,2626143,2665656.11
TXN000274,20251230,ACC000000274,13,PUN,991101,20260225,810584,REV,48000932,Y,AUTO-GENERATED TRANSACTION,97,556572,MT,24,40406.77,0.00,45033,2816303,2836492.28
TXN000275,20251015,ACC000000275,98,PUN,890568,20260225,810719,REV,48000029,N,AUTO-GENERATED TRANSACTION,51,556539,VP,15,-29829.87,0.00,45113,1183320,1139249.01
TXN000276,20251130,ACC000000276,61,HYD,305414,20260225,810239,ADJ,48000786,Y,AUTO-GENERATED TRANSACTION,72,556525,VP,4,-49815.23,0.00,45328,1976778,2013604.78
TXN000277,20251116,ACC000000277,87,MUM,660283,20260225,810569,REV,48000029,Y,AUTO-GENERATED TRANSACTION,89,556599,VP,18,32635.04,0.00,45759,1903744,1913799.85
TXN000278,20250613,ACC000000278,50,CHE,379972,20260225,810948,POST,48000106,N,AUTO-GENERATED TRANSACTION,79,556542,VP,23,-5409.15,0.00,45029,1201895,1168030.98
TXN000279,20250104,ACC000000279,35,MUM,742437,20260225,810987,POST,48000714,N,AUTO-GENERATED TRANSACTION,80,556547,VP,33,32681.45,0.00,45907,1801486,1766586.11
TXN000280,20251025,ACC000000280,42,DEL,611864,20260225,810676,REV,48000071,Y,AUTO-GENERATED TRANSACTION,31,556561,MT,30,3872.45,0.00,45054,1994320,2013845.17
TXN000281,20250531,ACC000000281,14,MUM,254602,20260225,810111,REV,48000380,N,AUTO-GENERATED TRANSACTION,11,556510,MT,5,12630.26,0.00,45584,1893831,1873943.34
TXN000282,20251018,ACC000000282,31,DEL,733287,20260225,810132,REV,48000499,N,AUTO-GENERATED TRANSACTION,47,556591,RS,35,5582.93,0.00,45439,2588733,2630476.92
TXN000283,20250706,ACC000000283,92,DEL,303186,20260225,810363,POST,48000922,N,AUTO-GENERATED TRANSACTION,82,556584,MT,27,-17447.71,0.00,45149,2272103,2262092.79
TXN000284,20251202,ACC000000284,31,MUM,894583,20260225,810651,REV,48000423,Y,AUTO-GENERATED TRANSACTION,65,556557,RS,11,-17936.16,0.00,45481,1575499,1541162.54
TXN000285,20250407,ACC000000285,84,MUM,713399,20260225,810978,POST,48000797,N,AUTO-GENERATED TRANSACTION,89,556521,MT,2,37808.57,0.00,45718,2515261,2471585.68
TXN000286,20251230,ACC000000286,64,DEL,454901,20260225,810378,REV,48000485,Y,AUTO-GENERATED TRANSACTION,41,556509,VP,7,14017.78,0.00,45756,1073551,1061998.15
TXN000287,20250816,ACC000000287,25,CHE,792454,20260225,810771,POST,48000689,N,AUTO-GENERATED TRANSACTION,24,556583,VP,37,-7618.57,0.00,45622,1109037,1077342.34
TXN000288,20250805,ACC000000288,16,MUM,409755,20260225,810957,ADJ,48000860,N,AUTO-GENERATED TRANSACTION,65,556525,AK,5,-14504.74,0.00,45605,1043185,1021834.28
TXN000289,20250318,ACC000000289,25,PUN,992915,20260225,810993,POST,48000670,Y,AUTO-GENERATED TRANSACTION,95,556508,MT,25,-23225.48,0.00,45380,1873443,1869612.14
TXN000290,20250517,ACC000000290,58,PUN,663655,20260225,810119,POST,48000268,Y,AUTO-GENERATED TRANSACTION,45,556599,VP,22,-33723.73,0.00,45041,2609828,2605430.11
TXN000291,20251027,ACC000000291,47,CHE,357039,20260225,810815,ADJ,48000094,Y,AUTO-GENERATED TRANSACTION,35,556521,VP,14,-28020.95,0.00,45913,1911431,1943022.85
TXN000292,20250329,ACC000000292,56,CHE,786089,20260225,810153,REV,48000772,N,AUTO-GENERATED TRANSACTION,71,556580,AK,5,-35253.91,0.00,45834,1835069,1797368.51
TXN000293,20251215,ACC000000293,21,MUM,394228,20260225,810061,ADJ,48000371,Y,AUTO-GENERATED TRANSACTION,45,556539,RS,10,-10555.24,0.00,45934,1237102,1269563.66
TXN000294,20250826,ACC000000294,76,CHE,359322,20260225,810421,REV,48000151,Y,AUTO-GENERATED TRANSACTION,68,556537,RS,24,31393.61,0.00,45650,2935579,2953043.23
TXN000295,20250809,ACC000000295,72,PUN,466183,20260225,810221,REV,48000430,N,AUTO-GENERATED TRANSACTION,75,556550,VP,10,-7941.72,0.00,45229,1423970,1376418.10
TXN000296,20250720,ACC000000296,34,HYD,397880,20260225,810820,ADJ,48000100,N,AUTO-GENERATED TRANSACTION,92,556532,AK,32,19581.85,0.00,45281,2328004,2323346.44
TXN000297,20250416,ACC000000297,98,MUM,713841,20260225,810760,REV,48000514,N,AUTO-GENERATED TRANSACTION,65,556587,AK,4,17185.30,0.00,45068,2603401,2630106.54
TXN000298,20250620,ACC000000298,18,CHE,603704,20260225,810163,POST,48000846,N,AUTO-GENERATED TRANSACTION,64,556556,AK,11,-15289.75,0.00,45343,2398303,2350188.80
TXN000299,20250703,ACC000000299,39,MUM,131138,20260225,810162,ADJ,48000371,Y,AUTO-GENERATED TRANSACTION,29,556514,VP,26,-23764.60,0.00,45109,2593824,2583893.42
TXN000300,20260101,ACC000000300,26,CHE,316635,20260225,810488,REV,48000882,Y,AUTO-GENERATED TRANSACTION,92,556576,MT,13,8723.76,0.00,45694,1889633,1884558.25
TXN000301,20251017,ACC000000301,83,CHE,264184,20260225,810055,REV,48000477,N,AUTO-GENERATED TRANSACTION,91,556582,RS,1,3131.03,0.00,45492,1436922,1400481.87
TXN000302,20250818,ACC000000302,98,MUM,851882,20260225,810355,REV,48000636,N,AUTO-GENERATED TRANSACTION,39,556569,AK,23,-45787.07,0.00,45016,2880662,2848237.48
TXN000303,20251228,ACC000000303,59,MUM,780622,20260225,810229,ADJ,48000439,Y,AUTO-GENERATED TRANSACTION,73,556587,AK,2,28035.53,0.00,45170,2777271,2808187.13
TXN000304,20250828,ACC000000304,43,CHE,439140,20260225,810455,REV,48000743,Y,AUTO-GENERATED TRANSACTION,62,556538,RS,38,-22270.61,0.00,45133,2034998,2059286.05
TXN000305,20250824,ACC000000305,20,PUN,471660,20260225,810371,ADJ,48000804,Y,AUTO-GENERATED TRANSACTION,56,556507,AK,1,3483.07,0.00,45242,2400932,2357278.94
TXN000306,20250702,ACC000000306,55,DEL,613736,20260225,810945,ADJ,48000859,N,AUTO-GENERATED TRANSACTION,34,556599,RS,8,18715.28,0.00,45253,2963774,2921807.70
TXN000307,20250210,ACC000000307,29,DEL,167061,20260225,810446,REV,48000205,Y,AUTO-GENERATED TRANSACTION,38,556528,VP,34,32181.28,0.00,45589,1925834,1964259.00
TXN000308,20251013,ACC000000308,56,MUM,694899,20260225,810562,ADJ,48000349,Y,AUTO-GENERATED TRANSACTION,18,556534,RS,10,16877.05,0.00,45250,2969769,3005656.03
TXN000309,20250412,ACC000000309,80,MUM,846738,20260225,810900,REV,48000767,N,AUTO-GENERATED TRANSACTION,27,556531,RS,17,15603.04,0.00,45300,2705816,2713572.62
TXN000310,20250526,ACC000000310,91,PUN,634064,20260225,810619,POST,48000437,N,AUTO-GENERATED TRANSACTION,84,556537,AK,25,-22163.51,0.00,45123,2701628,2744040.00
TXN000224,20251003,ACC000000224,98,MUM,244980,20260225,810973,POST,48000084,Y,AUTO-GENERATED TRANSACTION,49,556520,VP,7,3934.11,0.00,45015,2480384,2497788.78
TXN000312,20250317,ACC000000312,23,HYD,667520,20260225,810225,POST,48000297,Y,AUTO-GENERATED TRANSACTION,69,556568,VP,2,14473.89,0.00,45351,1433324,1441454.10
TXN000313,20250814,ACC000000313,35,MUM,421073,20260225,810042,ADJ,48000255,N,AUTO-GENERATED TRANSACTION,55,556501,VP,27,-12889.84,0.00,45730,1583216,1563523.75
TXN000314,20251127,ACC000000314,23,CHE,971860,20260225,810622,ADJ,48000699,Y,AUTO-GENERATED TRANSACTION,16,556535,MT,33,7011.86,0.00,45984,1291134,1286779.29
TXN000315,20250626,ACC000000315,16,MUM,866038,20260225,810286,POST,48000075,Y,AUTO-GENERATED TRANSACTION,55,556578,MT,32,15218.92,0.00,45184,1758216,1744699.31
TXN000316,20250730,ACC000000316,53,PUN,556355,20260225,810727,POST,48000136,N,AUTO-GENERATED TRANSACTION,87,556585,MT,4,17574.68,0.00,45549,1339129,1343517.71
TXN000317,20251002,ACC000000317,81,MUM,647158,20260225,810587,REV,48000545,N,AUTO-GENERATED TRANSACTION,33,556510,MT,26,-1818.90,0.00,45279,2834609,2835480.38
TXN000318,20250923,ACC000000318,33,MUM,611133,20260225,810222,ADJ,48000300,N,AUTO-GENERATED TRANSACTION,28,556597,VP,34,-3604.82,0.00,45908,1290436,1265101.74
TXN000319,20250605,ACC000000319,31,PUN,723984,20260225,810740,ADJ,48000673,N,AUTO-GENERATED TRANSACTION,31,556536,AK,2,37151.68,0.00,45732,2388700,2431907.09
TXN000320,20250402,ACC000000320,30,DEL,436289,20260225,810659,REV,48000537,Y,AUTO-GENERATED TRANSACTION,25,556535,AK,11,4279.61,0.00,45542,2231536,2231094.30
TXN000321,20250720,ACC000000321,24,HYD,616375,20260225,810158,POST,48000919,N,AUTO-GENERATED TRANSACTION,24,556584,MT,15,17693.26,0.00,45652,1383665,1385579.39
TXN000322,20250706,ACC000000322,17,HYD,853884,20260225,810224,ADJ,48000789,Y,AUTO-GENERATED TRANSACTION,16,556543,AK,22,-42984.91,0.00,45405,2858042,2831712.96
TXN000323,20251230,ACC000000323,71,DEL,717653,20260225,810077,REV,48000737,N,AUTO-GENERATED TRANSACTION,82,556566,MT,20,-13389.93,0.00,45809,1691719,1676074.48
TXN000324,20250825,ACC000000324,29,MUM,310279,20260225,810981,REV,48000215,Y,AUTO-GENERATED TRANSACTION,20,556587,VP,17,-25965.44,0.00,45065,2279979,2311548.85
TXN000325,20251124,ACC000000325,53,HYD,411269,20260225,810758,REV,48000749,Y,AUTO-GENERATED TRANSACTION,14,556514,RS,25,41692.00,0.00,45351,2904398,2904729.05
TXN000326,20250130,ACC000000326,93,HYD,233507,20260225,810395,POST,48000435,Y,AUTO-GENERATED TRANSACTION,44,556549,VP,23,-15951.68,0.00,45982,2896287,2900935.41
TXN000327,20251208,ACC000000327,39,PUN,276237,20260225,810971,REV,48000380,N,AUTO-GENERATED TRANSACTION,56,556582,RS,19,-49098.81,0.00,45125,2036354,1989372.85
TXN000328,20251031,ACC000000328,97,MUM,369918,20260225,810551,ADJ,48000026,Y,AUTO-GENERATED TRANSACTION,19,556504,MT,27,-34725.70,0.00,45949,2908774,2926848.37
TXN000329,20250525,ACC000000329,80,HYD,209557,20260225,810283,POST,48000921,N,AUTO-GENERATED TRANSACTION,50,556572,RS,27,7596.14,0.00,45813,2471496,2493352.27
TXN000239,20250829,ACC000000239,48,PUN,131879,20260225,810583,POST,48000894,Y,AUTO-GENERATED TRANSACTION,91,556578,MT,9,37522.50,0.00,45642,1168561,1161395.80
TXN000331,20250327,ACC000000331,21,CHE,229325,20260225,810615,POST,48000912,Y,AUTO-GENERATED TRANSACTION,99,556507,MT,34,9816.82,0.00,45390,2235940,2257544.51
TXN000332,20251208,ACC000000332,42,CHE,769919,20260225,810876,POST,48000476,N,AUTO-GENERATED TRANSACTION,34,556550,RS,38,-270.27,0.00,45946,1518050,1532206.18
TXN000270,20251124,ACC000000270,83,CHE,500751,20260225,810845,ADJ,48000820,Y,AUTO-GENERATED TRANSACTION,99,556564,AK,20,45981.56,0.00,45715,2837958,2848248.42
TXN000334,20251124,ACC000000334,37,MUM,543068,20260225,810494,REV,48000911,N,AUTO-GENERATED TRANSACTION,30,556541,MT,19,29910.30,0.00,45199,2941422,2919422.27
TXN000335,20251014,ACC000000335,66,MUM,522584,20260225,810196,REV,48000307,Y,AUTO-GENERATED TRANSACTION,86,556551,RS,37,-47751.30,0.00,45723,1368891,1414925.01
TXN000336,20250227,ACC000000336,60,PUN,563592,20260225,810257,ADJ,48000189,N,AUTO-GENERATED TRANSACTION,81,556581,AK,29,-45221.28,0.00,45268,1627994,1617877.04
TXN000337,20250308,ACC000000337,68,CHE,356400,20260225,810877,POST,48000415,Y,AUTO-GENERATED TRANSACTION,43,556588,RS,3,33275.68,0.00,45804,1295029,1326184.18
TXN000338,20250721,ACC000000338,32,DEL,672950,20260225,810031,ADJ,48000931,Y,AUTO-GENERATED TRANSACTION,46,556546,RS,11,-4975.92,0.00,45274,2450708,2434339.07
TXN000339,20250324,ACC000000339,44,DEL,987114,20260225,810584,ADJ,48000917,Y,AUTO-GENERATED TRANSACTION,30,556535,VP,16,41071.02,0.00,45319,2251705,2217012.13
TXN000218,20250518,ACC000000218,99,MUM,952615,20260225,810577,POST,48000733,Y,AUTO-GENERATED TRANSACTION,77,556556,VP,19,48348.43,0.00,45870,1218394,1243989.66
TXN000341,20250305,ACC000000341,71,PUN,109885,20260225,810974,POST,48000050,Y,AUTO-GENERATED TRANSACTION,48,556558,AK,34,3119.70,0.00,45538,1198312,1203181.33
TXN000342,20251024,ACC000000342,29,MUM,527216,20260225,810051,REV,48000206,N,AUTO-GENERATED TRANSACTION,68,556529,VP,36,-18076.78,0.00,45588,2233547,2238164.62
TXN000343,20250802,ACC000000343,85,CHE,792367,20260225,810954,REV,48000298,N,AUTO-GENERATED TRANSACTION,48,556529,VP,2,-40055.86,0.00,45941,1472316,1482750.60
TXN000344,20250502,ACC000000344,93,HYD,629393,20260225,810348,ADJ,48000821,N,AUTO-GENERATED TRANSACTION,26,556563,VP,1,-5864.05,0.00,45959,1209882,1193571.32
TXN000345,20250516,ACC000000345,45,PUN,608925,20260225,810641,REV,48000217,N,AUTO-GENERATED TRANSACTION,83,556546,VP,19,44574.34,0.00,45819,2611269,2640861.10
TXN000224,20251003,ACC000000224,98,MUM,244980,20260225,810973,POST,48000084,Y,AUTO-GENERATED TRANSACTION,49,556520,VP,7,3934.11,0.00,45015,2480384,2497788.78
TXN000347,20250130,ACC000000347,93,MUM,571472,20260225,810071,POST,48000772,Y,AUTO-GENERATED TRANSACTION,25,556515,VP,30,-12502.73,0.00,45778,1822975,1839259.74
TXN000348,20250121,ACC000000348,67,CHE,115070,20260225,810556,REV,48000051,N,AUTO-GENERATED TRANSACTION,97,556570,MT,15,48261.11,0.00,45794,2582502,2546314.87
TXN000349,20251003,ACC000000349,77,CHE,154161,20260225,810277,REV,48000994,Y,AUTO-GENERATED TRANSACTION,90,556562,AK,17,-14539.02,0.00,45007,1249023,1241136.53
TXN000350,20250610,ACC000000350,49,HYD,242009,20260225,810610,REV,48000393,Y,AUTO-GENERATED TRANSACTION,51,556511,MT,19,-2922.41,0.00,45492,2803398,2822676.57
TXN000351,20251123,ACC000000351,81,CHE,175784,20260225,810504,ADJ,48000116,N,AUTO-GENERATED TRANSACTION,45,556567,RS,3,-41482.72,0.00,45719,1820334,1802704.78
TXN000352,20250211,ACC000000352,87,MUM,551766,20260225,810558,ADJ,48000941,Y,AUTO-GENERATED TRANSACTION,52,556593,AK,10,13180.21,0.00,45240,1376616,1350819.40
TXN000353,20251011,ACC000000353,29,PUN,600156,20260225,810872,POST,48000213,N,AUTO-GENERATED TRANSACTION,51,556501,RS,38,-10294.96,0.00,45477,1615954,1588540.16
TXN000354,20250909,ACC000000354,98,DEL,115374,20260225,810443,ADJ,48000604,N,AUTO-GENERATED TRANSACTION,23,556535,RS,15,-1281.81,0.00,45959,2617953,2617260.37
TXN000355,20251223,ACC000000355,14,MUM,617002,20260225,810227,POST,48000487,N,AUTO-GENERATED TRANSACTION,90,556536,AK,39,-8348.52,0.00,45770,1178654,1141881.58
TXN000356,20250325,ACC000000356,52,CHE,196019,20260225,810800,REV,48000138,Y,AUTO-GENERATED TRANSACTION,21,556539,VP,10,96.64,0.00,45445,1300127,1292729.33
TXN000357,20250331,ACC000000357,19,HYD,286539,20260225,810070,REV,48000228,N,AUTO-GENERATED TRANSACTION,23,556531,AK,34,9669.20,0.00,45671,2977800,2964877.96
TXN000358,20250405,ACC000000358,86,MUM,311971,20260225,810358,REV,48000324,Y,AUTO-GENERATED TRANSACTION,21,556568,RS,33,-20918.60,0.00,45968,2017798,2015153.18
TXN000359,20250410,ACC000000359,81,CHE,241513,20260225,810875,ADJ,48000395,N,AUTO-GENERATED TRANSACTION,56,556539,VP,2,-35600.18,0.00,45651,1613806,1584900.07
TXN000360,20250430,ACC000000360,67,CHE,183741,20260225,810286,ADJ,48000169,Y,AUTO-GENERATED TRANSACTION,47,556571,AK,23,23038.52,0.00,45294,2655897,2683002.50
TXN000361,20251214,ACC000000361,15,CHE,164434,20260225,810926,REV,48000778,Y,AUTO-GENERATED TRANSACTION,44,556518,RS,11,41601.86,0.00,45985,2640671,2672453.81
TXN000362,20251112,ACC000000362,89,DEL,664903,20260225,810110,ADJ,48000817,Y,AUTO-GENERATED TRANSACTION,94,556531,RS,26,434.23,0.00,45075,2694654,2717752.28
TXN000363,20251204,ACC000000363,56,MUM,588117,20260225,810317,REV,48000597,N,AUTO-GENERATED TRANSACTION,42,556514,RS,27,18702.67,0.00,45797,1240279,1274190.84
TXN000364,20250828,ACC000000364,51,MUM,756455,20260225,810454,POST,48000986,Y,AUTO-GENERATED TRANSACTION,95,556509,AK,36,-35048.05,0.00,45039,2351741,2390753.51
TXN000365,20250713,ACC000000365,56,PUN,749745,20260225,810557,ADJ,48000380,N,AUTO-GENERATED TRANSACTION,51,556567,MT,6,17215.89,0.00,45851,2526562,2559754.02
TXN000366,20251119,ACC000000366,93,CHE,617811,20260225,810041,REV,48000504,N,AUTO-GENERATED TRANSACTION,47,556504,VP,18,-41317.35,0.00,45189,1428846,1396442.31
TXN000367,20250103,ACC000000367,95,PUN,812124,20260225,810985,POST,48000518,Y,AUTO-GENERATED TRANSACTION,48,556548,MT,15,-37953.26,0.00,45437,2497667,2493897.42
TXN000368,20250826,ACC000000368,98,HYD,304852,20260225,810981,POST,48000085,N,AUTO-GENERATED TRANSACTION,16,556522,RS,15,21484.94,0.00,45246,2333690,2323865.42
TXN000369,20250812,ACC000000369,99,MUM,435262,20260225,810966,REV,48000627,Y,AUTO-GENERATED TRANSACTION,20,556513,VP,30,-47985.83,0.00,45108,1606088,1563581.01
TXN000370,20250220,ACC000000370,12,HYD,406610,20260225,810329,ADJ,48000473,Y,AUTO-GENERATED TRANSACTION,34,556515,VP,19,-21357.35,0.00,45237,2056783,2064815.06
TXN000371,20250316,ACC000000371,95,MUM,578724,20260225,810065,ADJ,48000887,Y,AUTO-GENERATED TRANSACTION,74,556572,RS,23,-28668.00,0.00,45099,1903559,1894316.68
TXN000372,20251126,ACC000000372,78,HYD,837674,20260225,810514,REV,48000530,N,AUTO-GENERATED TRANSACTION,68,556504,RS,40,10510.61,0.00,45890,1178298,1206901.66
TXN000373,20250220,ACC000000373,42,CHE,764888,20260225,810219,ADJ,48000099,Y,AUTO-GENERATED TRANSACTION,88,556594,RS,25,6397.97,0.00,45967,1271804,1275480.68
TXN000374,20250808,ACC000000374,63,CHE,195230,20260225,810002,POST,48000148,N,AUTO-GENERATED TRANSACTION,29,556585,MT,31,46934.47,0.00,45637,2396275,2433224.08
TXN000375,20250104,ACC000000375,60,DEL,989050,20260225,810725,POST,48000736,Y,AUTO-GENERATED TRANSACTION,64,556539,VP,1,20773.30,0.00,45544,1136027,1165304.95
TXN000376,20250820,ACC000000376,76,CHE,298615,20260225,810381,ADJ,48000089,N,AUTO-GENERATED TRANSACTION,43,556534,MT,5,31411.01,0.00,45024,2731019,2722225.41
TXN000377,20250403,ACC000000377,96,MUM,181520,20260225,810604,POST,48000349,N,AUTO-GENERATED TRANSACTION,27,556586,MT,31,-1445.21,0.00,45031,1360624,1392116.62
TXN000378,20251109,ACC000000378,77,MUM,696089,20260225,810828,REV,48000058,Y,AUTO-GENERATED TRANSACTION,39,556580,RS,18,33355.84,0.00,45664,1764997,1735274.43
TXN000379,20250713,ACC000000379,24,CHE,566536,20260225,810036,ADJ,48000226,N,AUTO-GENERATED TRANSACTION,29,556530,VP,23,34259.97,0.00,45751,1827072,1862864.22
TXN000380,20250203,ACC000000380,88,MUM,159206,20260225,810054,REV,48000636,N,AUTO-GENERATED TRANSACTION,68,556570,MT,2,-19351.93,0.00,45417,1591598,1629047.88
TXN000381,20251129,ACC000000381,96,CHE,608455,20260225,810872,REV,48000758,N,AUTO-GENERATED TRANSACTION,34,556561,AK,4,-8888.99,0.00,45903,1214874,1232629.41
TXN000382,20250825,ACC000000382,46,HYD,269100,20260225,810064,POST,48000299,Y,AUTO-GENERATED TRANSACTION,25,556507,MT,3,-49172.56,0.00,45786,2079861,2085514.79
TXN000383,20250209,ACC000000383,25,PUN,316658,20260225,810258,REV,48000774,N,AUTO-GENERATED TRANSACTION,48,556596,RS,1,18634.56,0.00,45789,2326503,2315888.96
TXN000384,20250701,ACC000000384,65,DEL,250056,20260225,810825,REV,48000027,N,AUTO-GENERATED TRANSACTION,35,556562,AK,10,-34062.45,0.00,45131,1739837,1695024.90
TXN000385,20250331,ACC000000385,86,DEL,306669,20260225,810359,REV,48000751,N,AUTO-GENERATED TRANSACTION,23,556592,AK,1,11382.07,0.00,45251,1810049,1786476.19
TXN000386,20250531,ACC000000386,79,MUM,904251,20260225,810566,ADJ,48000329,N,AUTO-GENERATED TRANSACTION,11,556514,VP,3,-9197.47,0.00,45919,1934503,1891920.82
TXN000286,20251230,ACC000000286,64,DEL,454901,20260225,810378,REV,48000485,Y,AUTO-GENERATED TRANSACTION,41,556509,VP,7,14017.78,0.00,45756,1073551,1061998.15
TXN000388,20250515,ACC000000388,67,PUN,501633,20260225,810001,POST,48000904,Y,AUTO-GENERATED TRANSACTION,22,556514,MT,35,1388.71,0.00,45789,2194554,2208724.23
TXN000389,20251128,ACC000000389,67,HYD,657728,20260225,810580,REV,48000091,Y,AUTO-GENERATED TRANSACTION,91,556504,MT,15,19999.03,0.00,45550,1714573,1732065.34
TXN000390,20251224,ACC000000390,11,MUM,526144,20260225,810053,REV,48000375,Y,AUTO-GENERATED TRANSACTION,42,556552,MT,25,-40651.27,0.00,45603,1674467,1723438.66
TXN000391,20250725,ACC000000391,85,DEL,263596,20260225,810181,ADJ,48000867,Y,AUTO-GENERATED TRANSACTION,87,556511,AK,19,-42280.70,0.00,45019,2800704,2817071.80
TXN000392,20250411,ACC000000392,85,HYD,366588,20260225,810760,POST,48000341,Y,AUTO-GENERATED TRANSACTION,30,556503,AK,6,23047.74,0.00,45830,1654071,1700881.13
TXN000393,20250126,ACC000000393,67,MUM,229516,20260225,810026,ADJ,48000078,Y,AUTO-GENERATED TRANSACTION,10,556586,AK,25,9380.29,0.00,45077,2112184,2160356.64
TXN000394,20250405,ACC000000394,16,DEL,433676,20260225,810089,ADJ,48000180,Y,AUTO-GENERATED TRANSACTION,86,556563,AK,19,-2304.96,0.00,45958,1003255,984614.83
TXN000395,20250425,ACC000000395,61,DEL,206453,20260225,810756,ADJ,48000068,N,AUTO-GENERATED TRANSACTION,88,556551,RS,5,-6652.59,0.00,45392,1011936,1028543.15
TXN000396,20251110,ACC000000396,59,DEL,344296,20260225,810253,ADJ,48000344,N,AUTO-GENERATED TRANSACTION,81,556558,AK,39,39002.59,0.00,45460,1862004,1849461.95
TXN000397,20250126,ACC000000397,85,MUM,638335,20260225,810850,REV,48000474,N,AUTO-GENERATED TRANSACTION,88,556588,MT,37,33967.53,0.00,45460,2129941,2100039.65
TXN000398,20250612,ACC000000398,49,PUN,367273,20260225,810994,POST,48000361,Y,AUTO-GENERATED TRANSACTION,71,556550,AK,2,-47468.09,0.00,45837,2334494,2376096.99
TXN000399,20250124,ACC000000399,84,HYD,222769,20260225,810584,REV,48000788,Y,AUTO-GENERATED TRANSACTION,17,556513,AK,13,30381.29,0.00,45079,1077596,1075149.02
TXN000400,20250604,ACC000000400,53,DEL,476482,20260225,810566,POST,48000862,N,AUTO-GENERATED TRANSACTION,96,556505,RS,34,-7507.94,0.00,45176,2262518,2293615.65
TXN000401,20250410,ACC000000401,74,DEL,178990,20260225,810818,REV,48000386,N,AUTO-GENERATED TRANSACTION,91,556566,MT,29,-25708.07,0.00,45835,1867144,1903454.74
TXN000402,20250129,ACC000000402,82,HYD,777903,20260225,810969,POST,48000447,Y,AUTO-GENERATED TRANSACTION,60,556550,MT,20,-44390.43,0.00,45222,2833427,2796921.23
TXN000126,20250508,ACC000000126,50,CHE,660370,20260225,810055,POST,48000837,Y,AUTO-GENERATED TRANSACTION,33,556557,RS,9,-27821.01,0.00,45729,2791110,2759254.59
TXN000404,20250118,ACC000000404,70,MUM,748448,20260225,810335,POST,48000126,Y,AUTO-GENERATED TRANSACTION,24,556566,VP,27,49730.50,0.00,45141,2680083,2685121.18
TXN000405,20251215,ACC000000405,49,MUM,853626,20260225,810349,REV,48000494,Y,AUTO-GENERATED TRANSACTION,96,556563,RS,14,23214.74,0.00,45225,2043548,2046193.03
TXN000406,20250429,ACC000000406,79,DEL,405203,20260225,810308,REV,48000171,N,AUTO-GENERATED TRANSACTION,18,556552,AK,31,-36129.92,0.00,45567,2130472,2087191.55
TXN000407,20250309,ACC000000407,85,HYD,791897,20260225,810434,POST,48000917,N,AUTO-GENERATED TRANSACTION,80,556532,AK,35,41049.70,0.00,45142,1839651,1795367.85
TXN000408,20251128,ACC000000408,24,CHE,801523,20260225,810407,ADJ,48000225,Y,AUTO-GENERATED TRANSACTION,36,556539,RS,6,-1093.19,0.00,45052,2747101,2710216.70
TXN000409,20251014,ACC000000409,26,HYD,382069,20260225,810293,ADJ,48000808,N,AUTO-GENERATED TRANSACTION,33,556561,RS,12,32967.53,0.00,45039,1818357,1831715.84
TXN000410,20250328,ACC000000410,84,DEL,153430,20260225,810850,ADJ,48000157,N,AUTO-GENERATED TRANSACTION,22,556513,AK,38,8128.98,0.00,45321,2082245,2092530.20
TXN000411,20251129,ACC000000411,16,MUM,792862,20260225,810004,ADJ,48000299,Y,AUTO-GENERATED TRANSACTION,74,556518,RS,20,40874.16,0.00,45506,1473742,1490688.00
TXN000065,20251215,ACC000000065,45,DEL,123004,20260225,810812,ADJ,48000546,Y,AUTO-GENERATED TRANSACTION,25,556516,MT,40,-14240.01,0.00,45854,1567164,1608927.79
TXN000413,20250402,ACC000000413,92,MUM,995747,20260225,810249,ADJ,48000127,Y,AUTO-GENERATED TRANSACTION,70,556582,MT,18,12042.66,0.00,45251,1346349,1364706.91
TXN000414,20251216,ACC000000414,99,CHE,756571,20260225,810367,ADJ,48000373,N,AUTO-GENERATED TRANSACTION,98,556519,AK,32,16252.46,0.00,45728,2500535,2504793.42
TXN000415,20250330,ACC000000415,36,CHE,422045,20260225,810631,REV,48000519,Y,AUTO-GENERATED TRANSACTION,32,556572,MT,21,-47901.41,0.00,45045,1953510,1983504.05
TXN000416,20250330,ACC000000416,44,HYD,266542,20260225,810645,REV,48000799,Y,AUTO-GENERATED TRANSACTION,48,556551,VP,29,-46466.57,0.00,45154,2528577,2564603.04
TXN000417,20250827,ACC000000417,14,DEL,679188,20260225,810720,POST,48000659,N,AUTO-GENERATED TRANSACTION,68,556518,AK,36,43678.01,0.00,45892,2508311,2545856.10
TXN000418,20250608,ACC000000418,28,CHE,308035,20260225,810446,REV,48000316,N,AUTO-GENERATED TRANSACTION,94,556545,RS,32,-15535.59,0.00,45849,1056919,1100614.03
TXN000419,20250222,ACC000000419,41,MUM,223111,20260225,810751,ADJ,48000609,N,AUTO-GENERATED TRANSACTION,83,556537,RS,8,-11214.35,0.00,45427,2285458,2250430.24
TXN000420,20250917,ACC000000420,67,HYD,840903,20260225,810705,ADJ,48000499,N,AUTO-GENERATED TRANSACTION,57,556549,VP,24,43963.95,0.00,45433,1004468,1016343.71
TXN000421,20251026,ACC000000421,50,DEL,954323,20260225,810627,ADJ,48000507,Y,AUTO-GENERATED TRANSACTION,99,556544,RS,2,-1560.91,0.00,45857,2147896,2189363.95
TXN000422,20250919,ACC000000422,89,CHE,810862,20260225,810518,ADJ,48000403,Y,AUTO-GENERATED TRANSACTION,73,556578,RS,39,2864.42,0.00,45933,2208826,2183193.47
TXN000423,20251201,ACC000000423,45,HYD,500127,20260225,810014,REV,48000446,Y,AUTO-GENERATED TRANSACTION,30,556595,VP,38,-32344.08,0.00,45969,2665367,2710145.73
TXN000424,20250416,ACC000000424,20,CHE,859773,20260225,810684,REV,48000167,Y,AUTO-GENERATED TRANSACTION,35,556590,MT,14,25486.28,0.00,45560,2762139,2807076.68
TXN000425,20250829,ACC000000425,95,PUN,579647,20260225,810196,ADJ,48000370,N,AUTO-GENERATED TRANSACTION,21,556504,VP,32,-43268.49,0.00,45623,1364681,1338140.37
TXN000426,20250629,ACC000000426,99,CHE,944334,20260225,810059,ADJ,48000305,Y,AUTO-GENERATED TRANSACTION,83,556581,AK,30,-31998.99,0.00,45876,2890015,2840231.41
TXN000427,20251214,ACC000000427,42,CHE,894814,20260225,810066,REV,48000919,Y,AUTO-GENERATED TRANSACTION,45,556529,VP,35,22735.04,0.00,45938,2359293,2345817.86
TXN000428,20251021,ACC000000428,15,PUN,168380,20260225,810350,REV,48000077,Y,AUTO-GENERATED TRANSACTION,50,556529,AK,20,-30932.26,0.00,45779,1989056,1978587.97
TXN000429,20250109,ACC000000429,41,DEL,604710,20260225,810905,REV,48000988,Y,AUTO-GENERATED TRANSACTION,37,556598,VP,10,-10331.44,0.00,45870,2015920,1982648.69
TXN000430,20250203,ACC000000430,32,CHE,693898,20260225,810738,POST,48000338,Y,AUTO-GENERATED TRANSACTION,31,556551,AK,30,9597.06,0.00,45993,2487787,2457633.72
TXN000431,20250801,ACC000000431,24,DEL,798724,20260225,810471,REV,48000792,N,AUTO-GENERATED TRANSACTION,99,556579,RS,11,-33352.53,0.00,45151,1094319,1054391.48
TXN000432,20250118,ACC000000432,99,CHE,814126,20260225,810393,REV,48000009,N,AUTO-GENERATED TRANSACTION,11,556511,VP,10,15884.83,0.00,45122,1160384,1169512.78
TXN000433,20250124,ACC000000433,43,HYD,919513,20260225,810578,ADJ,48000751,Y,AUTO-GENERATED TRANSACTION,35,556573,MT,33,-40204.67,0.00,45441,2537667,2565648.68
TXN000434,20250524,ACC000000434,21,CHE,912058,20260225,810025,REV,48000980,Y,AUTO-GENERATED TRANSACTION,91,556550,MT,7,-26816.12,0.00,45009,2029584,2042172.80
TXN000435,20250507,ACC000000435,69,DEL,997096,20260225,810561,ADJ,48000418,N,AUTO-GENERATED TRANSACTION,12,556544,AK,35,-841.11,0.00,45285,2124409,2099018.16
TXN000436,20250324,ACC000000436,18,HYD,165832,20260225,810524,POST,48000820,Y,AUTO-GENERATED TRANSACTION,92,556543,AK,22,-46713.49,0.00,45962,1425384,1385953.15
TXN000320,20250402,ACC000000320,30,DEL,436289,20260225,810659,REV,48000537,Y,AUTO-GENERATED TRANSACTION,25,556535,AK,11,4279.61,0.00,45542,2231536,2231094.30
TXN000438,20250827,ACC000000438,70,DEL,279307,20260225,810506,REV,48000224,Y,AUTO-GENERATED TRANSACTION,96,556543,AK,2,-20337.98,0.00,45708,2438829,2445034.97
TXN000439,20250213,ACC000000439,79,MUM,790235,20260225,810813,REV,48000161,N,AUTO-GENERATED TRANSACTION,33,556574,VP,18,6168.92,0.00,45057,2845657,2887632.74
TXN000440,20250910,ACC000000440,66,HYD,442652,20260225,810657,POST,48000187,N,AUTO-GENERATED TRANSACTION,70,556593,MT,27,-37939.12,0.00,45964,1634374,1635143.74
TXN000441,20250426,ACC000000441,40,CHE,402923,20260225,810633,REV,48000290,N,AUTO-GENERATED TRANSACTION,47,556562,MT,32,19292.82,0.00,45740,1586580,1571997.03
TXN000442,20251031,ACC000000442,33,DEL,271955,20260225,810045,REV,48000433,N,AUTO-GENERATED TRANSACTION,51,556570,AK,14,12866.83,0.00,45073,2505852,2542110.91
TXN000443,20250623,ACC000000443,50,PUN,625901,20260225,810961,POST,48000760,Y,AUTO-GENERATED TRANSACTION,79,556581,RS,36,-33130.87,0.00,45508,1698309,1703624.94
TXN000444,20250618,ACC000000444,21,DEL,687943,20260225,810734,ADJ,48000155,N,AUTO-GENERATED TRANSACTION,15,556505,VP,36,491.09,0.00,45045,2267791,2246806.49
TXN000445,20250826,ACC000000445,23,PUN,366314,20260225,810842,POST,48000700,Y,AUTO-GENERATED TRANSACTION,36,556593,VP,22,-12758.72,0.00,45373,2573148,2602899.87
TXN000446,20251127,ACC000000446,26,PUN,777282,20260225,810715,POST,48000906,Y,AUTO-GENERATED TRANSACTION,51,556579,RS,30,-13964.62,0.00,45938,1879873,1843953.02
TXN000447,20251019,ACC000000447,99,PUN,638589,20260225,810692,REV,48000351,N,AUTO-GENERATED TRANSACTION,32,556595,MT,18,29321.67,0.00,45686,1637043,1621385.04
TXN000448,20250929,ACC000000448,46,CHE,918475,20260225,810699,REV,48000941,N,AUTO-GENERATED TRANSACTION,86,556520,MT,17,-14335.44,0.00,45570,1737997,1786540.59
TXN000449,20250724,ACC000000449,45,CHE,851498,20260225,810861,REV,48000560,Y,AUTO-GENERATED TRANSACTION,60,556555,AK,39,-43354.76,0.00,45867,1824015,1841877.77
TXN000450,20250831,ACC000000450,92,DEL,715135,20260225,810704,POST,48000420,Y,AUTO-GENERATED TRANSACTION,55,556581,RS,30,-33413.68,0.00,45947,1852693,1864621.66
TXN000216,20250715,ACC000000216,96,DEL,349498,20260225,810395,ADJ,48000812,N,AUTO-GENERATED TRANSACTION,87,556518,MT,28,46749.47,0.00,45788,2221640,2186315.15
TXN000452,20251126,ACC000000452,59,MUM,385469,20260225,810972,REV,48000508,Y,AUTO-GENERATED TRANSACTION,81,556536,VP,26,23108.74,0.00,45898,1855305,1841383.04
TXN000453,20250430,ACC000000453,46,HYD,909642,20260225,810714,ADJ,48000015,N,AUTO-GENERATED TRANSACTION,34,556526,AK,19,-21993.29,0.00,45371,1937065,1948171.75
TXN000454,20251027,ACC000000454,51,PUN,283914,20260225,810291,POST,48000400,N,AUTO-GENERATED TRANSACTION,89,556511,AK,6,-32814.54,0.00,45509,2899569,2868815.78
TXN000455,20250915,ACC000000455,75,CHE,748933,20260225,810838,POST,48000041,Y,AUTO-GENERATED TRANSACTION,59,556587,RS,19,-23116.54,0.00,45175,2693607,2705541.58
TXN000131,20250102,ACC000000131,79,HYD,229299,20260225,810837,ADJ,48000842,Y,AUTO-GENERATED TRANSACTION,55,556544,AK,38,-41862.22,0.00,45218,2183168,2188331.39
TXN000457,20250213,ACC000000457,20,HYD,604800,20260225,810934,REV,48000470,N,AUTO-GENERATED TRANSACTION,81,556553,RS,18,37776.43,0.00,45228,1925958,1948075.99
TXN000458,20251014,ACC000000458,93,PUN,224291,20260225,810988,REV,48000116,N,AUTO-GENERATED TRANSACTION,41,556502,VP,7,19590.64,0.00,45685,2400175,2395264.18
TXN000459,20251119,ACC000000459,32,PUN,702334,20260225,810533,REV,48000374,N,AUTO-GENERATED TRANSACTION,85,556596,MT,22,-1713.31,0.00,45200,1766091,1779961.71
TXN000460,20251123,ACC000000460,17,DEL,272660,20260225,810743,ADJ,48000989,N,AUTO-GENERATED TRANSACTION,52,556541,AK,6,-25336.38,0.00,45786,1550676,1563938.14
TXN000461,20250818,ACC000000461,35,DEL,250562,20260225,810622,POST,48000485,N,AUTO-GENERATED TRANSACTION,64,556553,AK,37,20210.38,0.00,45529,1746528,1755541.32
TXN000462,20250327,ACC000000462,87,MUM,924642,20260225,810113,POST,48000681,N,AUTO-GENERATED TRANSACTION,90,556562,MT,36,38396.60,0.00,45821,2863947,2851119.57
TXN000463,20251031,ACC000000463,94,MUM,165304,20260225,810386,ADJ,48000769,Y,AUTO-GENERATED TRANSACTION,72,556536,VP,32,-34321.37,0.00,45692,2175396,2164814.38
TXN000464,20251218,ACC000000464,16,MUM,886283,20260225,810122,POST,48000317,N,AUTO-GENERATED TRANSACTION,85,556507,VP,21,-9178.74,0.00,45909,1079172,1057610.80
TXN000465,20250704,ACC000000465,11,PUN,449026,20260225,810743,POST,48000630,Y,AUTO-GENERATED TRANSACTION,36,556540,RS,31,-23975.19,0.00,45167,2593127,2568346.84
TXN000466,20251206,ACC000000466,39,MUM,160580,20260225,810360,ADJ,48000892,N,AUTO-GENERATED TRANSACTION,90,556580,AK,4,-37394.03,0.00,45210,2628977,2615473.99
TXN000467,20250228,ACC000000467,45,CHE,163421,20260225,810585,REV,48000422,Y,AUTO-GENERATED TRANSACTION,36,556528,AK,12,-1098.78,0.00,45869,2967738,2990731.98
TXN000468,20250123,ACC000000468,84,HYD,937421,20260225,810620,ADJ,48000756,N,AUTO-GENERATED TRANSACTION,54,556599,RS,39,14608.39,0.00,45201,1850092,1897686.91
TXN000469,20250816,ACC000000469,27,CHE,999096,20260225,810747,REV,48000084,Y,AUTO-GENERATED TRANSACTION,10,556527,VP,19,48317.95,0.00,45865,2049629,2080280.59
TXN000470,20250210,ACC000000470,82,MUM,633699,20260225,810699,REV,48000264,Y,AUTO-GENERATED TRANSACTION,98,556536,RS,23,4596.80,0.00,45582,1447612,1402431.62
TXN000471,20250706,ACC000000471,84,MUM,591057,20260225,810513,REV,48000199,N,AUTO-GENERATED TRANSACTION,27,556505,AK,13,-15719.83,0.00,45248,1255642,1292426.47
TXN000472,20251212,ACC000000472,77,DEL,169498,20260225,810682,POST,48000014,N,AUTO-GENERATED TRANSACTION,10,556596,MT,12,25253.00,0.00,45109,2624573,2609949.30
TXN000473,20250219,ACC000000473,60,PUN,527310,20260225,810342,ADJ,48000388,N,AUTO-GENERATED TRANSACTION,46,556570,AK,37,-48958.77,0.00,45575,2451020,2414964.00
TXN000474,20250611,ACC000000474,91,DEL,973193,20260225,810603,ADJ,48000870,N,AUTO-GENERATED TRANSACTION,43,556567,AK,5,33803.94,0.00,45623,1670942,1634688.58
TXN000224,20251003,ACC000000224,98,MUM,244980,20260225,810973,POST,48000084,Y,AUTO-GENERATED TRANSACTION,49,556520,VP,7,3934.11,0.00,45015,2480384,2497788.78
TXN000476,20250724,ACC000000476,23,CHE,413317,20260225,810364,REV,48000406,Y,AUTO-GENERATED TRANSACTION,55,556552,VP,1,-39153.43,0.00,45019,2603707,2611172.39
TXN000477,20250223,ACC000000477,23,HYD,773914,20260225,810636,REV,48000442,N,AUTO-GENERATED TRANSACTION,13,556578,MT,27,-22795.80,0.00,45287,1999770,1977471.85
TXN000478,20251203,ACC000000478,23,HYD,452788,20260225,810631,REV,48000643,N,AUTO-GENERATED TRANSACTION,46,556552,MT,36,9223.83,0.00,45162,2367583,2408947.08
TXN000479,20250408,ACC000000479,85,DEL,616151,20260225,810076,ADJ,48000212,Y,AUTO-GENERATED TRANSACTION,43,556588,MT,7,46067.00,0.00,45484,2347283,2316588.10
TXN000480,20250927,ACC000000480,61,HYD,255855,20260225,810105,ADJ,48000807,N,AUTO-GENERATED TRANSACTION,45,556565,AK,20,-7009.93,0.00,45398,1785794,1790381.17
TXN000481,20251202,ACC000000481,70,CHE,320274,20260225,810312,REV,48000432,Y,AUTO-GENERATED TRANSACTION,57,556598,MT,10,-462.95,0.00,45751,1111607,1147043.70
TXN000482,20250922,ACC000000482,95,CHE,638014,20260225,810356,ADJ,48000294,Y,AUTO-GENERATED TRANSACTION,92,556515,AK,3,-34931.12,0.00,45650,1081284,1041622.55
TXN000483,20250522,ACC000000483,33,MUM,986829,20260225,810244,ADJ,48000345,Y,AUTO-GENERATED TRANSACTION,60,556527,AK,17,-34413.55,0.00,45004,1147682,1101088.86
TXN000484,20250208,ACC000000484,37,MUM,567581,20260225,810501,POST,48000524,N,AUTO-GENERATED TRANSACTION,21,556591,MT,5,13280.30,0.00,45956,2510393,2544134.66
TXN000485,20250916,ACC000000485,36,DEL,864728,20260225,810162,ADJ,48000338,N,AUTO-GENERATED TRANSACTION,67,556505,VP,39,-14168.05,0.00,45412,1386282,1349306.39
TXN000486,20250601,ACC000000486,12,CHE,331764,20260225,810503,POST,48000571,Y,AUTO-GENERATED TRANSACTION,68,556576,MT,28,2370.96,0.00,45717,2097702,2126728.26
TXN000487,20250719,ACC000000487,93,CHE,874836,20260225,810927,POST,48000054,Y,AUTO-GENERATED TRANSACTION,84,556595,MT,11,6340.99,0.00,45646,1752002,1747615.06
TXN000488,20250811,ACC000000488,95,PUN,933701,20260225,810058,ADJ,48000258,N,AUTO-GENERATED TRANSACTION,90,556503,VP,39,26677.71,0.00,45494,2051813,2067001.23
TXN000489,20250629,ACC000000489,45,CHE,122083,20260225,810997,POST,48000631,N,AUTO-GENERATED TRANSACTION,43,556507,MT,28,-2968.16,0.00,45013,2316733,2350735.08
TXN000490,20250720,ACC000000490,56,MUM,998753,20260225,810688,REV,48000839,N,AUTO-GENERATED TRANSACTION,23,556513,AK,25,29916.54,0.00,45088,2379597,2424172.18
TXN000491,20251010,ACC000000491,55,DEL,585242,20260225,810339,POST,48000286,Y,AUTO-GENERATED TRANSACTION,16,556507,AK,32,-7518.59,0.00,45889,1315044,1313662.30
TXN000492,20250913,ACC000000492,94,PUN,476900,20260225,810242,POST,48000648,Y,AUTO-GENERATED TRANSACTION,21,556520,AK,20,-37206.06,0.00,45591,2358019,2378149.17
TXN000493,20250122,ACC000000493,17,PUN,746944,20260225,810145,ADJ,48000037,Y,AUTO-GENERATED TRANSACTION,21,556568,MT,4,6275.27,0.00,45321,1650573,1634508.03
TXN000494,20250425,ACC000000494,63,HYD,930684,20260225,810958,POST,48000753,N,AUTO-GENERATED TRANSACTION,47,556536,RS,8,-8845.78,0.00,45706,2075733,2117132.49
TXN000495,20250909,ACC000000495,63,MUM,197059,20260225,810843,REV,48000515,N,AUTO-GENERATED TRANSACTION,15,556597,VP,38,43990.35,0.00,45433,1531614,1513298.83
TXN000496,20250518,ACC000000496,34,PUN,370708,20260225,810019,REV,48000979,Y,AUTO-GENERATED TRANSACTION,30,556522,AK,32,46667.42,0.00,45663,2984369,2936891.69
TXN000497,20250723,ACC000000497,68,HYD,338932,20260225,810121,POST,48000970,N,AUTO-GENERATED TRANSACTION,16,556506,AK,39,-13287.26,0.00,45547,1345628,1347463.64
TXN000161,20250813,ACC000000161,37,MUM,857532,20260225,810311,POST,48000174,N,AUTO-GENERATED TRANSACTION,69,556503,VP,30,-16655.96,0.00,45257,2790201,2836723.65
TXN000499,20251129,ACC000000499,24,PUN,429611,20260225,810964,POST,48000246,N,AUTO-GENERATED TRANSACTION,63,556541,VP,30,43320.10,0.00,45689,1902122,1888452.84
TXN000500,20251124,ACC000000500,83,CHE,964437,20260225,810195,REV,48000770,N,AUTO-GENERATED TRANSACTION,15,556585,RS,40,25255.33,0.00,45851,2954126,2987366.73
TXN000501,20250813,ACC000000501,92,CHE,923667,20260225,810026,REV,48000087,N,AUTO-GENERATED TRANSACTION,37,556580,MT,16,18321.98,0.00,45188,1777330,1810253.17
TXN000502,20250124,ACC000000502,62,CHE,428591,20260225,810495,REV,48000298,Y,AUTO-GENERATED TRANSACTION,85,556508,AK,3,18321.24,0.00,45125,1651588,1694425.49
TXN000503,20250105,ACC000000503,34,DEL,525288,20260225,810811,REV,48000036,Y,AUTO-GENERATED TRANSACTION,53,556579,RS,29,-40627.66,0.00,45555,2341850,2330280.46
TXN000504,20251205,ACC000000504,29,HYD,555743,20260225,810139,ADJ,48000460,Y,AUTO-GENERATED TRANSACTION,97,556566,RS,15,-23136.87,0.00,45812,1610201,1609152.84
TXN000505,20250506,ACC000000505,13,MUM,741664,20260225,810129,POST,48000262,Y,AUTO-GENERATED TRANSACTION,38,556575,VP,13,38378.83,0.00,45170,1233921,1201106.13
TXN000506,20250502,ACC000000506,80,CHE,765923,20260225,810993,REV,48000605,Y,AUTO-GENERATED TRANSACTION,22,556522,RS,11,20308.81,0.00,45592,1327810,1310733.17
TXN000507,20250502,ACC000000507,62,DEL,369786,20260225,810271,REV,48000666,N,AUTO-GENERATED TRANSACTION,35,556504,VP,13,30190.54,0.00,45718,2414976,2434293.79
TXN000508,20251113,ACC000000508,50,CHE,126932,20260225,810837,REV,48000312,N,AUTO-GENERATED TRANSACTION,86,556584,MT,2,43915.19,0.00,45527,2042076,2002820.28
TXN000509,20251020,ACC000000509,51,DEL,353574,20260225,810195,ADJ,48000303,N,AUTO-GENERATED TRANSACTION,85,556510,RS,24,26825.37,0.00,45543,2554908,2524797.27
TXN000510,20250501,ACC000000510,62,CHE,240589,20260225,810120,REV,48000636,Y,AUTO-GENERATED TRANSACTION,48,556576,MT,12,-33007.75,0.00,45759,1654818,1689036.94
TXN000511,20251222,ACC000000511,39,PUN,227205,20260225,810681,REV,48000231,N,AUTO-GENERATED TRANSACTION,95,556551,RS,22,24859.76,0.00,45971,1591514,1640420.81
TXN000512,20250825,ACC000000512,78,PUN,393916,20260225,810144,ADJ,48000784,N,AUTO-GENERATED TRANSACTION,77,556582,RS,15,40124.31,0.00,45181,1103096,1127294.76
TXN000513,20251004,ACC000000513,20,HYD,328602,20260225,810617,POST,48000094,Y,AUTO-GENERATED TRANSACTION,33,556518,VP,35,-13670.26,0.00,45132,1392013,1428260.34
TXN000514,20251213,ACC000000514,24,CHE,339328,20260225,810662,ADJ,48000393,N,AUTO-GENERATED TRANSACTION,70,556543,RS,17,-15266.90,0.00,45069,1005711,1019857.26
TXN000515,20250520,ACC000000515,67,HYD,440864,20260225,810121,POST,48000863,Y,AUTO-GENERATED TRANSACTION,26,556524,RS,34,-14617.59,0.00,45684,2522351,2516178.06
TXN000516,20250614,ACC000000516,89,HYD,443358,20260225,810016,ADJ,48000628,N,AUTO-GENERATED TRANSACTION,33,556523,AK,21,36864.60,0.00,45241,1797910,1834633.12
TXN000517,20250215,ACC000000517,63,MUM,946089,20260225,810919,REV,48000592,Y,AUTO-GENERATED TRANSACTION,69,556542,AK,19,-7816.81,0.00,45289,2804616,2818090.27
TXN000518,20251114,ACC000000518,85,CHE,698060,20260225,810391,ADJ,48000270,N,AUTO-GENERATED TRANSACTION,48,556584,MT,13,-23215.37,0.00,45616,2986235,2964424.82
TXN000519,20251112,ACC000000519,85,HYD,256410,20260225,810884,ADJ,48000517,Y,AUTO-GENERATED TRANSACTION,93,556569,MT,2,-41305.30,0.00,45461,1983564,1990462.52
TXN000520,20251215,ACC000000520,47,HYD,545445,20260225,810828,ADJ,48000414,Y,AUTO-GENERATED TRANSACTION,25,556561,MT,1,19144.31,0.00,45560,1760699,1715700.04
TXN000521,20250913,ACC000000521,88,PUN,459803,20260225,810100,ADJ,48000606,N,AUTO-GENERATED TRANSACTION,85,556576,VP,40,1244.27,0.00,45552,2258785,2296390.97
TXN000522,20251225,ACC000000522,20,DEL,513755,20260225,810071,REV,48000880,Y,AUTO-GENERATED TRANSACTION,46,556599,AK,28,-43602.28,0.00,45164,2880901,2892097.63
TXN000523,20250629,ACC000000523,33,MUM,802911,20260225,810719,REV,48000868,Y,AUTO-GENERATED TRANSACTION,83,556573,MT,17,-12540.17,0.00,45208,2389689,2379381.98
TXN000524,20250116,ACC000000524,17,MUM,793745,20260225,810442,POST,48000711,Y,AUTO-GENERATED TRANSACTION,13,556521,MT,23,1208.48,0.00,45137,2581054,2622412.67
TXN000525,20251016,ACC000000525,39,PUN,390475,20260225,810627,REV,48000580,N,AUTO-GENERATED TRANSACTION,64,556545,AK,21,21675.97,0.00,45681,2023090,2068352.61
TXN000526,20250626,ACC000000526,83,HYD,556720,20260225,810118,POST,48000748,Y,AUTO-GENERATED TRANSACTION,12,556516,RS,31,-16733.04,0.00,45841,2855918,2903990.54
TXN000527,20250923,ACC000000527,51,HYD,235920,20260225,810120,REV,48000919,N,AUTO-GENERATED TRANSACTION,88,556577,RS,31,49202.70,0.00,45809,1491743,1441876.60
TXN000528,20251215,ACC000000528,48,MUM,925268,20260225,810860,REV,48000926,N,AUTO-GENERATED TRANSACTION,32,556501,MT,9,25871.47,0.00,45242,2557683,2566592.23
TXN000529,20250927,ACC000000529,50,MUM,472999,20260225,810127,ADJ,48000328,N,AUTO-GENERATED TRANSACTION,67,556570,RS,15,-12685.69,0.00,45177,2195861,2179018.48
TXN000530,20250513,ACC000000530,85,DEL,837404,20260225,810909,POST,48000007,Y,AUTO-GENERATED TRANSACTION,16,556501,VP,3,-30695.12,0.00,45159,2412584,2428825.79
TXN000531,20250331,ACC000000531,83,MUM,429827,20260225,810155,REV,48000305,Y,AUTO-GENERATED TRANSACTION,36,556527,MT,21,22524.32,0.00,45795,1341486,1317144.70
TXN000532,20250729,ACC000000532,33,DEL,728453,20260225,810429,ADJ,48000965,Y,AUTO-GENERATED TRANSACTION,11,556525,VP,32,-32156.18,0.00,45819,2082411,2060907.26
TXN000533,20250617,ACC000000533,76,MUM,317971,20260225,810085,REV,48000328,N,AUTO-GENERATED TRANSACTION,70,556572,MT,28,-23173.23,0.00,45794,2625276,2628295.69
TXN000534,20250118,ACC000000534,78,HYD,701829,20260225,810212,POST,48000340,N,AUTO-GENERATED TRANSACTION,92,556561,MT,16,44144.47,0.00,45520,2604143,2622868.86
TXN000535,20250507,ACC000000535,56,DEL,353122,20260225,810065,ADJ,48000000,N,AUTO-GENERATED TRANSACTION,16,556550,VP,9,-4689.31,0.00,45033,2444191,2439219.42
TXN000536,20250318,ACC000000536,79,DEL,750155,20260225,810863,POST,48000739,Y,AUTO-GENERATED TRANSACTION,61,556535,RS,8,-11797.98,0.00,45985,2662508,2705267.58
TXN000537,20251210,ACC000000537,73,DEL,806838,20260225,810191,ADJ,48000254,N,AUTO-GENERATED TRANSACTION,54,556595,MT,15,-44151.19,0.00,45182,1132130,1088593.85
TXN000538,20250526,ACC000000538,80,HYD,300293,20260225,810615,REV,48000723,Y,AUTO-GENERATED TRANSACTION,33,556580,VP,8,-45862.44,0.00,45174,2285501,2315880.10
TXN000539,20250506,ACC000000539,11,HYD,817614,20260225,810329,ADJ,48000551,Y,AUTO-GENERATED TRANSACTION,86,556561,MT,11,29944.10,0.00,45163,1767759,1760056.42
TXN000540,20250307,ACC000000540,32,PUN,783009,20260225,810373,REV,48000603,N,AUTO-GENERATED TRANSACTION,30,556567,RS,2,45222.23,0.00,45200,2304404,2319097.73
TXN000541,20250121,ACC000000541,31,HYD,568984,20260225,810140,ADJ,48000151,Y,AUTO-GENERATED TRANSACTION,97,556562,MT,21,25322.32,0.00,45026,1951710,1960104.87
TXN000542,20251119,ACC000000542,18,HYD,851965,20260225,810096,ADJ,48000805,Y,AUTO-GENERATED TRANSACTION,90,556573,VP,16,21546.52,0.00,45035,2340592,2362599.40
TXN000543,20250330,ACC000000543,62,HYD,776745,20260225,810880,REV,48000636,N,AUTO-GENERATED TRANSACTION,71,556570,MT,23,2417.87,0.00,45906,2749729,2710624.07
TXN000544,20250516,ACC000000544,74,DEL,560480,20260225,810691,ADJ,48000804,N,AUTO-GENERATED TRANSACTION,87,556574,MT,7,-23922.54,0.00,45212,2219610,2231568.83
TXN000545,20250320,ACC000000545,25,CHE,923414,20260225,810052,POST,48000277,N,AUTO-GENERATED TRANSACTION,50,556517,AK,40,-43433.31,0.00,45564,1967250,1939004.88
TXN000546,20250809,ACC000000546,96,CHE,147535,20260225,810106,ADJ,48000362,N,AUTO-GENERATED TRANSACTION,51,556540,AK,9,-37640.59,0.00,45659,2158909,2180735.18
TXN000547,20250621,ACC000000547,44,PUN,327966,20260225,810354,REV,48000713,N,AUTO-GENERATED TRANSACTION,78,556511,RS,29,10513.33,0.00,45968,1282314,1314874.67
TXN000548,20250206,ACC000000548,87,PUN,615418,20260225,810681,POST,48000600,N,AUTO-GENERATED TRANSACTION,25,556530,AK,13,-1040.65,0.00,45318,1222122,1267835.92
TXN000549,20251102,ACC000000549,15,DEL,540298,20260225,810872,ADJ,48000342,Y,AUTO-GENERATED TRANSACTION,15,556536,MT,21,-4869.82,0.00,45668,2010674,1968963.44
TXN000550,20251204,ACC000000550,95,PUN,516767,20260225,810215,POST,48000466,N,AUTO-GENERATED TRANSACTION,75,556595,AK,24,39260.32,0.00,45666,2993625,3012475.13
TXN000551,20250204,ACC000000551,69,MUM,216017,20260225,810686,POST,48000263,Y,AUTO-GENERATED TRANSACTION,20,556512,RS,2,8820.38,0.00,45876,1070797,1060429.70
TXN000552,20250423,ACC000000552,90,MUM,883455,20260225,810201,POST,48000820,N,AUTO-GENERATED TRANSACTION,91,556546,AK,40,-2232.28,0.00,45411,2270401,2298603.12
TXN000553,20250421,ACC000000553,88,HYD,397832,20260225,810643,REV,48000836,N,AUTO-GENERATED TRANSACTION,91,556549,VP,9,19702.14,0.00,45360,1867897,1822855.78
TXN000554,20251231,ACC000000554,23,HYD,114335,20260225,810078,ADJ,48000975,Y,AUTO-GENERATED TRANSACTION,35,556560,AK,25,9815.75,0.00,45344,2425174,2415182.89
TXN000555,20250719,ACC000000555,21,DEL,958387,20260225,810272,POST,48000934,Y,AUTO-GENERATED TRANSACTION,34,556582,AK,2,-18407.91,0.00,45174,1437052,1405523.44
TXN000556,20250930,ACC000000556,60,PUN,868074,20260225,810907,POST,48000689,N,AUTO-GENERATED TRANSACTION,80,556588,MT,22,-35592.07,0.00,45195,2707504,2679124.30
TXN000066,20250424,ACC000000066,53,CHE,248139,20260225,810727,ADJ,48000880,N,AUTO-GENERATED TRANSACTION,23,556508,VP,28,38662.68,0.00,45045,1423150,1413207.60
TXN000558,20251102,ACC000000558,73,MUM,925486,20260225,810083,ADJ,48000811,N,AUTO-GENERATED TRANSACTION,48,556523,MT,27,-47085.10,0.00,45573,2153467,2194418.76
TXN000559,20250320,ACC000000559,36,MUM,188641,20260225,810350,REV,48000119,N,AUTO-GENERATED TRANSACTION,15,556536,AK,29,39826.49,0.00,45347,1715905,1729022.43
TXN000560,20250709,ACC000000560,97,DEL,302132,20260225,810491,POST,48000372,N,AUTO-GENERATED TRANSACTION,56,556535,RS,18,31570.57,0.00,45922,2353268,2395488.53
TXN000561,20250101,ACC000000561,94,DEL,472265,20260225,810778,POST,48000890,N,AUTO-GENERATED TRANSACTION,69,556507,AK,15,35874.34,0.00,45975,1299957,1304032.66
TXN000562,20251019,ACC000000562,60,DEL,387538,20260225,810454,ADJ,48000089,Y,AUTO-GENERATED TRANSACTION,16,556517,MT,40,6413.22,0.00,45479,2283592,2236141.15
TXN000563,20251007,ACC000000563,65,CHE,279912,20260225,810779,REV,48000368,N,AUTO-GENERATED TRANSACTION,36,556534,VP,12,-39130.99,0.00,45393,1990000,2000790.62
TXN000564,20250607,ACC000000564,65,PUN,987565,20260225,810254,POST,48000091,N,AUTO-GENERATED TRANSACTION,40,556510,AK,22,-29059.44,0.00,45192,2326371,2308381.64
TXN000565,20250130,ACC000000565,81,HYD,197483,20260225,810914,POST,48000286,Y,AUTO-GENERATED TRANSACTION,42,556591,MT,34,-4802.31,0.00,45165,2040083,2039079.31
TXN000566,20250820,ACC000000566,27,HYD,949955,20260225,810223,ADJ,48000821,N,AUTO-GENERATED TRANSACTION,38,556595,RS,3,-32709.58,0.00,45881,2975274,2992796.20
TXN000567,20250504,ACC000000567,90,CHE,137962,20260225,810461,REV,48000860,Y,AUTO-GENERATED TRANSACTION,56,556552,AK,23,16139.10,0.00,45381,2658495,2675202.47
TXN000568,20250210,ACC000000568,66,HYD,471320,20260225,810739,REV,48000795,N,AUTO-GENERATED TRANSACTION,64,556533,MT,29,16042.18,0.00,45379,2059705,2046802.13
TXN000569,20250611,ACC000000569,42,CHE,449919,20260225,810652,ADJ,48000014,Y,AUTO-GENERATED TRANSACTION,88,556543,MT,17,-46605.41,0.00,45041,2839859,2879435.06
TXN000570,20250403,ACC000000570,70,MUM,546910,20260225,810278,POST,48000731,Y,AUTO-GENERATED TRANSACTION,70,556595,VP,19,-43916.46,0.00,45412,1528524,1554271.97
TXN000571,20250412,ACC000000571,94,CHE,138611,20260225,810181,ADJ,48000958,N,AUTO-GENERATED TRANSACTION,95,556521,VP,4,31671.26,0.00,45821,1839205,1808312.61
TXN000572,20250703,ACC000000572,44,MUM,829752,20260225,810722,ADJ,48000718,Y,AUTO-GENERATED TRANSACTION,69,556564,MT,33,19205.31,0.00,45529,2128584,2090646.41
TXN000573,20260101,ACC000000573,45,MUM,111109,20260225,810367,ADJ,48000909,Y,AUTO-GENERATED TRANSACTION,74,556582,AK,11,5765.03,0.00,45906,2000708,1978014.69
TXN000574,20250128,ACC000000574,71,MUM,687575,20260225,810131,ADJ,48000506,Y,AUTO-GENERATED TRANSACTION,36,556559,AK,35,-23395.71,0.00,45037,1561485,1540970.65
TXN000575,20251210,ACC000000575,27,PUN,385730,20260225,810101,ADJ,48000181,N,AUTO-GENERATED TRANSACTION,44,556523,AK,36,26333.11,0.00,45604,2493407,2506239.53
TXN000576,20250729,ACC000000576,59,MUM,927560,20260225,810295,REV,48000666,Y,AUTO-GENERATED TRANSACTION,14,556590,VP,39,-40291.06,0.00,45906,1116496,1113086.74
TXN000577,20250706,ACC000000577,80,HYD,780536,20260225,810480,ADJ,48000631,N,AUTO-GENERATED TRANSACTION,40,556568,RS,11,-27491.90,0.00,45281,2595316,2566162.50
TXN000578,20250111,ACC000000578,42,CHE,925715,20260225,810897,POST,48000034,N,AUTO-GENERATED TRANSACTION,27,556518,AK,17,29804.24,0.00,45410,1129717,1153741.80
TXN000561,20250101,ACC000000561,94,DEL,472265,20260225,810778,POST,48000890,N,AUTO-GENERATED TRANSACTION,69,556507,AK,15,35874.34,0.00,45975,1299957,1304032.66
TXN000580,20250611,ACC000000580,55,MUM,892748,20260225,810876,POST,48000630,Y,AUTO-GENERATED TRANSACTION,66,556530,RS,1,-12531.67,0.00,45818,2209578,2182205.16
TXN000581,20250707,ACC000000581,46,PUN,100524,20260225,810758,REV,48000818,Y,AUTO-GENERATED TRANSACTION,36,556543,AK,16,-11976.21,0.00,45531,1110671,1125468.00
TXN000582,20250402,ACC000000582,19,HYD,341310,20260225,810489,POST,48000254,Y,AUTO-GENERATED TRANSACTION,11,556571,VP,13,34245.35,0.00,45823,2791112,2758431.84
TXN000583,20250423,ACC000000583,74,DEL,807120,20260225,810336,ADJ,48000921,N,AUTO-GENERATED TRANSACTION,71,556596,MT,13,22418.97,0.00,45848,2851634,2873149.62
TXN000584,20250310,ACC000000584,77,DEL,113409,20260225,810397,ADJ,48000247,N,AUTO-GENERATED TRANSACTION,64,556594,AK,35,14622.61,0.00,45902,1200815,1180867.54
TXN000585,20250915,ACC000000585,30,DEL,337839,20260225,810671,ADJ,48000475,N,AUTO-GENERATED TRANSACTION,83,556511,AK,40,-42090.70,0.00,45890,1103910,1070611.86
TXN000586,20251210,ACC000000586,67,MUM,261531,20260225,810985,REV,48000121,N,AUTO-GENERATED TRANSACTION,49,556566,RS,23,-17095.09,0.00,45961,2482455,2443085.85
TXN000587,20250704,ACC000000587,80,HYD,455772,20260225,810063,ADJ,48000935,Y,AUTO-GENERATED TRANSACTION,94,556564,MT,34,-34341.12,0.00,45470,2789637,2818961.94
TXN000588,20250305,ACC000000588,11,DEL,403867,20260225,810975,POST,48000826,N,AUTO-GENERATED TRANSACTION,36,556533,AK,3,47371.16,0.00,45762,1532331,1488258.52
TXN000589,20250410,ACC000000589,15,PUN,169712,20260225,810910,ADJ,48000811,N,AUTO-GENERATED TRANSACTION,25,556546,MT,9,18173.43,0.00,45500,2824027,2775047.11
TXN000590,20250520,ACC000000590,83,PUN,228561,20260225,810772,ADJ,48000171,Y,AUTO-GENERATED TRANSACTION,17,556583,VP,27,-44708.26,0.00,45175,1026689,1032442.12
TXN000591,20251213,ACC000000591,50,PUN,954223,20260225,810066,POST,48000048,N,AUTO-GENERATED TRANSACTION,50,556579,AK,23,-2686.22,0.00,45082,2179959,2143268.70
TXN000592,20250815,ACC000000592,44,HYD,272513,20260225,810090,REV,48000945,N,AUTO-GENERATED TRANSACTION,23,556599,VP,22,-44171.58,0.00,45219,1962464,1976082.52
TXN000593,20250212,ACC000000593,31,PUN,152900,20260225,810874,ADJ,48000103,Y,AUTO-GENERATED TRANSACTION,60,556524,RS,23,21280.68,0.00,45864,2373275,2329298.09
TXN000594,20250813,ACC000000594,58,MUM,927282,20260225,810831,REV,48000836,N,AUTO-GENERATED TRANSACTION,45,556587,MT,9,20838.76,0.00,45990,2531417,2518182.41
TXN000595,20251018,ACC000000595,27,HYD,177787,20260225,810951,ADJ,48000065,N,AUTO-GENERATED TRANSACTION,72,556510,AK,7,-7140.87,0.00,45244,1837316,1823039.16
TXN000596,20251010,ACC000000596,20,HYD,753631,20260225,810471,ADJ,48000847,N,AUTO-GENERATED TRANSACTION,31,556504,VP,9,-40567.66,0.00,45593,1404541,1424657.93
TXN000597,20250227,ACC000000597,32,MUM,440746,20260225,810561,POST,48000879,N,AUTO-GENERATED TRANSACTION,46,556581,VP,29,-30641.80,0.00,45076,1542136,1503145.66
TXN000598,20250415,ACC000000598,15,PUN,503559,20260225,810759,ADJ,48000875,Y,AUTO-GENERATED TRANSACTION,29,556598,MT,26,29417.12,0.00,45238,1528251,1549169.54
TXN000033,20250329,ACC000000033,67,MUM,550980,20260225,810633,POST,48000088,Y,AUTO-GENERATED TRANSACTION,63,556540,VP,31,7670.36,0.00,45384,2928857,2958599.93
TXN000600,20250417,ACC000000600,97,HYD,998057,20260225,810867,REV,48000112,N,AUTO-GENERATED TRANSACTION,87,556508,VP,24,-12781.06,0.00,45463,1352414,1337208.23
TXN000601,20250226,ACC000000601,23,MUM,692094,20260225,810623,POST,48000253,Y,AUTO-GENERATED TRANSACTION,96,556501,MT,23,-39965.91,0.00,45342,2556417,2514176.84
TXN000602,20250717,ACC000000602,91,HYD,354380,20260225,810421,ADJ,48000534,N,AUTO-GENERATED TRANSACTION,30,556516,AK,40,-31855.58,0.00,45816,2017116,2023877.32
TXN000603,20251128,ACC000000603,93,CHE,726828,20260225,810050,REV,48000946,N,AUTO-GENERATED TRANSACTION,12,556535,RS,33,18252.23,0.00,45769,2015382,2037594.02
TXN000604,20250830,ACC000000604,58,DEL,934135,20260225,810799,POST,48000051,Y,AUTO-GENERATED TRANSACTION,72,556553,RS,1,2203.71,0.00,45108,1127723,1080519.99
TXN000605,20250418,ACC000000605,61,MUM,564166,20260225,810444,REV,48000853,Y,AUTO-GENERATED TRANSACTION,90,556501,AK,22,-39800.10,0.00,45305,2027898,1997754.40
TXN000606,20250918,ACC000000606,65,HYD,435511,20260225,810762,ADJ,48000838,Y,AUTO-GENERATED TRANSACTION,81,556580,VP,18,-40940.93,0.00,45841,1711549,1676618.12
TXN000607,20250330,ACC000000607,90,MUM,825232,20260225,810435,REV,48000267,N,AUTO-GENERATED TRANSACTION,73,556554,VP,10,-44996.93,0.00,45435,2059616,2012362.20
TXN000608,20250119,ACC000000608,72,MUM,952249,20260225,810438,ADJ,48000278,N,AUTO-GENERATED TRANSACTION,95,556579,AK,35,-37241.18,0.00,45866,2159334,2178405.69
TXN000609,20250330,ACC000000609,86,MUM,903623,20260225,810131,POST,48000339,Y,AUTO-GENERATED TRANSACTION,69,556505,AK,11,34774.92,0.00,45260,1732187,1711452.97
TXN000610,20250903,ACC000000610,74,HYD,654207,20260225,810399,REV,48000752,Y,AUTO-GENERATED TRANSACTION,66,556550,RS,17,20334.81,0.00,45525,2943331,2992535.93
TXN000611,20250420,ACC000000611,78,DEL,849941,20260225,810562,POST,48000617,N,AUTO-GENERATED TRANSACTION,93,556513,AK,11,30085.64,0.00,45660,2288156,2308613.35
TXN000612,20250624,ACC000000612,26,HYD,172966,20260225,810925,POST,48000492,N,AUTO-GENERATED TRANSACTION,29,556530,VP,2,10435.86,0.00,45789,2178527,2209417.50
TXN000528,20251215,ACC000000528,48,MUM,925268,20260225,810860,REV,48000926,N,AUTO-GENERATED TRANSACTION,32,556501,MT,9,25871.47,0.00,45242,2557683,2566592.23
TXN000614,20250820,ACC000000614,65,MUM,222849,20260225,810963,ADJ,48000496,Y,AUTO-GENERATED TRANSACTION,88,556541,AK,13,-49939.64,0.00,45409,2501849,2472410.11
TXN000615,20250427,ACC000000615,23,CHE,170772,20260225,810195,POST,48000991,Y,AUTO-GENERATED TRANSACTION,86,556577,AK,21,-11340.65,0.00,45949,2761580,2730832.23
TXN000616,20250507,ACC000000616,42,MUM,411086,20260225,810432,POST,48000848,Y,AUTO-GENERATED TRANSACTION,42,556509,RS,30,-13411.57,0.00,45766,2700652,2712128.91
TXN000617,20250708,ACC000000617,19,CHE,952638,20260225,810637,POST,48000939,N,AUTO-GENERATED TRANSACTION,63,556598,VP,23,-26904.61,0.00,45728,1366630,1383698.20
TXN000618,20250815,ACC000000618,58,PUN,998367,20260225,810609,REV,48000624,N,AUTO-GENERATED TRANSACTION,41,556570,VP,20,-48400.56,0.00,45563,1717478,1736252.73
TXN000619,20250911,ACC000000619,54,DEL,309955,20260225,810406,REV,48000154,N,AUTO-GENERATED TRANSACTION,22,556557,AK,25,-25893.76,0.00,45475,1401115,1428869.62
TXN000620,20250505,ACC000000620,98,CHE,183898,20260225,810360,ADJ,48000743,Y,AUTO-GENERATED TRANSACTION,38,556560,AK,22,37722.39,0.00,45516,2072626,2093795.64
TXN000621,20251124,ACC000000621,83,HYD,527242,20260225,810680,POST,48000474,N,AUTO-GENERATED TRANSACTION,25,556520,VP,36,27284.75,0.00,45266,1260240,1233836.02
TXN000622,20250604,ACC000000622,95,CHE,932988,20260225,810866,POST,48000790,N,AUTO-GENERATED TRANSACTION,57,556569,AK,8,15666.52,0.00,45850,2492883,2489249.82
TXN000623,20250521,ACC000000623,53,DEL,918891,20260225,810584,POST,48000624,Y,AUTO-GENERATED TRANSACTION,43,556560,VP,38,47720.47,0.00,45625,1489020,1501029.35
TXN000624,20250619,ACC000000624,82,MUM,798818,20260225,810825,REV,48000010,N,AUTO-GENERATED TRANSACTION,73,556508,AK,3,-6213.06,0.00,45038,1827379,1836512.16
TXN000625,20250827,ACC000000625,29,MUM,263495,20260225,810943,REV,48000524,N,AUTO-GENERATED TRANSACTION,90,556573,MT,23,29688.16,0.00,45183,1763385,1722353.04
TXN000626,20250120,ACC000000626,70,CHE,691565,20260225,810739,ADJ,48000592,N,AUTO-GENERATED TRANSACTION,97,556557,MT,2,-29728.51,0.00,45694,2820774,2783237.69
TXN000627,20250222,ACC000000627,22,CHE,628455,20260225,810324,REV,48000819,N,AUTO-GENERATED TRANSACTION,61,556577,VP,28,-44768.53,0.00,45099,2757588,2711573.69
TXN000628,20250805,ACC000000628,77,MUM,647343,20260225,810264,REV,48000646,N,AUTO-GENERATED TRANSACTION,60,556527,VP,24,-36333.53,0.00,45520,1177094,1200341.97
TXN000629,20250309,ACC000000629,60,DEL,919552,20260225,810950,POST,48000611,N,AUTO-GENERATED TRANSACTION,94,556530,MT,16,21343.11,0.00,45580,2186304,2230751.27
TXN000630,20251013,ACC000000630,30,PUN,637962,20260225,810716,REV,48000531,Y,AUTO-GENERATED TRANSACTION,52,556503,RS,38,19445.03,0.00,45912,1097769,1079927.17
TXN000366,20251119,ACC000000366,93,CHE,617811,20260225,810041,REV,48000504,N,AUTO-GENERATED TRANSACTION,47,556504,VP,18,-41317.35,0.00,45189,1428846,1396442.31
TXN000632,20251027,ACC000000632,66,DEL,664862,20260225,810358,POST,48000284,N,AUTO-GENERATED TRANSACTION,25,556547,VP,29,-45012.87,0.00,45786,1467394,1491997.89
TXN000633,20251231,ACC000000633,60,PUN,157546,20260225,810265,REV,48000166,N,AUTO-GENERATED TRANSACTION,51,556594,AK,34,-27006.79,0.00,45272,2505728,2469673.63
TXN000634,20251021,ACC000000634,49,PUN,856257,20260225,810157,REV,48000861,Y,AUTO-GENERATED TRANSACTION,52,556545,MT,5,1097.03,0.00,45996,1734044,1713019.58
TXN000635,20250522,ACC000000635,68,DEL,285953,20260225,810047,REV,48000506,N,AUTO-GENERATED TRANSACTION,54,556545,RS,3,34130.28,0.00,45573,1113092,1072360.56
TXN000636,20250521,ACC000000636,13,PUN,384903,20260225,810419,ADJ,48000997,Y,AUTO-GENERATED TRANSACTION,44,556517,MT,32,-48876.35,0.00,45870,1023785,1000817.95
TXN000637,20251209,ACC000000637,15,MUM,421182,20260225,810102,REV,48000180,Y,AUTO-GENERATED TRANSACTION,53,556578,MT,21,49356.96,0.00,45380,1280159,1239085.08
TXN000638,20251022,ACC000000638,43,DEL,789694,20260225,810398,POST,48000141,N,AUTO-GENERATED TRANSACTION,40,556523,RS,16,-42643.05,0.00,45342,2373484,2351135.56
TXN000639,20250214,ACC000000639,36,CHE,826815,20260225,810129,POST,48000889,Y,AUTO-GENERATED TRANSACTION,93,556589,AK,15,21069.89,0.00,45395,2564497,2584641.98
TXN000640,20251125,ACC000000640,79,PUN,535760,20260225,810918,POST,48000598,N,AUTO-GENERATED TRANSACTION,30,556565,AK,36,5214.16,0.00,45742,2882199,2865063.75
TXN000104,20250728,ACC000000104,64,CHE,796322,20260225,810155,ADJ,48000326,N,AUTO-GENERATED TRANSACTION,14,556500,MT,31,-7909.16,0.00,45427,2613205,2623375.30
TXN000642,20251218,ACC000000642,33,DEL,781887,20260225,810492,ADJ,48000232,N,AUTO-GENERATED TRANSACTION,50,556584,MT,14,-43458.18,0.00,45858,2415276,2380363.61
TXN000643,20251211,ACC000000643,77,HYD,692526,20260225,810455,REV,48000986,N,AUTO-GENERATED TRANSACTION,18,556509,AK,6,-27713.75,0.00,45624,2748226,2732441.58
TXN000644,20251014,ACC000000644,56,MUM,128447,20260225,810114,REV,48000679,N,AUTO-GENERATED TRANSACTION,65,556525,RS,12,28204.05,0.00,45862,2446001,2396262.41
TXN000645,20251103,ACC000000645,77,DEL,332374,20260225,810651,REV,48000554,N,AUTO-GENERATED TRANSACTION,97,556541,VP,14,-14992.60,0.00,45544,1101014,1078212.99
TXN000646,20250818,ACC000000646,89,HYD,123321,20260225,810661,ADJ,48000584,N,AUTO-GENERATED TRANSACTION,65,556583,AK,34,-10610.15,0.00,45965,2686305,2675215.69
TXN000647,20251010,ACC000000647,41,DEL,544124,20260225,810213,POST,48000421,N,AUTO-GENERATED TRANSACTION,80,556543,MT,39,11034.43,0.00,45740,1997492,1962501.85
TXN000648,20250513,ACC000000648,18,DEL,368996,20260225,810371,ADJ,48000850,Y,AUTO-GENERATED TRANSACTION,53,556500,VP,29,-16496.31,0.00,45537,2000285,1962466.39
TXN000649,20250204,ACC000000649,37,PUN,109437,20260225,810997,POST,48000543,Y,AUTO-GENERATED TRANSACTION,83,556525,VP,4,-34061.71,0.00,45460,1808297,1791626.33
TXN000650,20250518,ACC000000650,25,CHE,508659,20260225,810260,POST,48000410,N,AUTO-GENERATED TRANSACTION,65,556552,MT,7,14398.03,0.00,45166,2431672,2447374.98
TXN000651,20250422,ACC000000651,11,DEL,107293,20260225,810584,POST,48000710,N,AUTO-GENERATED TRANSACTION,91,556587,VP,38,39162.80,0.00,45128,1798078,1812352.01
TXN000652,20251029,ACC000000652,37,CHE,937978,20260225,810230,ADJ,48000221,N,AUTO-GENERATED TRANSACTION,99,556523,AK,25,34174.58,0.00,45256,1301546,1259104.35
TXN000653,20250101,ACC000000653,20,CHE,141207,20260225,810516,REV,48000698,N,AUTO-GENERATED TRANSACTION,92,556539,VP,7,36003.35,0.00,45107,2920140,2962088.03
TXN000654,20250513,ACC000000654,28,DEL,303055,20260225,810404,REV,48000555,N,AUTO-GENERATED TRANSACTION,69,556586,AK,27,46578.34,0.00,45808,2419048,2435253.27
TXN000655,20250828,ACC000000655,41,CHE,968143,20260225,810829,ADJ,48000130,Y,AUTO-GENERATED TRANSACTION,17,556507,MT,24,-5432.88,0.00,45358,1666319,1664874.90
TXN000656,20250919,ACC000000656,28,DEL,371462,20260225,810206,ADJ,48000192,Y,AUTO-GENERATED TRANSACTION,13,556524,MT,22,-33476.33,0.00,45350,1021939,992858.76
TXN000657,20250215,ACC000000657,91,HYD,942290,20260225,810709,ADJ,48000791,N,AUTO-GENERATED TRANSACTION,77,556524,AK,22,26912.73,0.00,45409,2000267,1998465.56
TXN000658,20250126,ACC000000658,26,MUM,997140,20260225,810235,REV,48000682,N,AUTO-GENERATED TRANSACTION,84,556523,VP,38,29800.39,0.00,45833,2768267,2744624.44
TXN000659,20250803,ACC000000659,81,PUN,253958,20260225,810873,REV,48000477,Y,AUTO-GENERATED TRANSACTION,35,556598,VP,8,3717.92,0.00,45637,2654432,2642053.06
TXN000660,20250321,ACC000000660,67,MUM,333181,20260225,810573,POST,48000761,Y,AUTO-GENERATED TRANSACTION,54,556588,AK,22,11879.89,0.00,45287,2987396,3006623.85
TXN000661,20250218,ACC000000661,88,HYD,373640,20260225,810829,POST,48000610,Y,AUTO-GENERATED TRANSACTION,90,556588,AK,34,48672.80,0.00,45738,2759994,2778361.42
TXN000662,20250104,ACC000000662,97,MUM,199085,20260225,810204,POST,48000320,Y,AUTO-GENERATED TRANSACTION,12,556519,MT,14,-46800.76,0.00,45448,2470844,2443903.10
TXN000663,20250316,ACC000000663,97,PUN,490916,20260225,810181,POST,48000791,Y,AUTO-GENERATED TRANSACTION,98,556547,MT,9,-41301.50,0.00,45491,2623430,2608482.49
TXN000664,20250211,ACC000000664,21,MUM,601553,20260225,810534,REV,48000422,N,AUTO-GENERATED TRANSACTION,88,556598,RS,35,33811.64,0.00,45299,2280300,2285014.86
TXN000665,20250413,ACC000000665,16,CHE,364622,20260225,810585,POST,48000262,N,AUTO-GENERATED TRANSACTION,28,556574,MT,23,49023.11,0.00,45209,2021085,2055683.24
TXN000666,20250206,ACC000000666,80,DEL,502464,20260225,810067,ADJ,48000717,N,AUTO-GENERATED TRANSACTION,63,556566,MT,25,-19628.89,0.00,45805,2148400,2174858.23
TXN000667,20251112,ACC000000667,96,PUN,670080,20260225,810878,POST,48000378,N,AUTO-GENERATED TRANSACTION,61,556510,RS,14,-583.64,0.00,45460,2726006,2694704.05
TXN000668,20250302,ACC000000668,92,PUN,287484,20260225,810951,POST,48000492,N,AUTO-GENERATED TRANSACTION,55,556553,RS,21,-25133.04,0.00,45666,1763635,1787656.49
TXN000669,20251204,ACC000000669,86,PUN,434092,20260225,810979,ADJ,48000664,N,AUTO-GENERATED TRANSACTION,26,556523,AK,21,29288.84,0.00,45894,1734582,1724958.80
TXN000670,20250426,ACC000000670,97,MUM,272025,20260225,810578,POST,48000992,Y,AUTO-GENERATED TRANSACTION,10,556520,VP,3,-26035.87,0.00,45401,1634769,1650068.14
TXN000671,20251204,ACC000000671,63,PUN,851240,20260225,810462,POST,48000055,N,AUTO-GENERATED TRANSACTION,26,556533,AK,34,35034.32,0.00,45461,1447735,1486792.82
TXN000672,20250109,ACC000000672,57,MUM,933212,20260225,810784,REV,48000476,Y,AUTO-GENERATED TRANSACTION,24,556560,AK,36,-42778.67,0.00,45345,2948919,2927432.88
TXN000586,20251210,ACC000000586,67,MUM,261531,20260225,810985,REV,48000121,N,AUTO-GENERATED TRANSACTION,49,556566,RS,23,-17095.09,0.00,45961,2482455,2443085.85
TXN000674,20250627,ACC000000674,84,HYD,440385,20260225,810059,REV,48000252,N,AUTO-GENERATED TRANSACTION,59,556589,RS,33,-38457.15,0.00,45714,2159037,2144133.68
TXN000675,20250402,ACC000000675,67,CHE,608772,20260225,810839,ADJ,48000997,N,AUTO-GENERATED TRANSACTION,54,556511,VP,8,20060.82,0.00,45436,2113970,2126006.64
TXN000676,20250405,ACC000000676,64,DEL,582468,20260225,810214,REV,48000994,Y,AUTO-GENERATED TRANSACTION,13,556558,MT,10,40912.28,0.00,45404,2685750,2665167.73
TXN000677,20251215,ACC000000677,46,PUN,627488,20260225,810605,ADJ,48000430,N,AUTO-GENERATED TRANSACTION,64,556535,VP,5,45927.34,0.00,45573,2302309,2298685.86
TXN000678,20250514,ACC000000678,66,DEL,387825,20260225,810754,REV,48000647,Y,AUTO-GENERATED TRANSACTION,68,556571,AK,2,-7333.12,0.00,45478,2084128,2106200.62
TXN000153,20250905,ACC000000153,14,DEL,481766,20260225,810718,REV,48000622,N,AUTO-GENERATED TRANSACTION,12,556574,RS,19,28076.79,0.00,45178,2094914,2117922.26
TXN000680,20250619,ACC000000680,79,DEL,332549,20260225,810819,REV,48000858,Y,AUTO-GENERATED TRANSACTION,40,556590,MT,30,5558.18,0.00,45586,2886337,2852892.61
TXN000681,20250918,ACC000000681,89,CHE,920171,20260225,810313,POST,48000394,Y,AUTO-GENERATED TRANSACTION,67,556581,AK,2,49343.69,0.00,45973,1560988,1540535.48
TXN000682,20250412,ACC000000682,12,MUM,426835,20260225,810079,ADJ,48000265,Y,AUTO-GENERATED TRANSACTION,45,556520,RS,20,-23531.67,0.00,45971,1503347,1533606.34
TXN000683,20250526,ACC000000683,21,PUN,944576,20260225,810116,REV,48000967,N,AUTO-GENERATED TRANSACTION,66,556572,VP,7,-3174.24,0.00,45404,1690187,1651126.39
TXN000684,20250301,ACC000000684,60,HYD,866017,20260225,810441,POST,48000457,Y,AUTO-GENERATED TRANSACTION,24,556558,RS,11,12382.12,0.00,45599,2984102,2977913.40
TXN000685,20251031,ACC000000685,81,CHE,323084,20260225,810288,ADJ,48000542,Y,AUTO-GENERATED TRANSACTION,90,556508,VP,19,-8386.15,0.00,45143,2076448,2050968.35
TXN000686,20250915,ACC000000686,56,MUM,458324,20260225,810726,REV,48000788,Y,AUTO-GENERATED TRANSACTION,37,556523,VP,29,45277.38,0.00,45873,1276554,1296038.10
TXN000687,20251029,ACC000000687,19,MUM,754870,20260225,810833,POST,48000486,Y,AUTO-GENERATED TRANSACTION,60,556566,MT,38,31421.21,0.00,45411,1810209,1825331.89
TXN000688,20250509,ACC000000688,38,HYD,335167,20260225,810742,POST,48000574,N,AUTO-GENERATED TRANSACTION,26,556558,VP,13,30595.67,0.00,45481,1756838,1728993.49
TXN000689,20250525,ACC000000689,79,MUM,867345,20260225,810594,POST,48000328,N,AUTO-GENERATED TRANSACTION,49,556530,MT,25,-34911.14,0.00,45446,2466102,2493443.72
TXN000690,20250212,ACC000000690,60,MUM,519884,20260225,810565,REV,48000157,Y,AUTO-GENERATED TRANSACTION,31,556517,MT,13,948.12,0.00,45424,1180991,1199427.99
TXN000691,20251030,ACC000000691,36,HYD,906586,20260225,810748,POST,48000537,N,AUTO-GENERATED TRANSACTION,90,556507,MT,20,10253.04,0.00,45517,2960849,2943705.88
TXN000692,20250625,ACC000000692,93,CHE,836096,20260225,810338,REV,48000582,Y,AUTO-GENERATED TRANSACTION,29,556546,RS,7,-3029.37,0.00,45895,1693354,1715860.59
TXN000693,20250816,ACC000000693,36,HYD,640977,20260225,810316,ADJ,48000856,N,AUTO-GENERATED TRANSACTION,20,556528,RS,39,-7424.86,0.00,45497,2717946,2767572.04
TXN000694,20250409,ACC000000694,88,DEL,998213,20260225,810746,REV,48000690,N,AUTO-GENERATED TRANSACTION,67,556535,VP,31,39214.96,0.00,45905,1444863,1483516.95
TXN000695,20250716,ACC000000695,14,CHE,906653,20260225,810575,REV,48000628,N,AUTO-GENERATED TRANSACTION,48,556511,MT,29,44902.49,0.00,45998,1794442,1828245.97
TXN000696,20251109,ACC000000696,18,DEL,301445,20260225,810303,ADJ,48000313,N,AUTO-GENERATED TRANSACTION,77,556546,MT,6,8239.58,0.00,45198,2643722,2617040.43
TXN000697,20250509,ACC000000697,63,PUN,207937,20260225,810116,POST,48000324,Y,AUTO-GENERATED TRANSACTION,37,556587,VP,16,19575.89,0.00,45766,2788254,2768834.33
TXN000698,20250219,ACC000000698,33,MUM,461306,20260225,810050,ADJ,48000493,Y,AUTO-GENERATED TRANSACTION,87,556584,RS,37,34956.64,0.00,45261,2576872,2534301.73
TXN000699,20250603,ACC000000699,51,PUN,980852,20260225,810910,REV,48000550,Y,AUTO-GENERATED TRANSACTION,53,556597,AK,13,-8127.11,0.00,45070,2552299,2574544.62
TXN000700,20250605,ACC000000700,43,HYD,324622,20260225,810477,POST,48000964,Y,AUTO-GENERATED TRANSACTION,64,556526,MT,29,46632.07,0.00,45336,1906002,1922454.90
TXN000701,20250729,ACC000000701,28,CHE,705935,20260225,810583,POST,48000020,N,AUTO-GENERATED TRANSACTION,53,556505,VP,30,-4517.60,0.00,45150,2632186,2591649.47
TXN000702,20251011,ACC000000702,18,DEL,912432,20260225,810608,POST,48000511,Y,AUTO-GENERATED TRANSACTION,45,556569,VP,35,28154.27,0.00,45271,2642287,2629873.92
TXN000703,20251001,ACC000000703,59,PUN,773845,20260225,810860,POST,48000049,N,AUTO-GENERATED TRANSACTION,35,556528,RS,4,-27986.63,0.00,45868,2923508,2920243.59
TXN000704,20250901,ACC000000704,43,MUM,847231,20260225,810054,POST,48000538,N,AUTO-GENERATED TRANSACTION,99,556591,RS,40,544.19,0.00,45848,2875460,2907953.90
TXN000705,20250710,ACC000000705,85,DEL,611935,20260225,810301,REV,48000836,N,AUTO-GENERATED TRANSACTION,79,556532,RS,15,-396.70,0.00,45699,2364299,2356241.47
TXN000706,20251219,ACC000000706,62,DEL,380328,20260225,810920,REV,48000900,Y,AUTO-GENERATED TRANSACTION,27,556545,MT,40,8618.80,0.00,45352,1342887,1391012.40
TXN000707,20251110,ACC000000707,69,DEL,222871,20260225,810453,REV,48000053,Y,AUTO-GENERATED TRANSACTION,60,556582,AK,34,23892.54,0.00,45068,2686259,2736075.68
TXN000708,20250927,ACC000000708,12,HYD,150434,20260225,810785,POST,48000144,Y,AUTO-GENERATED TRANSACTION,69,556571,MT,29,-17985.78,0.00,45603,1668954,1673428.01
TXN000709,20250910,ACC000000709,84,DEL,597481,20260225,810269,POST,48000385,Y,AUTO-GENERATED TRANSACTION,98,556534,VP,1,15925.02,0.00,45036,1697516,1703006.76
TXN000710,20250819,ACC000000710,42,DEL,100211,20260225,810121,REV,48000819,Y,AUTO-GENERATED TRANSACTION,27,556579,RS,32,-16424.28,0.00,45948,1376762,1384996.30
TXN000711,20251209,ACC000000711,16,DEL,852960,20260225,810282,ADJ,48000104,N,AUTO-GENERATED TRANSACTION,47,556534,MT,6,2824.65,0.00,45523,1073407,1085404.57
TXN000712,20250711,ACC000000712,25,MUM,277887,20260225,810613,POST,48000982,N,AUTO-GENERATED TRANSACTION,96,556555,AK,11,-7294.14,0.00,45671,1948825,1987108.00
TXN000713,20250224,ACC000000713,50,HYD,738555,20260225,810399,POST,48000112,N,AUTO-GENERATED TRANSACTION,35,556558,AK,38,-23395.05,0.00,45467,1356607,1395668.36
TXN000714,20251126,ACC000000714,34,PUN,987798,20260225,810901,ADJ,48000138,Y,AUTO-GENERATED TRANSACTION,35,556576,MT,33,45574.00,0.00,45817,1746249,1758302.99
TXN000715,20250113,ACC000000715,61,PUN,433889,20260225,810260,ADJ,48000612,N,AUTO-GENERATED TRANSACTION,17,556598,MT,26,40799.12,0.00,45416,2437506,2446289.57
TXN000716,20250102,ACC000000716,60,CHE,729941,20260225,810927,REV,48000862,N,AUTO-GENERATED TRANSACTION,17,556583,VP,33,14199.72,0.00,45924,1405057,1380192.35
TXN000717,20250319,ACC000000717,17,MUM,345164,20260225,810216,POST,48000567,N,AUTO-GENERATED TRANSACTION,93,556534,VP,15,6878.32,0.00,45076,2033726,2034850.23
TXN000718,20250124,ACC000000718,35,PUN,366123,20260225,810493,REV,48000961,Y,AUTO-GENERATED TRANSACTION,45,556573,MT,14,23027.60,0.00,45759,2477422,2434937.91
TXN000719,20250401,ACC000000719,72,PUN,526497,20260225,810550,REV,48000795,Y,AUTO-GENERATED TRANSACTION,42,556538,MT,22,-23306.05,0.00,45581,1691478,1720082.86
TXN000720,20250130,ACC000000720,70,PUN,786451,20260225,810295,ADJ,48000901,Y,AUTO-GENERATED TRANSACTION,80,556507,RS,1,-46784.87,0.00,45412,2630491,2645100.53
TXN000721,20250309,ACC000000721,62,PUN,659870,20260225,810123,POST,48000889,N,AUTO-GENERATED TRANSACTION,69,556588,AK,23,31041.28,0.00,45459,1464878,1505239.66
TXN000722,20250812,ACC000000722,25,HYD,547577,20260225,810908,POST,48000953,Y,AUTO-GENERATED TRANSACTION,87,556508,AK,14,22632.63,0.00,45072,2049607,2094592.70
TXN000723,20251127,ACC000000723,38,PUN,492228,20260225,810974,ADJ,48000757,Y,AUTO-GENERATED TRANSACTION,54,556517,RS,32,18292.64,0.00,45176,1376187,1361234.11
TXN000724,20250909,ACC000000724,30,HYD,929617,20260225,810885,ADJ,48000620,N,AUTO-GENERATED TRANSACTION,50,556532,VP,27,7404.86,0.00,45769,1738816,1709057.51
TXN000157,20250611,ACC000000157,83,HYD,792019,20260225,810652,POST,48000554,N,AUTO-GENERATED TRANSACTION,28,556596,MT,37,-31866.14,0.00,45541,1614627,1654472.36
TXN000726,20250914,ACC000000726,12,CHE,677743,20260225,810949,REV,48000976,Y,AUTO-GENERATED TRANSACTION,28,556554,MT,21,730.09,0.00,45781,1926626,1946282.12
TXN000727,20251216,ACC000000727,11,DEL,445006,20260225,810591,POST,48000895,Y,AUTO-GENERATED TRANSACTION,38,556596,VP,33,-37431.83,0.00,45267,1980637,1951941.66
TXN000728,20251013,ACC000000728,31,DEL,139485,20260225,810703,REV,48000238,Y,AUTO-GENERATED TRANSACTION,27,556531,MT,5,-23670.79,0.00,45855,2432939,2398263.38
TXN000729,20250824,ACC000000729,59,MUM,478018,20260225,810282,POST,48000472,N,AUTO-GENERATED TRANSACTION,85,556550,MT,32,47262.04,0.00,45970,2876092,2862306.64
TXN000730,20250911,ACC000000730,20,DEL,880734,20260225,810781,ADJ,48000233,Y,AUTO-GENERATED TRANSACTION,19,556525,RS,39,-800.86,0.00,45826,2400149,2375906.47
TXN000731,20250125,ACC000000731,16,CHE,422005,20260225,810599,REV,48000772,Y,AUTO-GENERATED TRANSACTION,82,556555,MT,35,20754.43,0.00,45788,1565563,1563915.00
TXN000732,20250205,ACC000000732,30,CHE,214050,20260225,810403,ADJ,48000827,N,AUTO-GENERATED TRANSACTION,43,556597,MT,2,-30272.89,0.00,45214,1482411,1498781.39
TXN000448,20250929,ACC000000448,46,CHE,918475,20260225,810699,REV,48000941,N,AUTO-GENERATED TRANSACTION,86,556520,MT,17,-14335.44,0.00,45570,1737997,1786540.59
TXN000734,20251017,ACC000000734,83,CHE,680174,20260225,810314,REV,48000344,Y,AUTO-GENERATED TRANSACTION,46,556508,VP,37,-15475.28,0.00,45375,2513604,2560965.51
TXN000735,20250923,ACC000000735,71,HYD,851451,20260225,810102,ADJ,48000266,Y,AUTO-GENERATED TRANSACTION,75,556596,MT,40,-23462.37,0.00,45442,2377283,2396115.42
TXN000736,20250203,ACC000000736,81,HYD,359549,20260225,810823,REV,48000932,N,AUTO-GENERATED TRANSACTION,11,556504,MT,19,-28337.30,0.00,45029,1727613,1679131.43
TXN000737,20251209,ACC000000737,87,CHE,783857,20260225,810368,ADJ,48000531,Y,AUTO-GENERATED TRANSACTION,29,556535,MT,25,-7744.65,0.00,45123,2019690,2056784.28
TXN000480,20250927,ACC000000480,61,HYD,255855,20260225,810105,ADJ,48000807,N,AUTO-GENERATED TRANSACTION,45,556565,AK,20,-7009.93,0.00,45398,1785794,1790381.17
TXN000739,20251020,ACC000000739,63,PUN,876377,20260225,810312,POST,48000026,Y,AUTO-GENERATED TRANSACTION,34,556591,AK,9,13548.85,0.00,45860,2096760,2064390.85
TXN000740,20250314,ACC000000740,67,PUN,513382,20260225,810587,ADJ,48000759,Y,AUTO-GENERATED TRANSACTION,45,556505,VP,15,-33831.74,0.00,45689,1272579,1310512.33
TXN000741,20250407,ACC000000741,45,DEL,224886,20260225,810987,ADJ,48000015,N,AUTO-GENERATED TRANSACTION,49,556572,AK,32,-7445.77,0.00,45193,2024080,1986397.17
TXN000742,20250823,ACC000000742,25,DEL,430616,20260225,810082,ADJ,48000354,Y,AUTO-GENERATED TRANSACTION,78,556570,AK,3,-31616.00,0.00,45460,1183094,1171328.46
TXN000743,20250519,ACC000000743,17,MUM,937492,20260225,810504,POST,48000057,N,AUTO-GENERATED TRANSACTION,51,556552,VP,8,20915.79,0.00,45098,2235442,2284397.98
TXN000744,20250209,ACC000000744,59,CHE,671747,20260225,810809,POST,48000245,Y,AUTO-GENERATED TRANSACTION,29,556558,VP,32,-37761.91,0.00,45777,1424586,1421504.61
TXN000745,20250310,ACC000000745,40,DEL,665271,20260225,810233,ADJ,48000329,N,AUTO-GENERATED TRANSACTION,54,556529,MT,11,9258.41,0.00,45957,1254642,1208942.10
TXN000746,20250907,ACC000000746,79,PUN,653790,20260225,810832,POST,48000107,N,AUTO-GENERATED TRANSACTION,98,556500,VP,1,-13527.20,0.00,45755,1882850,1896011.91
TXN000747,20250501,ACC000000747,33,MUM,796682,20260225,810654,REV,48000742,Y,AUTO-GENERATED TRANSACTION,41,556554,MT,13,-43329.17,0.00,45218,2223931,2204874.01
TXN000748,20251230,ACC000000748,80,PUN,282403,20260225,810605,POST,48000937,N,AUTO-GENERATED TRANSACTION,23,556526,AK,1,16120.61,0.00,45651,1315891,1308173.51
TXN000749,20250428,ACC000000749,25,HYD,556346,20260225,810471,REV,48000086,N,AUTO-GENERATED TRANSACTION,51,556520,RS,4,44992.10,0.00,45313,1915786,1904269.00
TXN000750,20251127,ACC000000750,20,PUN,421438,20260225,810857,REV,48000804,N,AUTO-GENERATED TRANSACTION,93,556570,RS,28,8936.06,0.00,45747,1898732,1879977.23
TXN000751,20250610,ACC000000751,36,PUN,262157,20260225,810508,REV,48000808,N,AUTO-GENERATED TRANSACTION,51,556597,RS,13,44548.91,0.00,45446,2503778,2469586.80
TXN000139,20250523,ACC000000139,29,DEL,426630,20260225,810029,ADJ,48000680,Y,AUTO-GENERATED TRANSACTION,95,556536,AK,29,-4033.99,0.00,45113,2399998,2374555.49
TXN000753,20251112,ACC000000753,72,HYD,352159,20260225,810546,POST,48000696,Y,AUTO-GENERATED TRANSACTION,17,556569,MT,40,-42769.25,0.00,45272,2142677,2154871.00
TXN000754,20251031,ACC000000754,20,MUM,822825,20260225,810804,REV,48000218,N,AUTO-GENERATED TRANSACTION,81,556526,VP,29,-37260.32,0.00,45682,2539947,2577277.54
TXN000755,20250924,ACC000000755,13,PUN,215005,20260225,810270,REV,48000181,Y,AUTO-GENERATED TRANSACTION,74,556570,RS,33,2538.20,0.00,45313,2977157,2950457.87
TXN000756,20251209,ACC000000756,15,PUN,876556,20260225,810087,POST,48000826,N,AUTO-GENERATED TRANSACTION,81,556515,RS,34,1075.52,0.00,45472,2391760,2416228.55
TXN000757,20250506,ACC000000757,15,CHE,660726,20260225,810721,REV,48000440,N,AUTO-GENERATED TRANSACTION,22,556566,AK,2,-20898.79,0.00,45749,1170154,1162435.94
TXN000522,20251225,ACC000000522,20,DEL,513755,20260225,810071,REV,48000880,Y,AUTO-GENERATED TRANSACTION,46,556599,AK,28,-43602.28,0.00,45164,2880901,2892097.63
TXN000759,20250307,ACC000000759,48,CHE,697127,20260225,810351,POST,48000441,N,AUTO-GENERATED TRANSACTION,46,556535,AK,37,6891.63,0.00,45250,2714844,2763190.91
TXN000760,20250129,ACC000000760,46,PUN,991577,20260225,810942,REV,48000634,N,AUTO-GENERATED TRANSACTION,59,556593,RS,36,38942.47,0.00,45037,2488846,2521283.60
TXN000761,20250119,ACC000000761,40,PUN,245692,20260225,810211,ADJ,48000702,N,AUTO-GENERATED TRANSACTION,19,556531,MT,6,806.27,0.00,45014,2641288,2626962.54
TXN000392,20250411,ACC000000392,85,HYD,366588,20260225,810760,POST,48000341,Y,AUTO-GENERATED TRANSACTION,30,556503,AK,6,23047.74,0.00,45830,1654071,1700881.13
TXN000763,20251105,ACC000000763,30,DEL,524653,20260225,810798,POST,48000115,Y,AUTO-GENERATED TRANSACTION,76,556554,VP,9,-29517.18,0.00,45742,2961154,2974828.15
TXN000764,20251010,ACC000000764,11,HYD,268451,20260225,810422,REV,48000179,N,AUTO-GENERATED TRANSACTION,13,556530,MT,8,-8309.11,0.00,45697,2425871,2408126.98
TXN000765,20250712,ACC000000765,21,HYD,933073,20260225,810976,POST,48000118,N,AUTO-GENERATED TRANSACTION,79,556561,AK,11,32148.13,0.00,45169,1051843,1076132.22
TXN000766,20250107,ACC000000766,23,HYD,177601,20260225,810127,ADJ,48000720,N,AUTO-GENERATED TRANSACTION,57,556554,MT,27,-46902.81,0.00,45504,2115656,2109419.73
TXN000767,20250530,ACC000000767,12,PUN,175997,20260225,810757,REV,48000628,Y,AUTO-GENERATED TRANSACTION,56,556551,VP,15,-21202.08,0.00,45687,1278604,1284573.88
TXN000768,20250225,ACC000000768,80,MUM,645756,20260225,810010,REV,48000671,Y,AUTO-GENERATED TRANSACTION,52,556556,VP,38,-24149.45,0.00,45572,2084039,2039411.35
TXN000769,20250620,ACC000000769,40,PUN,309512,20260225,810774,REV,48000180,Y,AUTO-GENERATED TRANSACTION,26,556533,VP,12,-31521.05,0.00,45354,2791683,2806550.47
TXN000770,20250519,ACC000000770,31,CHE,533577,20260225,810631,POST,48000055,Y,AUTO-GENERATED TRANSACTION,76,556568,AK,18,-35150.71,0.00,45004,2784795,2747091.83
TXN000771,20251005,ACC000000771,57,HYD,156116,20260225,810684,POST,48000189,Y,AUTO-GENERATED TRANSACTION,51,556511,RS,16,-20746.63,0.00,45998,2100228,2094400.20
TXN000772,20250322,ACC000000772,28,DEL,831302,20260225,810175,REV,48000016,Y,AUTO-GENERATED TRANSACTION,61,556584,VP,37,-40841.81,0.00,45574,1455793,1497438.69
TXN000773,20251004,ACC000000773,41,HYD,401943,20260225,810236,ADJ,48000784,N,AUTO-GENERATED TRANSACTION,32,556547,MT,35,-13313.63,0.00,45967,2313819,2284856.98
TXN000515,20250520,ACC000000515,67,HYD,440864,20260225,810121,POST,48000863,Y,AUTO-GENERATED TRANSACTION,26,556524,RS,34,-14617.59,0.00,45684,2522351,2516178.06
TXN000775,20251022,ACC000000775,27,DEL,796986,20260225,810445,REV,48000302,N,AUTO-GENERATED TRANSACTION,95,556520,RS,7,7772.15,0.00,45450,1251131,1235266.22
TXN000776,20250924,ACC000000776,90,DEL,708846,20260225,810567,REV,48000999,N,AUTO-GENERATED TRANSACTION,81,556548,MT,35,4515.99,0.00,45731,2932801,2943015.97
TXN000777,20250315,ACC000000777,28,DEL,775472,20260225,810610,ADJ,48000446,N,AUTO-GENERATED TRANSACTION,50,556505,AK,12,8462.77,0.00,45104,2252166,2288360.71
TXN000778,20250225,ACC000000778,97,HYD,890982,20260225,810134,POST,48000361,Y,AUTO-GENERATED TRANSACTION,91,556589,VP,6,-41626.74,0.00,45709,2855319,2807704.10
TXN000779,20250409,ACC000000779,49,HYD,725737,20260225,810159,POST,48000660,N,AUTO-GENERATED TRANSACTION,35,556553,AK,6,-38151.75,0.00,45158,2681957,2664443.58
TXN000780,20250221,ACC000000780,82,PUN,109520,20260225,810379,POST,48000810,N,AUTO-GENERATED TRANSACTION,20,556562,VP,11,28811.94,0.00,45939,2429881,2395449.94
TXN000781,20250719,ACC000000781,26,DEL,580140,20260225,810199,ADJ,48000612,Y,AUTO-GENERATED TRANSACTION,26,556590,RS,7,40727.18,0.00,45686,2379458,2350083.99
TXN000782,20251018,ACC000000782,43,CHE,290005,20260225,810040,REV,48000363,N,AUTO-GENERATED TRANSACTION,92,556585,RS,8,-3496.42,0.00,45172,1795350,1767577.91
TXN000783,20251210,ACC000000783,50,CHE,394076,20260225,810710,REV,48000677,N,AUTO-GENERATED TRANSACTION,79,556598,MT,6,18287.90,0.00,45415,1258274,1291776.28
TXN000784,20250326,ACC000000784,40,DEL,949075,20260225,810848,ADJ,48000374,Y,AUTO-GENERATED TRANSACTION,21,556515,RS,7,5420.09,0.00,45083,2861597,2861593.05
TXN000785,20251022,ACC000000785,67,CHE,308273,20260225,810546,REV,48000324,Y,AUTO-GENERATED TRANSACTION,54,556509,RS,25,-11765.72,0.00,45889,2664695,2687206.86
TXN000786,20251020,ACC000000786,74,PUN,740911,20260225,810337,POST,48000374,N,AUTO-GENERATED TRANSACTION,92,556512,AK,18,13653.77,0.00,45835,2873127,2901436.87
TXN000787,20250808,ACC000000787,59,HYD,636164,20260225,810420,REV,48000624,Y,AUTO-GENERATED TRANSACTION,87,556506,VP,14,24922.67,0.00,45522,2149091,2157366.73
TXN000034,20250807,ACC000000034,48,CHE,741193,20260225,810173,POST,48000765,Y,AUTO-GENERATED TRANSACTION,75,556518,RS,33,5155.89,0.00,45149,1161449,1207763.50
TXN000789,20250322,ACC000000789,71,PUN,253030,20260225,810812,POST,48000970,N,AUTO-GENERATED TRANSACTION,85,556587,VP,7,9410.58,0.00,45959,2482594,2493972.20
TXN000790,20251118,ACC000000790,18,DEL,791725,20260225,810888,POST,48000028,Y,AUTO-GENERATED TRANSACTION,19,556582,MT,11,25898.75,0.00,45064,2123154,2144163.83
TXN000791,20251105,ACC000000791,29,MUM,260309,20260225,810868,REV,48000892,N,AUTO-GENERATED TRANSACTION,96,556547,RS,16,-28573.17,0.00,45886,1096116,1097551.10
TXN000792,20251119,ACC000000792,23,HYD,174687,20260225,810732,REV,48000497,Y,AUTO-GENERATED TRANSACTION,61,556502,MT,30,-49845.19,0.00,45624,1480076,1491962.71
TXN000793,20250304,ACC000000793,92,MUM,210522,20260225,810245,REV,48000300,N,AUTO-GENERATED TRANSACTION,42,556558,MT,20,41506.15,0.00,45058,2240176,2243972.91
TXN000794,20251013,ACC000000794,35,CHE,140234,20260225,810385,ADJ,48000828,N,AUTO-GENERATED TRANSACTION,56,556513,AK,4,22318.41,0.00,45277,2223389,2205922.66
TXN000795,20251210,ACC000000795,13,HYD,935030,20260225,810444,ADJ,48000943,N,AUTO-GENERATED TRANSACTION,83,556575,MT,39,3390.54,0.00,45240,1745562,1747370.33
TXN000796,20250808,ACC000000796,13,CHE,965482,20260225,810354,REV,48000997,Y,AUTO-GENERATED TRANSACTION,32,556578,MT,35,41197.32,0.00,45473,1037238,1085644.90
TXN000797,20250320,ACC000000797,43,MUM,127009,20260225,810872,ADJ,48000729,N,AUTO-GENERATED TRANSACTION,97,556594,AK,5,4833.58,0.00,45139,2093723,2069571.95
TXN000798,20251126,ACC000000798,65,MUM,637956,20260225,810264,POST,48000078,Y,AUTO-GENERATED TRANSACTION,22,556542,VP,26,-16371.93,0.00,45371,2069301,2046426.24
TXN000799,20250624,ACC000000799,36,DEL,340506,20260225,810996,ADJ,48000519,N,AUTO-GENERATED TRANSACTION,48,556552,RS,31,-31912.06,0.00,45638,1568137,1552632.66
TXN000800,20250330,ACC000000800,30,PUN,341250,20260225,810184,REV,48000565,N,AUTO-GENERATED TRANSACTION,40,556501,MT,8,11544.60,0.00,45478,1989732,2024066.98
TXN000801,20250506,ACC000000801,65,CHE,911890,20260225,810517,ADJ,48000257,N,AUTO-GENERATED TRANSACTION,83,556592,AK,36,-11371.63,0.00,45119,1958246,1987273.25
TXN000802,20250618,ACC000000802,79,HYD,599189,20260225,810141,POST,48000072,N,AUTO-GENERATED TRANSACTION,34,556564,AK,2,-32718.90,0.00,45470,1509394,1521769.07
TXN000803,20250909,ACC000000803,68,CHE,887465,20260225,810968,ADJ,48000429,N,AUTO-GENERATED TRANSACTION,19,556594,MT,14,16368.68,0.00,45953,2799753,2809845.95
TXN000804,20250907,ACC000000804,62,DEL,767615,20260225,810392,REV,48000178,N,AUTO-GENERATED TRANSACTION,39,556577,MT,32,28872.15,0.00,45791,1043784,1009817.67
TXN000805,20250518,ACC000000805,86,DEL,718274,20260225,810507,REV,48000489,Y,AUTO-GENERATED TRANSACTION,81,556573,VP,17,46295.76,0.00,45144,2403638,2360891.10
TXN000806,20250415,ACC000000806,97,DEL,152588,20260225,810514,ADJ,48000338,Y,AUTO-GENERATED TRANSACTION,71,556535,RS,28,46547.32,0.00,45606,2731543,2777166.56
TXN000807,20250430,ACC000000807,17,PUN,893497,20260225,810666,POST,48000630,N,AUTO-GENERATED TRANSACTION,93,556557,MT,27,-26435.01,0.00,45859,2470078,2497547.35
TXN000808,20250506,ACC000000808,34,MUM,782206,20260225,810475,REV,48000359,Y,AUTO-GENERATED TRANSACTION,37,556501,AK,13,-3910.73,0.00,45869,2063699,2096126.48
TXN000809,20250929,ACC000000809,10,PUN,509077,20260225,810986,ADJ,48000474,Y,AUTO-GENERATED TRANSACTION,48,556518,MT,20,31960.46,0.00,45531,2467644,2481585.59
TXN000810,20250824,ACC000000810,27,PUN,546465,20260225,810715,POST,48000408,N,AUTO-GENERATED TRANSACTION,12,556505,RS,20,-29741.40,0.00,45591,1958565,2003570.57
TXN000811,20250712,ACC000000811,29,PUN,981571,20260225,810800,REV,48000869,N,AUTO-GENERATED TRANSACTION,60,556540,MT,6,-14621.85,0.00,45831,2362385,2322247.67
TXN000812,20250601,ACC000000812,26,HYD,941160,20260225,810096,REV,48000223,Y,AUTO-GENERATED TRANSACTION,34,556588,VP,14,-3636.91,0.00,45067,1508692,1542438.27
TXN000813,20250426,ACC000000813,47,HYD,974128,20260225,810953,ADJ,48000279,N,AUTO-GENERATED TRANSACTION,59,556540,RS,27,25151.02,0.00,45479,1616761,1633700.51
TXN000814,20250627,ACC000000814,32,PUN,419254,20260225,810381,POST,48000435,N,AUTO-GENERATED TRANSACTION,87,556520,MT,28,24374.11,0.00,45849,2519568,2522458.29
TXN000815,20250605,ACC000000815,62,HYD,995260,20260225,810772,REV,48000027,Y,AUTO-GENERATED TRANSACTION,10,556509,VP,16,-39986.30,0.00,45095,2887882,2878613.47
TXN000816,20250818,ACC000000816,44,CHE,704315,20260225,810709,REV,48000068,Y,AUTO-GENERATED TRANSACTION,72,556525,RS,9,17242.03,0.00,45232,2633175,2655702.87
TXN000817,20251024,ACC000000817,66,HYD,259908,20260225,810736,ADJ,48000355,N,AUTO-GENERATED TRANSACTION,25,556544,RS,36,-35551.32,0.00,45546,1691981,1692102.57
TXN000818,20250605,ACC000000818,38,HYD,352193,20260225,810724,ADJ,48000261,Y,AUTO-GENERATED TRANSACTION,88,556556,AK,9,-22764.86,0.00,45114,2129240,2130957.70
TXN000819,20250914,ACC000000819,97,MUM,471121,20260225,810064,ADJ,48000004,N,AUTO-GENERATED TRANSACTION,11,556599,VP,20,3752.81,0.00,45352,1900777,1928477.74
TXN000820,20251215,ACC000000820,68,MUM,705067,20260225,810988,POST,48000678,N,AUTO-GENERATED TRANSACTION,31,556513,MT,27,-32510.51,0.00,45202,2388865,2381981.06
TXN000821,20250325,ACC000000821,41,MUM,803907,20260225,810867,ADJ,48000492,N,AUTO-GENERATED TRANSACTION,85,556592,RS,2,33661.70,0.00,45301,2635110,2617489.52
TXN000822,20250307,ACC000000822,36,CHE,565293,20260225,810575,POST,48000780,Y,AUTO-GENERATED TRANSACTION,11,556547,VP,12,-30592.06,0.00,45624,2666875,2681317.93
TXN000823,20250813,ACC000000823,99,CHE,107560,20260225,810215,ADJ,48000731,N,AUTO-GENERATED TRANSACTION,50,556564,AK,4,35375.05,0.00,45866,1600257,1588600.10
TXN000824,20250131,ACC000000824,99,HYD,909969,20260225,810715,REV,48000016,N,AUTO-GENERATED TRANSACTION,30,556595,MT,22,35041.96,0.00,45230,2149116,2125582.05
TXN000825,20250508,ACC000000825,30,DEL,141856,20260225,810709,POST,48000271,Y,AUTO-GENERATED TRANSACTION,61,556596,RS,37,8913.93,0.00,45830,2026594,2017192.77
TXN000826,20250310,ACC000000826,98,CHE,581710,20260225,810740,REV,48000450,Y,AUTO-GENERATED TRANSACTION,55,556567,MT,7,-12877.60,0.00,45168,2215613,2236360.34
TXN000827,20251204,ACC000000827,14,DEL,260307,20260225,810785,REV,48000614,N,AUTO-GENERATED TRANSACTION,88,556551,RS,35,-47096.94,0.00,45807,2401426,2419637.97
TXN000258,20250521,ACC000000258,93,DEL,197530,20260225,810103,POST,48000782,Y,AUTO-GENERATED TRANSACTION,36,556580,RS,36,-28636.72,0.00,45954,1024571,1002077.33
TXN000829,20251220,ACC000000829,60,PUN,129242,20260225,810287,POST,48000342,Y,AUTO-GENERATED TRANSACTION,21,556505,MT,3,-28229.84,0.00,45391,1590736,1639519.04
TXN000830,20250225,ACC000000830,34,DEL,210804,20260225,810219,REV,48000671,N,AUTO-GENERATED TRANSACTION,49,556549,MT,35,49688.96,0.00,45493,2375253,2352017.34
TXN000831,20251014,ACC000000831,18,PUN,875980,20260225,810839,ADJ,48000694,Y,AUTO-GENERATED TRANSACTION,37,556578,AK,11,1233.40,0.00,45061,2269771,2266320.37
TXN000832,20250923,ACC000000832,55,PUN,213696,20260225,810636,REV,48000282,N,AUTO-GENERATED TRANSACTION,53,556521,VP,2,47597.75,0.00,45527,1362410,1358554.31
TXN000833,20250411,ACC000000833,46,HYD,349041,20260225,810195,POST,48000154,Y,AUTO-GENERATED TRANSACTION,17,556518,RS,19,4230.99,0.00,45396,1157885,1114157.49
TXN000834,20250530,ACC000000834,41,HYD,119843,20260225,810189,REV,48000045,Y,AUTO-GENERATED TRANSACTION,19,556544,RS,26,-32010.79,0.00,45679,1055780,1033222.94
TXN000835,20250629,ACC000000835,52,CHE,374411,20260225,810745,REV,48000765,N,AUTO-GENERATED TRANSACTION,40,556516,VP,19,10404.63,0.00,45321,2846254,2824915.55
TXN000836,20250824,ACC000000836,65,HYD,472864,20260225,810982,ADJ,48000854,Y,AUTO-GENERATED TRANSACTION,80,556511,MT,38,29641.53,0.00,45742,1159812,1190613.93
TXN000837,20250424,ACC000000837,27,DEL,137833,20260225,810189,POST,48000042,Y,AUTO-GENERATED TRANSACTION,84,556503,MT,10,-40680.72,0.00,45184,1550584,1510045.00
TXN000838,20251209,ACC000000838,64,DEL,555486,20260225,810410,ADJ,48000735,Y,AUTO-GENERATED TRANSACTION,63,556532,VP,40,-28604.45,0.00,45645,2130965,2081497.91
TXN000839,20251205,ACC000000839,39,PUN,554422,20260225,810000,POST,48000447,Y,AUTO-GENERATED TRANSACTION,95,556588,VP,18,-42467.15,0.00,45809,1636031,1608954.46
TXN000840,20251205,ACC000000840,30,PUN,423882,20260225,810551,ADJ,48000116,Y,AUTO-GENERATED TRANSACTION,23,556550,VP,7,-16085.20,0.00,45749,1486344,1492354.65
TXN000841,20250111,ACC000000841,37,MUM,538194,20260225,810222,REV,48000561,Y,AUTO-GENERATED TRANSACTION,43,556500,AK,5,-23444.30,0.00,45750,1622948,1625594.80
TXN000842,20250809,ACC000000842,81,MUM,711238,20260225,810109,ADJ,48000569,N,AUTO-GENERATED TRANSACTION,44,556523,RS,15,-36604.94,0.00,45244,1249140,1279527.25
TXN000843,20251127,ACC000000843,63,MUM,372669,20260225,810716,ADJ,48000573,N,AUTO-GENERATED TRANSACTION,21,556563,VP,14,-44550.26,0.00,45160,1553409,1577857.25
TXN000748,20251230,ACC000000748,80,PUN,282403,20260225,810605,POST,48000937,N,AUTO-GENERATED TRANSACTION,23,556526,AK,1,16120.61,0.00,45651,1315891,1308173.51
TXN000845,20250726,ACC000000845,63,CHE,250812,20260225,810209,ADJ,48000214,Y,AUTO-GENERATED TRANSACTION,90,556529,VP,18,18904.43,0.00,45301,2173853,2132543.18
TXN000846,20250320,ACC000000846,94,MUM,743786,20260225,810958,REV,48000070,Y,AUTO-GENERATED TRANSACTION,21,556532,AK,20,48710.78,0.00,45814,2809041,2808016.87
TXN000847,20250531,ACC000000847,27,HYD,170158,20260225,810455,ADJ,48000468,N,AUTO-GENERATED TRANSACTION,81,556540,AK,9,-18481.94,0.00,45121,1801398,1752405.16
TXN000848,20250731,ACC000000848,18,DEL,968733,20260225,810973,REV,48000322,N,AUTO-GENERATED TRANSACTION,21,556565,MT,37,-39501.46,0.00,45956,2165455,2178322.89
TXN000849,20251108,ACC000000849,35,CHE,466448,20260225,810740,ADJ,48000045,N,AUTO-GENERATED TRANSACTION,42,556585,MT,10,-44425.78,0.00,45867,1062160,1039577.45
TXN000850,20250329,ACC000000850,91,MUM,893506,20260225,810872,POST,48000855,N,AUTO-GENERATED TRANSACTION,63,556523,AK,28,8028.08,0.00,45543,1172860,1125239.06
TXN000851,20250925,ACC000000851,30,MUM,969724,20260225,810868,POST,48000666,N,AUTO-GENERATED TRANSACTION,73,556561,AK,13,-36318.40,0.00,45865,1259024,1254117.78
TXN000852,20250918,ACC000000852,95,CHE,310572,20260225,810689,REV,48000005,Y,AUTO-GENERATED TRANSACTION,36,556569,VP,23,-39940.01,0.00,45515,1566717,1551862.90
TXN000853,20250726,ACC000000853,98,PUN,737339,20260225,810049,ADJ,48000878,Y,AUTO-GENERATED TRANSACTION,70,556572,RS,36,-9358.90,0.00,45665,1369406,1407197.15
TXN000854,20250321,ACC000000854,14,HYD,601975,20260225,810587,POST,48000401,N,AUTO-GENERATED TRANSACTION,12,556511,MT,31,33731.10,0.00,45957,2208155,2251913.40
TXN000855,20250524,ACC000000855,86,PUN,306988,20260225,810708,POST,48000166,Y,AUTO-GENERATED TRANSACTION,91,556597,RS,20,4941.18,0.00,45626,1019334,999140.77
TXN000856,20250218,ACC000000856,79,PUN,817739,20260225,810121,REV,48000292,N,AUTO-GENERATED TRANSACTION,44,556527,MT,30,17747.03,0.00,45226,2669082,2706039.94
TXN000857,20250110,ACC000000857,98,HYD,467501,20260225,810815,POST,48000963,Y,AUTO-GENERATED TRANSACTION,83,556552,MT,32,29588.43,0.00,45932,2726495,2693078.82
TXN000858,20251017,ACC000000858,45,CHE,698315,20260225,810106,REV,48000642,Y,AUTO-GENERATED TRANSACTION,74,556579,VP,4,48622.17,0.00,45332,2716670,2749713.82
TXN000859,20251005,ACC000000859,24,CHE,140477,20260225,810608,ADJ,48000198,N,AUTO-GENERATED TRANSACTION,23,556555,AK,17,-38624.23,0.00,45455,1390367,1413558.74
TXN000860,20250927,ACC000000860,42,DEL,452511,20260225,810472,POST,48000327,Y,AUTO-GENERATED TRANSACTION,82,556575,RS,18,-12342.32,0.00,45950,2628337,2590688.53
TXN000861,20250414,ACC000000861,53,CHE,283705,20260225,810463,REV,48000230,N,AUTO-GENERATED TRANSACTION,18,556545,RS,30,24086.04,0.00,45879,1264048,1253244.86
TXN000862,20250215,ACC000000862,83,CHE,120204,20260225,810508,POST,48000188,N,AUTO-GENERATED TRANSACTION,29,556512,RS,1,-36968.57,0.00,45794,1583081,1587481.85
TXN000863,20251117,ACC000000863,25,HYD,387149,20260225,810527,REV,48000988,N,AUTO-GENERATED TRANSACTION,22,556536,VP,19,-3917.71,0.00,45283,1236852,1273688.84
TXN000864,20251018,ACC000000864,78,MUM,159800,20260225,810445,REV,48000996,N,AUTO-GENERATED TRANSACTION,83,556558,AK,15,8329.36,0.00,45137,2380370,2368744.87
TXN000865,20250704,ACC000000865,91,CHE,648763,20260225,810779,ADJ,48000812,N,AUTO-GENERATED TRANSACTION,70,556528,MT,11,-48027.88,0.00,45359,1930285,1906016.13
TXN000866,20250628,ACC000000866,89,HYD,746275,20260225,810980,ADJ,48000779,N,AUTO-GENERATED TRANSACTION,36,556538,VP,25,24385.53,0.00,45585,1127845,1102150.46
TXN000867,20250412,ACC000000867,48,HYD,819902,20260225,810000,REV,48000521,N,AUTO-GENERATED TRANSACTION,38,556581,VP,7,23672.91,0.00,45699,2864807,2894256.59
TXN000868,20251107,ACC000000868,66,DEL,179596,20260225,810169,ADJ,48000223,Y,AUTO-GENERATED TRANSACTION,23,556589,AK,29,16519.24,0.00,45521,2430648,2446453.73
TXN000869,20250217,ACC000000869,83,CHE,815995,20260225,810707,ADJ,48000213,N,AUTO-GENERATED TRANSACTION,58,556501,RS,19,20498.63,0.00,45686,1212387,1196639.27
TXN000870,20250911,ACC000000870,32,CHE,402339,20260225,810922,ADJ,48000631,N,AUTO-GENERATED TRANSACTION,68,556559,MT,10,-47924.17,0.00,45935,2156020,2115303.63
TXN000871,20250307,ACC000000871,83,PUN,841427,20260225,810935,REV,48000767,N,AUTO-GENERATED TRANSACTION,40,556580,AK,8,-40432.57,0.00,45574,1424619,1461765.01
TXN000872,20250512,ACC000000872,20,CHE,308253,20260225,810673,REV,48000501,N,AUTO-GENERATED TRANSACTION,73,556591,MT,22,-5564.80,0.00,45889,1564335,1552128.99
TXN000435,20250507,ACC000000435,69,DEL,997096,20260225,810561,ADJ,48000418,N,AUTO-GENERATED TRANSACTION,12,556544,AK,35,-841.11,0.00,45285,2124409,2099018.16
TXN000874,20250204,ACC000000874,37,MUM,576821,20260225,810830,ADJ,48000174,N,AUTO-GENERATED TRANSACTION,44,556578,MT,10,-31799.37,0.00,45916,2378451,2350269.36
TXN000875,20250806,ACC000000875,65,PUN,165588,20260225,810756,POST,48000902,N,AUTO-GENERATED TRANSACTION,52,556591,AK,34,-11455.98,0.00,45201,2632370,2629740.64
TXN000876,20250413,ACC000000876,17,PUN,572165,20260225,810775,REV,48000866,N,AUTO-GENERATED TRANSACTION,13,556509,RS,34,47791.82,0.00,45445,1599152,1558502.06
TXN000877,20251219,ACC000000877,91,MUM,301654,20260225,810175,REV,48000883,Y,AUTO-GENERATED TRANSACTION,21,556587,RS,38,-15418.24,0.00,45294,1970147,1943087.49
TXN000878,20250706,ACC000000878,84,PUN,103190,20260225,810108,ADJ,48000698,N,AUTO-GENERATED TRANSACTION,39,556567,RS,1,-40679.09,0.00,45767,2148943,2105564.46
TXN000879,20250129,ACC000000879,30,HYD,414847,20260225,810100,POST,48000949,Y,AUTO-GENERATED TRANSACTION,43,556500,AK,13,15402.83,0.00,45060,1161367,1119011.17
TXN000880,20250412,ACC000000880,34,HYD,685354,20260225,810836,POST,48000480,N,AUTO-GENERATED TRANSACTION,50,556508,RS,4,-36456.93,0.00,45935,2483238,2505642.84
TXN000881,20250602,ACC000000881,19,MUM,452316,20260225,810882,POST,48000807,Y,AUTO-GENERATED TRANSACTION,45,556527,VP,7,4948.10,0.00,45118,1326862,1306330.11
TXN000882,20251031,ACC000000882,67,MUM,353571,20260225,810919,POST,48000084,Y,AUTO-GENERATED TRANSACTION,54,556527,VP,25,-7767.77,0.00,45419,2294071,2340030.53
TXN000883,20251201,ACC000000883,85,PUN,216902,20260225,810159,POST,48000563,Y,AUTO-GENERATED TRANSACTION,33,556545,AK,16,-15439.47,0.00,45207,1622474,1630254.08
TXN000884,20250907,ACC000000884,10,HYD,484505,20260225,810676,ADJ,48000092,Y,AUTO-GENERATED TRANSACTION,87,556576,MT,13,-29623.41,0.00,45257,1540913,1537815.17
TXN000885,20250803,ACC000000885,95,HYD,581418,20260225,810338,ADJ,48000712,N,AUTO-GENERATED TRANSACTION,54,556577,VP,22,-37859.27,0.00,45208,1535049,1566628.21
TXN000886,20250714,ACC000000886,45,MUM,106101,20260225,810681,ADJ,48000919,N,AUTO-GENERATED TRANSACTION,55,556563,VP,22,31114.98,0.00,45009,1816958,1788250.08
TXN000887,20250705,ACC000000887,42,DEL,883352,20260225,810697,REV,48000087,Y,AUTO-GENERATED TRANSACTION,14,556589,AK,38,37771.83,0.00,45257,1502888,1507344.03
TXN000888,20251114,ACC000000888,36,DEL,713937,20260225,810609,REV,48000125,Y,AUTO-GENERATED TRANSACTION,53,556588,RS,23,37214.20,0.00,45515,2712515,2709480.06
TXN000889,20251006,ACC000000889,55,DEL,442486,20260225,810297,ADJ,48000453,Y,AUTO-GENERATED TRANSACTION,18,556586,AK,24,14662.60,0.00,45321,2135350,2184852.65
TXN000890,20250925,ACC000000890,46,CHE,345096,20260225,810078,REV,48000305,Y,AUTO-GENERATED TRANSACTION,24,556532,RS,10,-44432.15,0.00,45188,1341855,1365286.63
TXN000891,20250709,ACC000000891,35,PUN,416267,20260225,810462,ADJ,48000366,N,AUTO-GENERATED TRANSACTION,27,556521,AK,24,20389.04,0.00,45265,2293071,2276500.87
TXN000892,20250506,ACC000000892,80,MUM,411783,20260225,810844,POST,48000267,Y,AUTO-GENERATED TRANSACTION,92,556596,AK,1,46812.62,0.00,45560,1363532,1393274.93
TXN000893,20250606,ACC000000893,51,PUN,644805,20260225,810037,REV,48000402,N,AUTO-GENERATED TRANSACTION,28,556555,VP,17,20494.56,0.00,45971,1183253,1185002.54
TXN000894,20250921,ACC000000894,14,PUN,515639,20260225,810726,REV,48000214,Y,AUTO-GENERATED TRANSACTION,52,556547,VP,26,-48326.05,0.00,45647,1424872,1401788.55
TXN000895,20250510,ACC000000895,84,DEL,373248,20260225,810033,REV,48000584,Y,AUTO-GENERATED TRANSACTION,55,556556,RS,21,-40101.91,0.00,45921,2323046,2285867.84
TXN000896,20250209,ACC000000896,50,DEL,396782,20260225,810576,REV,48000205,N,AUTO-GENERATED TRANSACTION,12,556523,VP,11,-23069.54,0.00,45951,2261538,2306301.22
TXN000897,20250301,ACC000000897,90,PUN,112615,20260225,810374,ADJ,48000596,N,AUTO-GENERATED TRANSACTION,29,556532,MT,21,-1733.54,0.00,45973,1246597,1240664.58
TXN000898,20251229,ACC000000898,95,PUN,103118,20260225,810552,POST,48000472,Y,AUTO-GENERATED TRANSACTION,95,556562,AK,37,27783.08,0.00,45102,1269121,1304296.05
TXN000899,20250701,ACC000000899,67,DEL,263228,20260225,810247,REV,48000388,N,AUTO-GENERATED TRANSACTION,50,556532,RS,1,-23864.73,0.00,45495,1178729,1137723.35
TXN000900,20250103,ACC000000900,26,DEL,502931,20260225,810215,POST,48000045,N,AUTO-GENERATED TRANSACTION,81,556583,RS,20,11921.63,0.00,45123,2798676,2757832.50
TXN000901,20250406,ACC000000901,44,CHE,568664,20260225,810401,ADJ,48000847,N,AUTO-GENERATED TRANSACTION,69,556515,RS,31,4640.94,0.00,45328,1991633,1969567.51
TXN000902,20250515,ACC000000902,75,DEL,777393,20260225,810200,REV,48000552,Y,AUTO-GENERATED TRANSACTION,58,556559,AK,35,-31998.51,0.00,45052,1289318,1323527.24
TXN000903,20250901,ACC000000903,31,CHE,866268,20260225,810192,REV,48000426,N,AUTO-GENERATED TRANSACTION,20,556581,AK,27,43644.33,0.00,45429,2260691,2288603.33
TXN000904,20250730,ACC000000904,88,MUM,949719,20260225,810384,REV,48000769,Y,AUTO-GENERATED TRANSACTION,47,556588,RS,35,49299.85,0.00,45756,2622445,2652097.33
TXN000066,20250424,ACC000000066,53,CHE,248139,20260225,810727,ADJ,48000880,N,AUTO-GENERATED TRANSACTION,23,556508,VP,28,38662.68,0.00,45045,1423150,1413207.60
TXN000906,20250528,ACC000000906,38,DEL,694379,20260225,810976,POST,48000608,Y,AUTO-GENERATED TRANSACTION,33,556565,AK,7,28731.43,0.00,45747,1224801,1265111.38
TXN000907,20250109,ACC000000907,58,HYD,604606,20260225,810396,ADJ,48000052,N,AUTO-GENERATED TRANSACTION,30,556545,VP,20,30009.81,0.00,45148,1074800,1097820.22
TXN000908,20250819,ACC000000908,12,CHE,601319,20260225,810912,REV,48000200,N,AUTO-GENERATED TRANSACTION,21,556592,MT,14,-24588.93,0.00,45426,1931552,1928801.50
TXN000909,20250623,ACC000000909,32,HYD,890658,20260225,810987,REV,48000849,N,AUTO-GENERATED TRANSACTION,68,556508,AK,36,-7100.31,0.00,45733,1950564,1968116.14
TXN000910,20250408,ACC000000910,38,PUN,793931,20260225,810994,REV,48000469,N,AUTO-GENERATED TRANSACTION,61,556525,AK,33,-8438.21,0.00,45275,1052004,1040535.09
TXN000911,20250215,ACC000000911,62,CHE,742241,20260225,810752,ADJ,48000782,N,AUTO-GENERATED TRANSACTION,62,556502,VP,23,-10327.90,0.00,45400,1636042,1671147.46
TXN000912,20250519,ACC000000912,79,PUN,449158,20260225,810469,REV,48000305,N,AUTO-GENERATED TRANSACTION,96,556566,MT,7,-6767.24,0.00,45195,1917799,1922308.93
TXN000913,20251217,ACC000000913,74,DEL,704826,20260225,810052,REV,48000571,Y,AUTO-GENERATED TRANSACTION,45,556580,MT,7,40271.46,0.00,45696,2083736,2126755.14
TXN000914,20250415,ACC000000914,72,HYD,858324,20260225,810179,REV,48000886,Y,AUTO-GENERATED TRANSACTION,45,556516,MT,19,-15010.74,0.00,45879,2706520,2716891.48
TXN000915,20250129,ACC000000915,28,MUM,176474,20260225,810991,ADJ,48000710,Y,AUTO-GENERATED TRANSACTION,51,556556,MT,20,-18950.55,0.00,45116,2284546,2266119.69
TXN000916,20250604,ACC000000916,91,CHE,333678,20260225,810215,POST,48000921,Y,AUTO-GENERATED TRANSACTION,79,556520,AK,37,30644.23,0.00,45912,1930142,1934547.11
TXN000917,20251128,ACC000000917,39,HYD,981666,20260225,810573,REV,48000502,N,AUTO-GENERATED TRANSACTION,93,556508,MT,36,21148.31,0.00,45273,2283878,2277991.83
TXN000918,20251111,ACC000000918,77,MUM,594587,20260225,810258,POST,48000531,Y,AUTO-GENERATED TRANSACTION,65,556516,AK,36,-39264.97,0.00,45820,1973824,1930344.70
TXN000919,20250508,ACC000000919,52,DEL,387944,20260225,810437,REV,48000401,Y,AUTO-GENERATED TRANSACTION,97,556574,VP,1,-43858.18,0.00,45325,1863620,1900678.90
TXN000920,20250507,ACC000000920,18,CHE,974031,20260225,810546,REV,48000672,Y,AUTO-GENERATED TRANSACTION,22,556509,VP,21,43957.08,0.00,45446,2039239,2079591.70
TXN000221,20250708,ACC000000221,45,MUM,976490,20260225,810450,POST,48000307,Y,AUTO-GENERATED TRANSACTION,91,556546,VP,31,-41316.69,0.00,45705,1700358,1660626.78
TXN000922,20251130,ACC000000922,13,HYD,820009,20260225,810140,REV,48000688,Y,AUTO-GENERATED TRANSACTION,15,556503,AK,28,-738.32,0.00,45211,1304211,1267952.31
TXN000923,20250411,ACC000000923,54,MUM,146990,20260225,810682,ADJ,48000513,Y,AUTO-GENERATED TRANSACTION,83,556581,VP,28,23826.10,0.00,45086,2409445,2396346.49
TXN000924,20250407,ACC000000924,28,DEL,334451,20260225,810005,ADJ,48000887,Y,AUTO-GENERATED TRANSACTION,79,556531,MT,5,19762.19,0.00,45085,1621523,1589752.33
TXN000925,20251011,ACC000000925,88,CHE,579609,20260225,810010,REV,48000789,Y,AUTO-GENERATED TRANSACTION,87,556518,AK,13,23651.11,0.00,45582,1631642,1592213.88
TXN000926,20250920,ACC000000926,35,HYD,387032,20260225,810853,POST,48000030,Y,AUTO-GENERATED TRANSACTION,74,556580,RS,29,8187.71,0.00,45786,2869668,2820304.47
TXN000927,20251110,ACC000000927,36,CHE,280176,20260225,810118,POST,48000915,Y,AUTO-GENERATED TRANSACTION,83,556559,MT,5,-30867.41,0.00,45471,1211099,1233871.12
TXN000928,20250127,ACC000000928,95,MUM,164776,20260225,810432,REV,48000503,N,AUTO-GENERATED TRANSACTION,92,556583,AK,12,28569.82,0.00,45473,1182264,1161863.87
TXN000724,20250909,ACC000000724,30,HYD,929617,20260225,810885,ADJ,48000620,N,AUTO-GENERATED TRANSACTION,50,556532,VP,27,7404.86,0.00,45769,1738816,1709057.51
TXN000930,20250117,ACC000000930,44,PUN,604514,20260225,810158,REV,48000618,N,AUTO-GENERATED TRANSACTION,34,556536,AK,4,-47089.01,0.00,45432,1333235,1321641.28
TXN000931,20250712,ACC000000931,41,CHE,263503,20260225,810694,POST,48000524,Y,AUTO-GENERATED TRANSACTION,68,556512,AK,18,-42563.69,0.00,45182,2947143,2972231.70
TXN000932,20251025,ACC000000932,74,PUN,960933,20260225,810755,REV,48000906,N,AUTO-GENERATED TRANSACTION,50,556574,AK,23,-11364.45,0.00,45200,1919506,1910649.01
TXN000933,20250713,ACC000000933,66,PUN,956533,20260225,810731,POST,48000135,Y,AUTO-GENERATED TRANSACTION,13,556510,RS,14,44383.15,0.00,45827,1783386,1768709.85
TXN000934,20250518,ACC000000934,54,DEL,545215,20260225,810889,POST,48000839,Y,AUTO-GENERATED TRANSACTION,20,556575,VP,32,39891.13,0.00,45758,1326846,1338781.82
TXN000935,20250208,ACC000000935,39,DEL,284811,20260225,810490,REV,48000210,Y,AUTO-GENERATED TRANSACTION,92,556548,VP,5,36786.88,0.00,45724,2994725,2989436.99
TXN000936,20250217,ACC000000936,94,DEL,107635,20260225,810491,ADJ,48000184,Y,AUTO-GENERATED TRANSACTION,79,556508,MT,19,9864.79,0.00,45818,2686092,2725044.48
TXN000937,20250121,ACC000000937,60,DEL,449216,20260225,810011,ADJ,48000119,Y,AUTO-GENERATED TRANSACTION,42,556555,VP,23,25363.23,0.00,45309,2423501,2460780.30
TXN000938,20250204,ACC000000938,53,CHE,155832,20260225,810929,REV,48000322,Y,AUTO-GENERATED TRANSACTION,25,556524,MT,37,-33688.37,0.00,45161,1937136,1904789.51
TXN000939,20250628,ACC000000939,87,HYD,985766,20260225,810486,REV,48000288,N,AUTO-GENERATED TRANSACTION,30,556505,VP,32,9103.54,0.00,45557,1801447,1839494.80
TXN000940,20250919,ACC000000940,84,DEL,572767,20260225,810874,ADJ,48000066,Y,AUTO-GENERATED TRANSACTION,79,556583,VP,33,-36411.07,0.00,45625,2601626,2603293.58
TXN000941,20250215,ACC000000941,65,CHE,802243,20260225,810321,REV,48000299,Y,AUTO-GENERATED TRANSACTION,45,556567,VP,35,48674.27,0.00,45997,1054869,1088607.57
TXN000942,20250930,ACC000000942,46,HYD,313946,20260225,810405,ADJ,48000890,N,AUTO-GENERATED TRANSACTION,92,556539,MT,2,-37803.56,0.00,45859,2943947,2975119.49
TXN000943,20251114,ACC000000943,78,PUN,703156,20260225,810881,REV,48000761,N,AUTO-GENERATED TRANSACTION,57,556591,MT,22,-47261.85,0.00,45161,1380921,1383618.38
TXN000944,20250430,ACC000000944,57,DEL,559053,20260225,810188,ADJ,48000817,N,AUTO-GENERATED TRANSACTION,95,556573,RS,29,38017.91,0.00,45261,1538093,1516337.82
TXN000945,20250828,ACC000000945,94,HYD,631399,20260225,810910,REV,48000801,Y,AUTO-GENERATED TRANSACTION,92,556588,MT,34,38264.88,0.00,45369,2468454,2491541.50
TXN000946,20250907,ACC000000946,70,HYD,105816,20260225,810503,REV,48000370,Y,AUTO-GENERATED TRANSACTION,15,556547,VP,15,27476.54,0.00,45770,2206354,2175533.12
TXN000947,20250629,ACC000000947,71,MUM,186604,20260225,810855,ADJ,48000364,Y,AUTO-GENERATED TRANSACTION,71,556593,AK,36,30038.69,0.00,45101,2287491,2315643.94
TXN000948,20251024,ACC000000948,38,PUN,448430,20260225,810198,POST,48000397,Y,AUTO-GENERATED TRANSACTION,47,556587,RS,5,42898.27,0.00,45653,1126723,1082192.20
TXN000949,20250901,ACC000000949,25,HYD,557258,20260225,810763,POST,48000188,N,AUTO-GENERATED TRANSACTION,67,556533,MT,13,-22671.66,0.00,45296,1406746,1441600.77
TXN000950,20250628,ACC000000950,30,PUN,166154,20260225,810977,ADJ,48000372,N,AUTO-GENERATED TRANSACTION,86,556548,MT,23,23625.55,0.00,45084,2829221,2852677.75
TXN000951,20250816,ACC000000951,34,HYD,846641,20260225,810873,ADJ,48000363,Y,AUTO-GENERATED TRANSACTION,84,556516,VP,24,-15806.31,0.00,45489,2530744,2547546.00
TXN000952,20251115,ACC000000952,70,HYD,232377,20260225,810585,POST,48000368,Y,AUTO-GENERATED TRANSACTION,70,556592,AK,22,-32502.41,0.00,45036,2075154,2036741.57
TXN000953,20250304,ACC000000953,20,HYD,994231,20260225,810346,ADJ,48000565,Y,AUTO-GENERATED TRANSACTION,48,556535,VP,14,18252.92,0.00,45108,1750956,1705865.95
TXN000954,20250115,ACC000000954,40,PUN,398660,20260225,810233,ADJ,48000429,Y,AUTO-GENERATED TRANSACTION,97,556571,RS,14,49454.94,0.00,45895,2198789,2180013.06
TXN000955,20250925,ACC000000955,13,DEL,762709,20260225,810229,POST,48000381,N,AUTO-GENERATED TRANSACTION,36,556515,AK,12,-18417.68,0.00,45856,2640092,2638777.15
TXN000956,20250816,ACC000000956,96,PUN,378912,20260225,810193,REV,48000667,N,AUTO-GENERATED TRANSACTION,32,556595,AK,20,40467.47,0.00,45650,1994205,1999401.62
TXN000957,20250923,ACC000000957,57,DEL,956669,20260225,810024,POST,48000842,N,AUTO-GENERATED TRANSACTION,51,556537,AK,32,37356.67,0.00,45327,2186159,2151565.71
TXN000958,20251217,ACC000000958,52,DEL,215382,20260225,810817,ADJ,48000576,Y,AUTO-GENERATED TRANSACTION,64,556559,MT,32,33301.69,0.00,45526,1988194,2028174.58
TXN000959,20250503,ACC000000959,50,DEL,996955,20260225,810330,ADJ,48000627,Y,AUTO-GENERATED TRANSACTION,51,556590,VP,38,-23619.41,0.00,45955,1704794,1685324.79
TXN000960,20251222,ACC000000960,84,CHE,567663,20260225,810701,REV,48000337,N,AUTO-GENERATED TRANSACTION,82,556579,VP,33,-40541.22,0.00,45403,2067215,2091651.27
TXN000961,20251112,ACC000000961,69,MUM,329929,20260225,810090,POST,48000696,N,AUTO-GENERATED TRANSACTION,90,556533,VP,33,-8177.82,0.00,45784,1730761,1747273.78
TXN000962,20250225,ACC000000962,60,MUM,679804,20260225,810849,REV,48000431,Y,AUTO-GENERATED TRANSACTION,67,556596,RS,18,-34093.01,0.00,45080,1177770,1133078.50
TXN000963,20260101,ACC000000963,31,DEL,930396,20260225,810850,ADJ,48000746,Y,AUTO-GENERATED TRANSACTION,98,556565,AK,26,-48415.67,0.00,45516,2577833,2541194.06
TXN000964,20250601,ACC000000964,84,PUN,461843,20260225,810981,POST,48000884,Y,AUTO-GENERATED TRANSACTION,96,556517,MT,35,-26887.58,0.00,45294,2197956,2208984.78
TXN000965,20251007,ACC000000965,69,HYD,375499,20260225,810204,REV,48000076,N,AUTO-GENERATED TRANSACTION,58,556573,AK,26,-15775.68,0.00,45344,2616601,2582864.90
TXN000633,20251231,ACC000000633,60,PUN,157546,20260225,810265,REV,48000166,N,AUTO-GENERATED TRANSACTION,51,556594,AK,34,-27006.79,0.00,45272,2505728,2469673.63
TXN000967,20251016,ACC000000967,67,MUM,347462,20260225,810379,REV,48000208,Y,AUTO-GENERATED TRANSACTION,19,556512,MT,5,-392.24,0.00,45053,2114851,2108435.17
TXN000968,20250820,ACC000000968,49,PUN,317345,20260225,810457,POST,48000662,N,AUTO-GENERATED TRANSACTION,90,556596,VP,32,12288.66,0.00,45648,2876247,2870456.37
TXN000969,20250619,ACC000000969,78,DEL,560514,20260225,810640,ADJ,48000975,N,AUTO-GENERATED TRANSACTION,75,556531,AK,9,15682.41,0.00,45654,1123023,1096575.97
TXN000970,20250425,ACC000000970,33,PUN,633449,20260225,810515,POST,48000374,N,AUTO-GENERATED TRANSACTION,52,556584,AK,33,-4389.62,0.00,45702,1795898,1799109.78
TXN000971,20251112,ACC000000971,71,PUN,342444,20260225,810313,REV,48000825,N,AUTO-GENERATED TRANSACTION,70,556571,VP,2,-15281.13,0.00,45395,2531386,2503665.23
TXN000972,20250302,ACC000000972,65,MUM,777771,20260225,810404,POST,48000004,N,AUTO-GENERATED TRANSACTION,20,556546,RS,38,351.09,0.00,45405,2423872,2388191.25
TXN000973,20251001,ACC000000973,75,HYD,304363,20260225,810759,ADJ,48000888,Y,AUTO-GENERATED TRANSACTION,48,556548,AK,13,26816.15,0.00,45496,1130944,1139899.10
TXN000974,20250916,ACC000000974,75,HYD,879988,20260225,810719,POST,48000663,N,AUTO-GENERATED TRANSACTION,13,556522,MT,12,17718.82,0.00,45812,1518949,1527425.76
TXN000975,20250311,ACC000000975,43,MUM,206237,20260225,810996,POST,48000961,N,AUTO-GENERATED TRANSACTION,29,556582,MT,20,-36993.65,0.00,45628,1491904,1455776.84
TXN000976,20250317,ACC000000976,58,PUN,852734,20260225,810324,ADJ,48000441,Y,AUTO-GENERATED TRANSACTION,68,556575,VP,3,-13952.27,0.00,45196,2672694,2703549.86
TXN000977,20250214,ACC000000977,22,HYD,896291,20260225,810463,POST,48000215,Y,AUTO-GENERATED TRANSACTION,39,556516,MT,30,-17847.41,0.00,45259,2161843,2142509.43
TXN000978,20250615,ACC000000978,34,PUN,813752,20260225,810375,REV,48000359,N,AUTO-GENERATED TRANSACTION,12,556538,VP,38,1766.30,0.00,45480,1669979,1647119.62
TXN000979,20250407,ACC000000979,92,CHE,893719,20260225,810633,REV,48000202,Y,AUTO-GENERATED TRANSACTION,21,556584,AK,21,-25162.26,0.00,45571,1808112,1786662.70
TXN000980,20251020,ACC000000980,23,CHE,393503,20260225,810533,ADJ,48000544,N,AUTO-GENERATED TRANSACTION,87,556579,AK,5,-22305.41,0.00,45934,1419853,1409831.63
TXN000981,20250108,ACC000000981,58,DEL,214572,20260225,810891,REV,48000605,N,AUTO-GENERATED TRANSACTION,60,556550,VP,31,-14002.08,0.00,45983,1897389,1917449.05
TXN000982,20250206,ACC000000982,49,DEL,138260,20260225,810281,POST,48000970,Y,AUTO-GENERATED TRANSACTION,52,556559,AK,12,-25513.60,0.00,45599,2082082,2129510.68
TXN000983,20250601,ACC000000983,94,CHE,147305,20260225,810695,ADJ,48000710,N,AUTO-GENERATED TRANSACTION,74,556531,AK,28,17086.25,0.00,45736,2088974,2053782.25
TXN000984,20251030,ACC000000984,45,MUM,195192,20260225,810703,ADJ,48000051,N,AUTO-GENERATED TRANSACTION,78,556594,AK,12,18837.88,0.00,45631,1198111,1203734.57
TXN000985,20250311,ACC000000985,79,HYD,976367,20260225,810673,REV,48000091,Y,AUTO-GENERATED TRANSACTION,49,556582,MT,20,-43061.15,0.00,45678,1157574,1139798.66
TXN000986,20260101,ACC000000986,54,CHE,923863,20260225,810867,POST,48000893,N,AUTO-GENERATED TRANSACTION,90,556518,MT,38,40243.00,0.00,45352,1163918,1149392.19
TXN000987,20250918,ACC000000987,26,MUM,990145,20260225,810145,REV,48000179,N,AUTO-GENERATED TRANSACTION,80,556517,VP,9,21642.98,0.00,45173,2727408,2776453.20
TXN000988,20251129,ACC000000988,24,DEL,732187,20260225,810923,REV,48000220,Y,AUTO-GENERATED TRANSACTION,78,556541,AK,33,-1835.07,0.00,45987,1560957,1518149.43
TXN000989,20251022,ACC000000989,41,PUN,837276,20260225,810098,POST,48000647,Y,AUTO-GENERATED TRANSACTION,77,556563,AK,26,34821.22,0.00,45046,2154251,2183475.21
TXN000990,20250110,ACC000000990,17,DEL,458421,20260225,810282,POST,48000498,Y,AUTO-GENERATED TRANSACTION,41,556524,AK,32,38096.54,0.00,45877,2210431,2201632.63
TXN000637,20251209,ACC000000637,15,MUM,421182,20260225,810102,REV,48000180,Y,AUTO-GENERATED TRANSACTION,53,556578,MT,21,49356.96,0.00,45380,1280159,1239085.08
TXN000992,20250305,ACC000000992,72,DEL,700810,20260225,810838,REV,48000801,Y,AUTO-GENERATED TRANSACTION,91,556581,AK,21,33379.70,0.00,45375,1557235,1565865.99
TXN000993,20250501,ACC000000993,34,DEL,881100,20260225,810730,POST,48000942,Y,AUTO-GENERATED TRANSACTION,25,556573,MT,40,33976.79,0.00,45007,1518963,1535230.54
TXN000994,20250901,ACC000000994,72,DEL,365721,20260225,810835,POST,48000343,N,AUTO-GENERATED TRANSACTION,84,556566,VP,33,29003.05,0.00,45146,1956528,1920342.55
TXN000995,20250418,ACC000000995,86,DEL,908159,20260225,810085,POST,48000841,Y,AUTO-GENERATED TRANSACTION,83,556533,MT,38,-21238.27,0.00,45937,2115816,2150909.27
TXN000996,20250518,ACC000000996,90,DEL,455167,20260225,810690,ADJ,48000480,Y,AUTO-GENERATED TRANSACTION,83,556517,MT,37,-37037.39,0.00,45510,2719109,2757965.36
TXN000997,20250517,ACC000000997,92,DEL,439290,20260225,810987,POST,48000841,Y,AUTO-GENERATED TRANSACTION,79,556563,AK,18,19451.81,0.00,45875,2477769,2428880.54
TXN000998,20250712,ACC000000998,67,DEL,786311,20260225,810134,REV,48000052,N,AUTO-GENERATED TRANSACTION,90,556554,VP,23,-16602.34,0.00,45139,1841427,1876680.34
TXN000999,20250829,ACC000000999,97,HYD,829009,20260225,810882,POST,48000858,Y,AUTO-GENERATED TRANSACTION,95,556551,MT,1,-9885.86,0.00,45959,2085269,2090743.32
TXN001000,20250303,ACC000001000,54,HYD,380495,20260225,810698,ADJ,48000130,Y,AUTO-GENERATED TRANSACTION,60,556505,RS,5,18328.36,0.00,45870,1378538,1361543.62
